日期,股票代码,开盘,收盘,最高,最低,成交量,成交额,振幅,涨跌幅,涨跌额,换手率
2007-12-21,002199,22.0,23.81,24.2,22.0,87492,203690436.44,25.0,170.57,15.01,68.35
2007-12-24,002199,23.35,24.83,25.48,22.88,60954,148565938.77,10.92,4.28,1.02,47.62
2007-12-25,002199,24.38,24.45,25.0,23.8,28511,69478955.39,4.83,-1.53,-0.38,22.27
2007-12-26,002199,24.49,24.87,25.3,24.49,18887,47007727.69,3.31,1.72,0.42,14.76
2007-12-27,002199,25.48,25.3,26.11,25.0,23662,60369602.28,4.46,1.73,0.43,18.49
2007-12-28,002199,25.5,25.5,25.88,25.08,13806,35093062.83,3.16,0.79,0.2,10.79
2008-01-02,002199,26.2,25.74,26.28,25.51,12436,32168537.18,3.02,0.94,0.24,9.72
2008-01-03,002199,26.1,26.86,27.4,25.72,16023,42313733.71,6.53,4.35,1.12,12.52
2008-01-04,002199,26.85,26.9,27.24,26.55,11954,32107861.27,2.57,0.15,0.04,9.34
2008-01-07,002199,27.2,26.1,27.2,25.81,11244,29691630.62,5.17,-2.97,-0.8,8.78
2008-01-08,002199,26.25,25.8,26.5,25.34,10522,27324739.76,4.44,-1.15,-0.3,8.22
2008-01-09,002199,26.15,26.14,26.38,25.7,6322,16447376.94,2.64,1.32,0.34,4.94
2008-01-10,002199,26.41,25.67,26.43,25.51,7328,18963886.94,3.52,-1.8,-0.47,5.73
2008-01-11,002199,25.8,25.87,26.1,25.0,8070,20541624.61,4.29,0.78,0.2,6.3
2008-01-14,002199,27.86,26.71,28.46,26.05,10754,28861013.04,9.32,3.25,0.84,8.4
2008-01-15,002199,26.99,26.82,26.99,26.35,8248,21930672.78,2.4,0.41,0.11,6.44
2008-01-16,002199,26.99,27.76,28.5,26.71,21602,59961534.94,6.67,3.5,0.94,16.88
2008-01-17,002199,28.1,27.78,28.49,26.0,13156,36165192.21,8.97,0.07,0.02,10.28
2008-01-18,002199,28.4,29.08,29.2,27.98,16630,47927310.46,4.39,4.68,1.3,12.99
2008-01-21,002199,29.8,27.6,29.8,27.21,9762,27481310.08,8.91,-5.09,-1.48,7.63
2008-01-22,002199,27.4,25.09,27.47,24.84,9041,23419010.5,9.53,-9.09,-2.51,7.06
2008-01-23,002199,25.88,26.0,26.0,24.5,8044,20581896.01,5.98,3.63,0.91,6.28
2008-01-24,002199,26.55,26.6,27.0,25.58,7351,19335389.03,5.46,2.31,0.6,5.74
2008-01-25,002199,26.57,25.75,26.6,25.72,4135,10755294.04,3.31,-3.2,-0.85,3.23
2008-01-28,002199,25.31,23.18,25.48,23.18,7343,17485569.61,8.93,-9.98,-2.57,5.74
2008-01-29,002199,24.0,23.23,24.0,22.83,3029,7071003.77,5.05,0.22,0.05,2.37
2008-01-30,002199,23.47,24.27,24.31,23.43,5498,13151141.32,3.79,4.48,1.04,4.3
2008-01-31,002199,24.87,23.98,24.87,23.73,2166,5228854.66,4.7,-1.19,-0.29,1.69
2008-02-01,002199,23.89,21.97,23.96,21.68,4111,9229173.25,9.51,-8.38,-2.01,3.21
2008-02-04,002199,22.48,23.66,23.87,22.28,3527,8141423.37,7.24,7.69,1.69,2.76
2008-02-05,002199,23.43,23.2,23.66,22.8,3442,7986365.57,3.63,-1.94,-0.46,2.69
2008-02-13,002199,22.81,23.02,23.38,22.55,1602,3681846.54,3.58,-0.78,-0.18,1.25
2008-02-14,002199,23.32,23.5,23.57,23.15,2153,5029599.4,1.82,2.09,0.48,1.68
2008-02-15,002199,23.23,23.18,23.3,22.9,3198,7370345.49,1.7,-1.36,-0.32,2.5
2008-02-18,002199,23.42,23.6,23.88,23.11,4145,9814131.17,3.32,1.81,0.42,3.24
2008-02-19,002199,23.69,24.13,24.18,23.6,4310,10351972.84,2.46,2.25,0.53,3.37
2008-02-20,002199,24.5,24.12,25.26,24.1,4576,11167563.98,4.81,-0.04,-0.01,3.57
2008-02-21,002199,24.35,24.57,24.8,23.84,4731,11535561.0,3.98,1.87,0.45,3.7
2008-02-22,002199,24.75,24.05,24.75,23.81,3533,8559535.72,3.83,-2.12,-0.52,2.76
2008-02-25,002199,24.5,22.99,24.51,22.82,3134,7319798.6,7.03,-4.41,-1.06,2.45
2008-02-26,002199,23.77,22.99,23.77,22.46,2661,6108908.83,5.7,0.0,0.0,2.08
2008-02-27,002199,23.0,23.33,23.57,22.99,2683,6254339.43,2.52,1.48,0.34,2.1
2008-02-28,002199,23.49,23.93,24.12,23.1,2917,6924111.39,4.37,2.57,0.6,2.28
2008-02-29,002199,24.3,24.28,24.3,23.85,3947,9512394.02,1.88,1.46,0.35,3.08
2008-03-03,002199,24.3,24.52,24.69,24.0,5286,12908580.87,2.84,0.99,0.24,4.13
2008-03-04,002199,24.68,24.11,24.68,23.91,4974,12080827.65,3.14,-1.67,-0.41,3.89
2008-03-05,002199,23.91,23.65,24.18,23.2,3117,7348353.12,4.06,-1.91,-0.46,2.44
2008-03-06,002199,23.49,23.85,23.95,23.3,3431,8130025.66,2.75,0.85,0.2,2.68
2008-03-07,002199,23.52,23.53,23.79,23.0,3860,9030187.35,3.31,-1.34,-0.32,3.02
2008-03-10,002199,23.57,22.72,23.57,22.7,4580,10534448.22,3.7,-3.44,-0.81,3.58
2008-03-11,002199,22.22,23.23,23.23,22.22,5200,11853159.42,4.45,2.24,0.51,4.06
2008-03-12,002199,23.55,22.6,23.55,22.58,3539,8122030.04,4.18,-2.71,-0.63,2.76
2008-03-13,002199,22.45,21.95,22.45,21.7,3454,7581537.17,3.32,-2.88,-0.65,2.7
2008-03-14,002199,21.72,22.18,22.44,21.72,4097,8991941.45,3.28,1.05,0.23,3.2
2008-03-17,002199,22.0,22.48,22.78,21.82,5272,11741425.35,4.33,1.35,0.3,4.12
2008-03-18,002199,22.5,23.06,23.45,21.22,21151,48309129.05,9.92,2.58,0.58,16.52
2008-03-19,002199,23.08,24.5,24.98,21.01,34674,81551741.72,17.22,6.24,1.44,27.09
2008-03-20,002199,23.89,23.56,24.8,22.2,23428,56225914.5,10.61,-3.84,-0.94,18.3
2008-03-21,002199,22.52,24.98,25.9,22.35,46703,112480098.42,15.07,6.03,1.42,29.19
2008-03-24,002199,24.9,24.83,25.89,24.41,34222,85996233.92,5.92,-0.6,-0.15,21.39
2008-03-25,002199,24.6,25.25,25.38,23.5,20101,49300533.04,7.57,1.69,0.42,12.56
2008-03-26,002199,25.0,24.04,25.38,24.04,15345,37616393.46,5.31,-4.79,-1.21,9.59
2008-03-27,002199,23.9,21.64,23.9,21.64,15636,35066585.19,9.4,-9.98,-2.4,9.77
2008-03-28,002199,21.12,20.33,21.12,19.48,18819,37965172.69,7.58,-6.05,-1.31,11.76
2008-03-31,002199,20.0,18.31,20.0,18.3,15001,28121284.68,8.36,-9.94,-2.02,9.38
2008-04-01,002199,17.96,16.48,17.96,16.48,15534,26216752.79,8.08,-9.99,-1.83,9.71
2008-04-02,002199,16.82,16.6,17.2,15.82,17012,28371429.57,8.37,0.73,0.12,10.63
2008-04-03,002199,16.65,16.95,17.2,16.3,9556,16111067.44,5.42,2.11,0.35,5.97
2008-04-07,002199,16.78,17.9,17.95,16.36,16073,27910764.21,9.38,5.6,0.95,10.05
2008-04-08,002199,17.8,18.15,18.2,17.45,15608,27929800.49,4.19,1.4,0.25,9.76
2008-04-09,002199,17.9,16.35,18.1,16.35,15680,27170075.89,9.64,-9.92,-1.8,9.8
2008-04-10,002199,15.88,16.3,16.35,15.2,9645,15302302.12,7.03,-0.31,-0.05,6.03
2008-04-11,002199,16.27,16.69,16.9,16.01,8765,14538625.83,5.46,2.39,0.39,5.48
2008-04-14,002199,16.2,15.03,16.4,15.02,8558,13268280.36,8.27,-9.95,-1.66,5.35
2008-04-15,002199,15.04,15.41,15.42,14.63,7217,10796461.71,5.26,2.53,0.38,4.51
2008-04-16,002199,15.28,15.0,15.35,14.8,5009,7545277.26,3.57,-2.66,-0.41,3.13
2008-04-17,002199,14.84,14.38,15.32,14.26,5370,7912718.58,7.07,-4.13,-0.62,3.36
2008-04-18,002199,14.36,13.11,14.51,13.0,6433,8816531.07,10.5,-8.83,-1.27,4.02
2008-04-22,002199,12.9,12.88,12.98,12.1,6776,8440498.74,6.71,-1.75,-0.23,4.23
2008-04-23,002199,12.75,13.39,13.5,12.51,6839,8960379.85,7.69,3.96,0.51,4.27
2008-04-24,002199,14.68,14.73,14.73,14.0,17527,25467033.9,5.45,10.01,1.34,10.95
2008-04-25,002199,14.65,14.8,15.45,14.31,12367,18495743.35,7.74,0.48,0.07,7.73
2008-04-28,002199,14.51,14.35,14.7,14.13,6615,9531670.63,3.85,-3.04,-0.45,4.13
2008-04-29,002199,14.25,14.56,14.6,14.25,4842,7007540.19,2.44,1.46,0.21,3.03
2008-04-30,002199,14.6,15.1,15.1,14.5,8054,12014448.61,4.12,3.71,0.54,5.03
2008-05-05,002199,15.2,15.49,15.49,14.9,10175,15494642.65,3.91,2.58,0.39,6.36
2008-05-06,002199,15.35,14.9,15.35,14.81,10049,15068742.4,3.49,-3.81,-0.59,6.28
2008-05-07,002199,14.81,14.11,14.99,14.11,6844,9998931.07,5.91,-5.3,-0.79,4.28
2008-05-08,002199,14.01,14.34,14.4,13.8,6927,9739421.81,4.25,1.63,0.23,4.33
2008-05-09,002199,14.45,14.37,14.82,14.1,7912,11476250.33,5.02,0.21,0.03,4.95
2008-05-12,002199,14.3,14.81,14.96,13.87,6774,9784012.81,7.59,3.06,0.44,4.23
2008-05-13,002199,14.2,15.1,15.26,14.11,10020,14778751.49,7.77,1.96,0.29,6.26
2008-05-14,002199,14.99,16.13,16.46,14.95,20298,31968651.14,10.0,6.82,1.03,12.69
2008-05-15,002199,16.2,16.84,17.25,16.13,24727,41268091.41,6.94,4.4,0.71,15.45
2008-05-16,002199,16.65,16.03,16.84,15.8,11280,18231999.36,6.18,-4.81,-0.81,7.05
2008-05-19,002199,15.88,15.8,16.13,15.48,3916,6151009.66,4.05,-1.43,-0.23,2.45
2008-05-20,002199,15.8,14.6,15.95,14.52,5093,7755187.18,9.05,-7.59,-1.2,3.18
2008-05-21,002199,14.5,14.68,14.84,13.9,6195,8809507.15,6.44,0.55,0.08,3.87
2008-05-22,002199,14.57,15.25,15.35,14.27,6650,9880819.95,7.36,3.88,0.57,4.16
2008-05-23,002199,15.6,14.95,15.6,14.62,5992,9026680.48,6.43,-1.97,-0.3,3.75
2008-05-26,002199,15.05,14.53,15.05,14.3,2636,3841689.67,5.02,-2.81,-0.42,1.65
2008-05-27,002199,14.8,14.6,14.8,14.35,2089,3037238.54,3.1,0.48,0.07,1.31
2008-05-28,002199,14.7,15.37,15.39,14.52,10226,15530388.19,5.96,5.27,0.77,6.39
2008-05-29,002199,15.4,15.17,15.47,15.0,5179,7853696.27,3.06,-1.3,-0.2,3.24
2008-05-30,002199,15.24,15.88,15.9,15.03,9022,13991613.94,5.74,4.68,0.71,5.64
2008-06-02,002199,16.0,16.12,16.58,15.89,15167,24444343.36,4.35,1.51,0.24,9.48
2008-06-03,002199,16.5,16.43,16.87,16.2,20543,33934746.75,4.16,1.92,0.31,12.84
2008-06-04,002199,16.88,16.78,16.97,16.45,18351,30638371.44,3.16,2.13,0.35,11.47
2008-06-05,002199,17.5,17.76,18.39,16.85,34334,60387789.35,9.18,5.84,0.98,21.46
2008-06-06,002199,17.7,16.12,17.7,16.0,23020,38540085.25,9.57,-9.23,-1.64,14.39
2008-06-10,002199,15.2,14.51,15.2,14.51,9464,13903139.3,4.28,-9.99,-1.61,5.91
2008-06-11,002199,13.8,13.45,14.05,13.06,11639,15732992.57,6.82,-7.31,-1.06,7.27
2008-06-12,002199,13.02,13.89,13.95,12.99,10492,14064620.73,7.14,3.27,0.44,6.56
2008-06-13,002199,13.83,13.3,14.06,13.21,5235,7125847.26,6.12,-4.25,-0.59,3.27
2008-06-16,002199,13.35,13.1,13.65,12.81,4842,6373131.46,6.32,-1.5,-0.2,3.03
2008-06-17,002199,13.3,13.61,14.05,13.2,12117,16510811.07,6.49,3.89,0.51,7.57
2008-06-18,002199,13.35,14.5,14.89,12.4,18178,25435025.94,18.3,6.54,0.89,11.36
2008-06-19,002199,14.1,13.05,14.75,13.05,11801,16405751.51,11.72,-10.0,-1.45,7.38
2008-06-20,002199,13.35,13.23,13.9,12.41,7120,9454624.1,11.42,1.38,0.18,4.45
2008-06-23,002199,12.93,12.35,13.26,12.28,4792,6105270.36,7.41,-6.65,-0.88,2.99
2008-06-24,002199,12.35,12.36,12.56,11.63,6055,7323994.96,7.53,0.08,0.01,3.78
2008-06-25,002199,12.3,12.9,13.0,12.12,5913,7538999.91,7.12,4.37,0.54,3.7
2008-06-26,002199,12.9,13.1,13.45,12.7,6190,8101787.75,5.81,1.55,0.2,3.87
2008-06-27,002199,12.76,11.95,12.9,11.9,7261,8932828.66,7.63,-8.78,-1.15,4.54
2008-06-30,002199,11.95,12.05,12.28,11.8,1989,2379994.5,4.02,0.84,0.1,1.24
2008-07-01,002199,12.0,11.97,12.2,11.89,1816,2180237.82,2.57,-0.66,-0.08,1.14
2008-07-02,002199,12.28,12.36,12.5,12.08,3016,3717427.51,3.51,3.26,0.39,1.88
2008-07-03,002199,12.26,12.75,13.04,11.9,5935,7443123.96,9.22,3.16,0.39,3.71
2008-07-04,002199,12.73,12.47,12.8,12.4,3669,4622726.51,3.14,-2.2,-0.28,2.29
2008-07-07,002199,12.5,13.1,13.18,12.47,6156,7936527.62,5.69,5.05,0.63,3.85
2008-07-08,002199,13.19,13.13,13.19,12.81,5367,6979086.89,2.9,0.23,0.03,3.35
2008-07-09,002199,13.13,13.49,13.51,13.1,6478,8621025.89,3.12,2.74,0.36,4.05
2008-07-10,002199,13.15,13.15,13.58,13.13,6043,8072934.51,3.34,-2.52,-0.34,3.78
2008-07-11,002199,13.15,12.99,13.2,12.77,4931,6386388.99,3.27,-1.22,-0.16,3.08
2008-07-14,002199,12.88,13.25,13.25,12.8,3224,4228890.29,3.46,2.0,0.26,2.02
2008-07-15,002199,13.39,13.03,13.57,12.96,3976,5236603.6,4.6,-1.66,-0.22,2.49
2008-07-16,002199,12.81,12.3,13.03,12.05,3705,4651931.84,7.52,-5.6,-0.73,2.32
2008-07-17,002199,12.6,12.26,12.6,12.21,2611,3243371.12,3.17,-0.33,-0.04,1.63
2008-07-18,002199,12.3,12.66,12.8,12.11,2456,3074903.26,5.63,3.26,0.4,1.53
2008-07-21,002199,12.33,13.1,13.15,12.33,3767,4871171.77,6.48,3.48,0.44,2.35
2008-07-22,002199,13.1,13.19,13.26,13.02,4875,6412202.4,1.83,0.69,0.09,3.05
2008-07-23,002199,13.18,13.26,13.47,13.0,6106,8102954.24,3.56,0.53,0.07,3.82
2008-07-24,002199,13.27,13.45,13.46,13.21,6083,8139997.77,1.89,1.43,0.19,3.8
2008-07-25,002199,13.43,13.35,13.43,13.14,4596,6089391.88,2.16,-0.74,-0.1,2.87
2008-07-28,002199,13.43,13.59,13.59,13.2,4474,6030605.13,2.92,1.8,0.24,2.8
2008-07-29,002199,13.4,13.4,13.5,13.26,4001,5351288.26,1.77,-1.4,-0.19,2.5
2008-07-30,002199,13.49,13.28,13.67,13.2,3838,5155980.0,3.51,-0.9,-0.12,2.4
2008-07-31,002199,13.47,12.9,13.47,12.86,3582,4682125.96,4.59,-2.86,-0.38,2.24
2008-08-01,002199,12.9,12.97,13.07,12.5,2992,3818831.56,4.42,0.54,0.07,1.87
2008-08-04,002199,12.89,13.14,13.2,12.76,4397,5758063.6,3.39,1.31,0.17,2.75
2008-08-05,002199,13.28,13.57,13.74,13.0,10391,13982993.15,5.63,3.27,0.43,6.49
2008-08-06,002199,13.58,13.7,13.86,13.33,11746,16017894.19,3.91,0.96,0.13,7.34
2008-08-07,002199,13.6,13.57,13.94,13.39,7958,10911740.4,4.01,-0.95,-0.13,4.97
2008-08-08,002199,13.69,12.22,13.81,12.21,9111,11768792.58,11.79,-9.95,-1.35,5.69
2008-08-11,002199,12.01,11.0,12.2,11.0,5129,5855241.97,9.82,-9.98,-1.22,3.21
2008-08-12,002199,10.88,10.78,11.17,10.65,1857,2003243.02,4.73,-2.0,-0.22,1.16
2008-08-13,002199,10.78,10.63,10.8,10.12,3258,3414872.32,6.31,-1.39,-0.15,2.04
2008-08-14,002199,10.32,10.68,10.76,10.32,2061,2194687.5,4.14,0.47,0.05,1.29
2008-08-15,002199,10.59,10.62,10.78,10.47,2439,2596151.35,2.9,-0.56,-0.06,1.52
2008-08-18,002199,10.54,9.74,10.56,9.74,3536,3566036.42,7.72,-8.29,-0.88,2.21
2008-08-19,002199,9.61,9.75,9.98,9.5,2535,2466320.78,4.93,0.1,0.01,1.58
2008-08-20,002199,9.6,10.73,10.73,9.5,5707,5994196.9,12.62,10.05,0.98,3.57
2008-08-21,002199,11.08,10.75,11.08,10.55,6070,6555786.1,4.94,0.19,0.02,3.79
2008-08-22,002199,10.99,11.11,11.8,10.64,6697,7387205.93,10.79,3.35,0.36,4.19
2008-08-25,002199,11.5,11.22,11.5,11.0,5350,6035211.62,4.5,0.99,0.11,3.34
2008-08-26,002199,11.83,10.68,11.83,10.33,6730,7485594.74,13.37,-4.81,-0.54,4.21
2008-08-27,002199,10.7,10.8,10.99,10.38,2842,3036137.4,5.71,1.12,0.12,1.78
2008-08-28,002199,10.8,10.9,11.22,10.63,4148,4497695.8,5.46,0.93,0.1,2.59
2008-08-29,002199,11.0,11.02,11.17,10.73,7037,7740497.6,4.04,1.1,0.12,4.4
2008-09-01,002199,11.08,10.79,11.08,10.52,2578,2761009.45,5.08,-2.09,-0.23,1.61
2008-09-02,002199,10.85,10.67,10.85,10.34,1297,1372179.38,4.73,-1.11,-0.12,0.81
2008-09-03,002199,10.78,10.77,10.89,10.6,2667,2868679.57,2.72,0.94,0.1,1.67
2008-09-04,002199,10.82,10.88,11.12,10.63,2259,2454989.25,4.55,1.02,0.11,1.41
2008-09-05,002199,10.88,10.41,10.88,10.4,1934,2052657.0,4.41,-4.32,-0.47,1.21
2008-09-08,002199,10.98,10.16,10.98,10.0,3136,3326947.79,9.41,-2.4,-0.25,1.96
2008-09-09,002199,10.58,10.63,11.18,10.48,5891,6302563.92,6.89,4.63,0.47,3.68
2008-09-10,002199,10.6,10.72,10.8,10.37,4871,5188882.1,4.05,0.85,0.09,3.04
2008-09-11,002199,10.75,10.57,10.84,10.39,2042,2158593.23,4.2,-1.4,-0.15,1.28
2008-09-12,002199,10.65,10.8,10.98,10.48,5300,5717801.42,4.73,2.18,0.23,3.31
2008-09-16,002199,10.78,10.58,10.89,10.51,3244,3468644.67,3.52,-2.04,-0.22,2.03
2008-09-17,002199,10.58,10.6,10.74,10.51,2368,2508469.7,2.17,0.19,0.02,1.48
2008-09-18,002199,10.67,10.0,10.67,9.57,4442,4455584.91,10.38,-5.66,-0.6,2.78
2008-09-19,002199,10.98,11.0,11.0,10.62,11829,12949690.56,3.8,10.0,1.0,7.39
2008-09-22,002199,11.3,11.25,11.99,10.91,15207,17293320.49,9.82,2.27,0.25,9.5
2008-09-23,002199,10.88,10.46,10.88,10.41,5256,5539554.14,4.18,-7.02,-0.79,3.28
2008-09-24,002199,10.0,10.16,10.19,10.0,3602,3627367.52,1.82,-2.87,-0.3,2.25
2008-09-25,002199,10.2,10.31,10.44,10.12,3956,4067482.16,3.15,1.48,0.15,2.47
2008-09-26,002199,10.28,10.03,10.39,9.91,3270,3307610.09,4.66,-2.72,-0.28,2.04
2008-10-06,002199,9.77,9.65,9.8,9.65,2133,2073350.93,1.5,-3.79,-0.38,1.33
2008-10-07,002199,9.49,9.35,9.49,9.11,2760,2562174.65,3.94,-3.11,-0.3,1.72
2008-10-08,002199,9.17,9.19,9.3,9.11,1774,1633367.05,2.03,-1.71,-0.16,1.11
2008-10-09,002199,9.35,9.11,9.55,9.1,1455,1343368.0,4.9,-0.87,-0.08,0.91
2008-10-10,002199,8.9,8.2,8.9,8.2,2784,2370696.41,7.68,-9.99,-0.91,1.74
2008-10-13,002199,7.91,8.17,8.25,7.58,2660,2122459.9,8.17,-0.37,-0.03,1.66
2008-10-14,002199,8.28,7.8,8.45,7.8,2427,1998871.96,7.96,-4.53,-0.37,1.52
2008-10-15,002199,7.7,7.73,7.95,7.6,1577,1221646.74,4.49,-0.9,-0.07,0.99
2008-10-16,002199,7.48,7.25,7.48,7.2,3014,2209514.85,3.62,-6.21,-0.48,1.88
2008-10-17,002199,7.3,7.52,7.52,7.16,2151,1570801.67,4.97,3.72,0.27,1.34
2008-10-20,002199,7.48,7.84,7.99,7.43,3642,2804629.43,7.45,4.26,0.32,2.28
2008-10-21,002199,7.88,7.73,7.9,7.6,2910,2264139.77,3.83,-1.4,-0.11,1.82
2008-10-22,002199,7.5,7.43,7.69,7.43,1747,1318567.92,3.36,-3.88,-0.3,1.09
2008-10-23,002199,7.33,7.42,7.45,7.18,1182,862800.9,3.63,-0.13,-0.01,0.74
2008-10-24,002199,7.5,7.63,7.95,7.4,4745,3604012.28,7.41,2.83,0.21,2.97
2008-10-27,002199,7.42,6.87,7.5,6.87,2617,1852922.0,8.26,-9.96,-0.76,1.64
2008-10-28,002199,6.74,7.01,7.1,6.64,1755,1219259.61,6.7,2.04,0.14,1.1
2008-10-29,002199,7.13,6.82,7.15,6.81,1779,1245545.89,4.85,-2.71,-0.19,1.11
2008-10-30,002199,6.89,6.85,6.97,6.8,1715,1177945.21,2.49,0.44,0.03,1.07
2008-10-31,002199,6.86,7.54,7.54,6.86,20376,15242434.67,9.93,10.07,0.69,12.74
2008-11-03,002199,7.54,7.74,7.77,7.42,15886,12121464.16,4.64,2.65,0.2,9.93
2008-11-04,002199,7.62,7.88,8.02,7.61,13187,10328395.14,5.3,1.81,0.14,8.24
2008-11-05,002199,7.88,8.23,8.43,7.75,16690,13520440.05,8.63,4.44,0.35,10.43
2008-11-06,002199,7.98,8.04,8.4,7.89,12406,10155044.06,6.2,-2.31,-0.19,7.75
2008-11-07,002199,7.81,8.0,8.38,7.56,20997,16422754.6,10.2,-0.5,-0.04,13.12
2008-11-10,002199,8.0,8.54,8.66,7.85,29235,24175671.08,10.13,6.75,0.54,18.27
2008-11-11,002199,8.34,8.17,8.49,8.17,15976,13227316.42,3.75,-4.33,-0.37,9.99
2008-11-12,002199,8.08,8.36,8.41,8.08,11309,9306045.17,4.04,2.33,0.19,7.07
2008-11-13,002199,8.27,8.74,8.9,8.1,17127,14736736.84,9.57,4.55,0.38,10.7
2008-11-14,002199,8.75,8.86,9.0,8.51,15436,13527179.19,5.61,1.37,0.12,9.65
2008-11-17,002199,8.85,9.09,9.23,8.71,18473,16671601.51,5.87,2.6,0.23,11.55
2008-11-18,002199,9.0,8.31,9.39,8.3,14919,13190354.32,11.99,-8.58,-0.78,9.32
2008-11-19,002199,8.29,9.14,9.14,8.27,16098,14033169.52,10.47,9.99,0.83,10.06
2008-11-20,002199,8.92,9.18,9.38,8.71,16551,15091980.52,7.33,0.44,0.04,10.34
2008-11-21,002199,8.9,8.76,9.21,8.48,9337,8216571.26,7.95,-4.58,-0.42,5.84
2008-11-24,002199,8.78,8.33,8.9,8.31,4856,4156195.55,6.74,-4.91,-0.43,3.04
2008-11-25,002199,8.5,8.1,8.56,7.88,5852,4821322.62,8.16,-2.76,-0.23,3.66
2008-11-26,002199,8.1,8.3,8.55,8.05,4997,4146376.88,6.17,2.47,0.2,3.12
2008-11-27,002199,8.83,8.6,8.9,8.45,11421,9903647.45,5.42,3.61,0.3,7.14
2008-11-28,002199,8.58,8.26,8.58,8.1,6391,5298631.1,5.58,-3.95,-0.34,3.99
2008-12-01,002199,8.15,8.89,8.95,8.11,10950,9499926.53,10.17,7.63,0.63,6.84
2008-12-02,002199,8.68,8.99,9.26,8.5,15590,14070453.41,8.55,1.12,0.1,9.74
2008-12-03,002199,9.11,9.39,9.41,9.03,14655,13581315.75,4.23,4.45,0.4,9.16
2008-12-04,002199,9.39,9.18,9.78,9.16,15417,14664192.14,6.6,-2.24,-0.21,9.64
2008-12-05,002199,9.11,9.99,9.99,9.11,15931,15158797.22,9.59,8.82,0.81,9.96
2008-12-08,002199,10.3,10.93,10.93,10.1,26172,27172991.17,8.31,9.41,0.94,16.36
2008-12-09,002199,11.39,10.63,11.39,10.27,19687,20883668.59,10.25,-2.74,-0.3,12.3
2008-12-10,002199,10.69,10.85,10.91,10.27,13637,14464212.6,6.02,2.07,0.22,8.52
2008-12-11,002199,10.69,10.32,11.19,10.3,12730,13750429.87,8.2,-4.88,-0.53,7.96
2008-12-12,002199,10.14,9.61,10.33,9.59,11691,11535346.93,7.17,-6.88,-0.71,7.31
2008-12-15,002199,9.71,9.82,9.98,9.56,6430,6293117.97,4.37,2.19,0.21,4.02
2008-12-16,002199,9.82,10.06,10.09,9.32,4907,4779785.7,7.84,2.44,0.24,3.07
2008-12-17,002199,10.16,10.11,10.42,9.99,7720,7879394.08,4.27,0.5,0.05,4.82
2008-12-18,002199,10.0,10.24,10.35,9.92,5164,5239105.46,4.25,1.29,0.13,3.23
2008-12-19,002199,10.24,10.62,11.0,10.24,10899,11568788.17,7.42,3.71,0.38,6.81
2008-12-22,002199,10.7,11.68,11.68,10.7,22933,25859363.6,9.23,9.98,1.06,14.33
2008-12-23,002199,11.67,10.81,12.0,10.81,26565,30399250.91,10.19,-7.45,-0.87,16.6
2008-12-24,002199,10.4,10.4,10.7,10.02,9557,9913325.9,6.29,-3.79,-0.41,5.97
2008-12-25,002199,10.4,10.68,10.97,10.4,8891,9477663.62,5.48,2.69,0.28,5.56
2008-12-26,002199,10.85,11.21,11.42,10.57,15946,17699773.42,7.96,4.96,0.53,9.97
2008-12-29,002199,11.17,10.88,11.25,10.31,10124,10847152.21,8.39,-2.94,-0.33,6.33
2008-12-30,002199,10.8,11.19,11.5,10.7,15146,17005349.02,7.35,2.85,0.31,9.47
2008-12-31,002199,11.28,11.51,11.88,11.02,18846,21704521.24,7.69,2.86,0.32,11.78
2009-01-05,002199,11.55,11.78,11.97,11.5,13089,15366637.12,4.08,2.35,0.27,8.18
2009-01-06,002199,11.7,11.88,11.9,11.4,17142,19972819.39,4.24,0.85,0.1,10.71
2009-01-07,002199,11.8,11.7,11.98,11.58,9710,11460025.12,3.37,-1.52,-0.18,6.07
2009-01-08,002199,11.28,11.57,11.65,11.0,15053,17067649.75,5.56,-1.11,-0.13,9.41
2009-01-09,002199,11.51,12.13,12.29,11.41,15324,18334389.84,7.61,4.84,0.56,9.58
2009-01-12,002199,11.97,12.15,12.6,11.97,13224,16331622.43,5.19,0.16,0.02,8.26
2009-01-13,002199,12.0,11.38,12.0,11.38,10293,12012774.32,5.1,-6.34,-0.77,6.43
2009-01-14,002199,11.17,11.84,11.89,11.17,7287,8530283.04,6.33,4.04,0.46,4.55
2009-01-15,002199,11.58,11.83,11.95,11.58,6187,7300029.36,3.13,-0.08,-0.01,3.87
2009-01-16,002199,11.83,12.25,12.49,11.71,18278,22226358.57,6.59,3.55,0.42,11.42
2009-01-19,002199,12.28,12.6,12.88,12.02,24730,30795953.09,7.02,2.86,0.35,15.46
2009-01-20,002199,12.44,12.36,12.44,12.1,8738,10713888.53,2.7,-1.9,-0.24,5.46
2009-01-21,002199,12.28,12.08,12.39,12.0,7436,9078853.38,3.16,-2.27,-0.28,4.65
2009-01-22,002199,12.04,12.15,12.28,12.04,5137,6249546.07,1.99,0.58,0.07,3.21
2009-01-23,002199,12.05,11.88,12.26,11.8,5671,6815338.89,3.79,-2.22,-0.27,3.54
2009-02-02,002199,11.93,12.19,12.2,11.88,5277,6378956.44,2.69,2.61,0.31,3.3
2009-02-03,002199,12.22,12.33,12.35,12.11,7818,9556416.34,1.97,1.15,0.14,4.89
2009-02-04,002199,12.33,12.33,12.36,12.15,8700,10663709.86,1.7,0.0,0.0,5.44
2009-02-05,002199,12.34,12.57,12.74,12.3,14703,18455340.65,3.57,1.95,0.24,9.19
2009-02-06,002199,12.53,12.88,12.98,12.53,13599,17439184.46,3.58,2.47,0.31,8.5
2009-02-09,002199,12.89,12.88,13.1,12.71,14436,18614633.04,3.03,0.0,0.0,9.02
2009-02-10,002199,13.01,13.1,13.15,12.71,12832,16599139.98,3.42,1.71,0.22,8.02
2009-02-11,002199,12.9,13.0,13.35,12.8,14687,19165152.24,4.2,-0.76,-0.1,9.18
2009-02-12,002199,13.1,12.98,13.13,12.62,9021,11581679.28,3.92,-0.15,-0.02,5.64
2009-02-13,002199,12.97,13.99,14.0,12.82,17757,23765034.86,9.09,7.78,1.01,11.1
2009-02-16,002199,14.0,14.03,14.37,13.78,16444,22960228.3,4.22,0.29,0.04,10.28
2009-02-17,002199,14.7,13.74,15.08,13.7,16820,23945120.18,9.84,-2.07,-0.29,10.51
2009-02-18,002199,13.99,12.85,13.99,12.8,15143,20226834.88,8.66,-6.48,-0.89,9.46
2009-02-19,002199,13.37,13.29,13.47,12.91,9629,12754208.75,4.36,3.42,0.44,6.02
2009-02-20,002199,13.5,13.93,14.0,13.29,11421,15681457.08,5.34,4.82,0.64,7.14
2009-02-23,002199,14.09,14.28,14.47,13.65,12596,17735675.36,5.89,2.51,0.35,7.87
2009-02-24,002199,14.3,13.68,14.38,13.45,13199,18306758.5,6.51,-4.2,-0.6,8.25
2009-02-25,002199,13.98,13.97,13.98,13.5,9899,13597541.34,3.51,2.12,0.29,6.19
2009-02-26,002199,14.46,13.18,14.46,12.81,16663,23336608.93,11.81,-5.65,-0.79,10.41
2009-02-27,002199,13.16,11.86,13.4,11.86,14696,17959176.07,11.68,-10.02,-1.32,9.19
2009-03-02,002199,11.55,11.71,11.88,11.2,9871,11411946.26,5.73,-1.26,-0.15,6.17
2009-03-03,002199,11.18,12.4,12.5,11.15,9392,11111810.14,11.53,5.89,0.69,5.87
2009-03-04,002199,12.11,13.2,13.26,12.11,14150,18069870.06,9.27,6.45,0.8,8.84
2009-03-05,002199,13.19,12.88,13.28,12.6,14966,19430331.61,5.15,-2.42,-0.32,9.35
2009-03-06,002199,12.62,12.65,12.94,12.54,6853,8726684.4,3.11,-1.79,-0.23,4.28
2009-03-09,002199,12.83,12.01,12.93,12.0,7184,8888911.0,7.35,-5.06,-0.64,4.49
2009-03-10,002199,12.1,12.33,12.38,11.85,4751,5755869.61,4.41,2.66,0.32,2.97
2009-03-11,002199,12.43,12.3,12.67,12.22,6174,7690696.31,3.65,-0.24,-0.03,3.86
2009-03-12,002199,12.15,12.4,12.49,11.91,4593,5609724.25,4.72,0.81,0.1,2.87
2009-03-13,002199,12.48,12.43,12.73,12.35,6641,8314559.48,3.06,0.24,0.03,4.15
2009-03-16,002199,12.66,13.42,13.59,12.66,24823,32982361.97,7.48,7.96,0.99,15.51
2009-03-17,002199,13.13,13.57,13.67,13.13,20562,27562973.71,4.02,1.12,0.15,12.85
2009-03-18,002199,13.68,13.56,13.7,13.4,14181,19161652.72,2.21,-0.07,-0.01,8.86
2009-03-19,002199,13.59,13.6,13.72,13.38,8978,12165236.29,2.51,0.29,0.04,5.61
2009-03-20,002199,13.41,13.28,13.61,13.01,10555,14044292.87,4.41,-2.35,-0.32,6.6
2009-03-23,002199,13.28,14.08,14.13,13.27,24352,33913960.56,6.48,6.02,0.8,15.22
2009-03-24,002199,14.16,14.11,14.38,14.06,27772,39348277.69,2.27,0.21,0.03,17.36
2009-03-25,002199,13.96,13.62,14.05,13.52,14484,19937404.81,3.76,-3.47,-0.49,9.05
2009-03-26,002199,13.61,14.36,14.4,13.61,24216,34195909.93,5.8,5.43,0.74,15.14
2009-03-27,002199,14.45,14.09,14.45,14.01,15620,22078441.5,3.06,-1.88,-0.27,9.76
2009-03-30,002199,14.1,14.1,14.3,14.03,10126,14335560.2,1.92,0.07,0.01,6.33
2009-03-31,002199,13.85,13.9,13.98,13.57,12246,16864067.59,2.91,-1.42,-0.2,7.65
2009-04-01,002199,14.0,14.35,14.38,14.0,17810,25393946.26,2.73,3.24,0.45,11.13
2009-04-02,002199,14.36,14.37,14.98,14.35,15453,22611808.54,4.39,0.14,0.02,9.66
2009-04-03,002199,14.44,15.13,15.29,14.36,26654,39792331.6,6.47,5.29,0.76,16.66
2009-04-07,002199,15.2,15.63,15.96,15.15,22428,35113567.42,5.35,3.3,0.5,14.02
2009-04-08,002199,15.23,14.8,15.48,14.8,23651,35565402.0,4.35,-5.31,-0.83,14.78
2009-04-09,002199,14.61,15.1,15.11,14.52,10670,15762777.25,3.99,2.03,0.3,6.67
2009-04-10,002199,15.2,15.86,16.18,15.1,25233,39826200.84,7.15,5.03,0.76,15.77
2009-04-13,002199,15.89,16.6,17.24,15.89,27065,44361994.67,8.51,4.67,0.74,16.92
2009-04-14,002199,16.7,18.26,18.26,16.21,31421,54416241.0,12.35,10.0,1.66,19.64
2009-04-15,002199,18.02,18.55,19.44,17.6,29797,55336999.77,10.08,1.59,0.29,18.62
2009-04-16,002199,18.45,17.75,18.45,17.61,16916,30299167.06,4.53,-4.31,-0.8,10.57
2009-04-17,002199,17.3,16.85,17.79,16.75,14074,24103837.62,5.86,-5.07,-0.9,8.8
2009-04-20,002199,16.8,17.3,17.52,16.74,10353,17883021.86,4.63,2.67,0.45,6.47
2009-04-21,002199,17.01,17.32,17.56,16.81,11840,20439770.12,4.34,0.12,0.02,7.4
2009-04-22,002199,17.3,16.01,17.45,16.0,13158,22053845.18,8.37,-7.56,-1.31,8.22
2009-04-23,002199,15.86,16.8,16.86,15.71,9829,16019194.24,7.18,4.93,0.79,6.14
2009-04-24,002199,16.7,17.5,17.96,16.59,20015,34669735.42,8.15,4.17,0.7,12.51
2009-04-27,002199,17.65,16.76,18.15,16.68,21072,36940543.66,8.4,-4.23,-0.74,13.17
2009-04-29,002199,16.9,17.0,17.19,16.35,8509,14310119.96,5.01,1.43,0.24,5.32
2009-04-30,002199,17.0,17.32,17.59,16.97,9527,16548790.87,3.65,1.88,0.32,5.95
2009-05-04,002199,17.32,17.76,17.92,17.2,10297,18118349.83,4.16,2.54,0.44,6.44
2009-05-05,002199,17.74,18.0,18.0,17.46,12407,21979998.87,3.04,1.35,0.24,7.75
2009-05-06,002199,18.2,17.99,18.2,17.81,10285,18504782.65,2.17,-0.06,-0.01,6.43
2009-05-07,002199,18.08,17.72,18.18,17.45,10107,17977445.92,4.06,-1.5,-0.27,6.32
2009-05-08,002199,17.65,18.32,18.59,17.55,15459,28198007.0,5.87,3.39,0.6,9.66
2009-05-11,002199,18.4,17.38,18.6,17.3,11099,19942250.13,7.1,-5.13,-0.94,6.94
2009-05-12,002199,17.0,17.93,18.22,17.0,8807,15413246.82,7.02,3.16,0.55,5.5
2009-05-13,002199,13.54,13.35,13.68,13.24,9095,12169622.23,2.45,-25.54,-4.58,4.37
2009-05-14,002199,13.29,13.06,13.29,13.0,9108,11917146.13,2.17,-2.17,-0.29,4.38
2009-05-15,002199,13.09,13.32,13.48,13.09,8954,11930444.67,2.99,1.99,0.26,4.3
2009-05-18,002199,13.25,13.7,13.75,13.06,9917,13287342.23,5.18,2.85,0.38,4.77
2009-05-19,002199,13.78,13.8,13.9,13.58,19498,26889171.27,2.34,0.73,0.1,9.37
2009-05-20,002199,13.88,14.36,14.9,13.68,35246,49676309.19,8.84,4.06,0.56,16.95
2009-05-21,002199,14.32,14.0,14.53,13.82,18515,26140300.93,4.94,-2.51,-0.36,8.9
2009-05-22,002199,13.91,14.18,14.3,13.82,13000,18326004.3,3.43,1.29,0.18,6.25
2009-05-25,002199,13.96,14.32,14.7,13.5,22173,31636769.51,8.46,0.99,0.14,10.66
2009-05-26,002199,14.32,14.72,14.8,14.13,26401,38310474.98,4.68,2.79,0.4,12.69
2009-05-27,002199,14.78,15.35,15.58,14.77,40685,61595949.28,5.5,4.28,0.63,19.56
2009-06-01,002199,15.35,15.14,15.4,14.89,20025,30196610.87,3.32,-1.37,-0.21,9.63
2009-06-02,002199,15.13,14.7,15.13,14.56,18269,27106089.31,3.76,-2.91,-0.44,8.78
2009-06-03,002199,14.68,14.64,14.85,14.54,10835,15894728.51,2.11,-0.41,-0.06,5.21
2009-06-04,002199,14.75,14.2,14.89,14.1,16224,23388437.31,5.4,-3.01,-0.44,7.8
2009-06-05,002199,14.21,14.04,14.44,14.0,11501,16221774.11,3.1,-1.13,-0.16,5.53
2009-06-08,002199,14.1,14.54,14.57,14.04,13822,19788713.28,3.77,3.56,0.5,6.65
2009-06-09,002199,14.59,14.3,14.59,14.1,10224,14631026.74,3.37,-1.65,-0.24,4.92
2009-06-10,002199,14.31,14.31,14.54,14.12,8119,11577949.65,2.94,0.07,0.01,3.9
2009-06-12,002199,14.18,13.69,14.28,13.62,7795,10828945.51,4.61,-4.33,-0.62,3.75
2009-06-15,002199,13.46,14.25,14.49,13.46,11487,16358901.24,7.52,4.09,0.56,5.52
2009-06-16,002199,14.1,14.0,14.33,13.92,5889,8288295.83,2.88,-1.75,-0.25,2.83
2009-06-17,002199,14.0,13.9,14.0,13.7,5840,8058802.69,2.14,-0.71,-0.1,2.81
2009-06-18,002199,13.86,14.27,14.37,13.85,13174,18588939.77,3.74,2.66,0.37,6.33
2009-06-19,002199,14.21,14.21,14.37,14.12,8203,11671194.59,1.75,-0.42,-0.06,3.94
2009-06-22,002199,14.26,14.45,14.69,14.01,19198,27558664.84,4.79,1.69,0.24,9.23
2009-06-23,002199,14.29,14.55,14.85,14.2,26792,39153300.03,4.5,0.69,0.1,12.88
2009-06-24,002199,14.5,14.21,14.5,14.12,11856,16870150.44,2.61,-2.34,-0.34,5.7
2009-06-25,002199,14.11,14.29,14.33,14.1,7313,10403793.77,1.62,0.56,0.08,3.52
2009-06-26,002199,14.35,14.43,14.45,14.25,14471,20815716.19,1.4,0.98,0.14,6.96
2009-06-29,002199,14.43,14.15,14.55,14.1,10812,15379452.13,3.12,-1.94,-0.28,5.2
2009-06-30,002199,14.11,14.28,14.3,13.7,13113,18495088.43,4.24,0.92,0.13,6.3
2009-07-01,002199,14.31,14.18,14.32,14.15,7015,9966675.98,1.19,-0.7,-0.1,3.37
2009-07-02,002199,14.19,14.45,14.49,14.03,29220,41932121.03,3.24,1.9,0.27,14.05
2009-07-03,002199,14.45,14.6,14.75,14.11,26019,37756907.55,4.43,1.04,0.15,12.51
2009-07-06,002199,14.59,14.26,14.6,14.22,10734,15388834.64,2.6,-2.33,-0.34,5.16
2009-07-07,002199,14.28,14.14,14.45,14.11,9964,14169164.85,2.38,-0.84,-0.12,4.79
2009-07-08,002199,14.1,14.61,14.63,14.01,21342,30795829.49,4.38,3.32,0.47,10.26
2009-07-09,002199,14.6,14.79,14.9,14.5,29798,43763381.23,2.74,1.23,0.18,14.33
2009-07-10,002199,14.78,14.53,14.78,14.44,13039,19042816.61,2.3,-1.76,-0.26,6.27
2009-07-13,002199,14.6,15.1,15.29,14.6,31810,47762068.87,4.75,3.92,0.57,15.29
2009-07-14,002199,15.1,15.29,15.35,15.01,21255,32311327.26,2.25,1.26,0.19,10.22
2009-07-15,002199,15.25,15.38,15.45,15.15,16341,25028409.85,1.96,0.59,0.09,7.86
2009-07-16,002199,15.55,15.2,15.58,15.1,15946,24507963.49,3.12,-1.17,-0.18,7.67
2009-07-17,002199,15.23,15.13,15.31,15.02,11468,17381143.55,1.91,-0.46,-0.07,5.51
2009-07-20,002199,15.18,15.8,15.8,15.16,23484,36179937.78,4.23,4.43,0.67,11.29
2009-07-21,002199,15.77,15.56,15.86,15.45,19348,30307884.19,2.59,-1.52,-0.24,9.3
2009-07-22,002199,15.45,15.47,15.67,15.41,13453,20901565.51,1.67,-0.58,-0.09,6.47
2009-07-23,002199,15.47,15.43,15.59,15.18,14026,21502242.52,2.65,-0.26,-0.04,6.74
2009-07-24,002199,15.4,15.17,15.55,15.0,12024,18382767.54,3.56,-1.69,-0.26,5.78
2009-07-27,002199,15.25,15.4,15.58,15.11,15244,23432902.49,3.1,1.52,0.23,7.33
2009-07-28,002199,15.35,15.55,15.64,15.15,18205,28103026.64,3.18,0.97,0.15,8.75
2009-07-29,002199,15.59,14.28,15.59,14.0,15655,23350385.12,10.23,-8.17,-1.27,7.53
2009-07-30,002199,14.35,14.27,14.55,13.89,15571,22244304.91,4.62,-0.07,-0.01,7.49
2009-07-31,002199,14.38,14.7,14.92,14.27,15285,22327391.33,4.56,3.01,0.43,7.35
2009-08-03,002199,14.75,15.02,15.02,14.46,20330,29899232.44,3.81,2.18,0.32,9.77
2009-08-04,002199,15.0,15.68,15.75,14.82,32863,50350357.29,6.19,4.39,0.66,15.8
2009-08-05,002199,15.56,16.12,16.28,15.3,33934,53645138.76,6.25,2.81,0.44,16.31
2009-08-06,002199,15.85,15.68,16.26,15.51,23461,37408677.21,4.65,-2.73,-0.44,11.28
2009-08-07,002199,15.58,15.36,16.2,15.3,16362,25904165.99,5.74,-2.04,-0.32,7.87
2009-08-10,002199,15.51,15.98,16.0,15.21,15216,23738696.12,5.14,4.04,0.62,7.32
2009-08-11,002199,16.05,16.1,16.3,15.68,24206,38843621.41,3.88,0.75,0.12,11.64
2009-08-12,002199,15.98,15.17,15.98,15.11,15723,24554398.42,5.4,-5.78,-0.93,7.56
2009-08-13,002199,14.95,15.13,15.3,14.85,10461,15764735.09,2.97,-0.26,-0.04,5.03
2009-08-14,002199,15.25,14.12,15.25,14.06,12798,18570566.3,7.87,-6.68,-1.01,6.15
2009-08-17,002199,13.99,13.2,14.0,13.08,14227,19273559.91,6.52,-6.52,-0.92,6.84
2009-08-18,002199,13.21,13.57,13.64,13.02,11608,15536326.87,4.7,2.8,0.37,5.58
2009-08-19,002199,13.32,13.18,13.59,12.83,8389,11151748.45,5.6,-2.87,-0.39,4.03
2009-08-20,002199,13.25,14.5,14.5,13.09,22620,31163066.31,10.7,10.02,1.32,10.87
2009-08-21,002199,15.0,15.95,15.95,14.69,57267,88892633.33,8.69,10.0,1.45,27.53
2009-08-24,002199,16.61,16.98,17.55,16.61,67359,115094144.46,5.89,6.46,1.03,32.38
2009-08-25,002199,17.4,17.23,17.4,16.53,48606,82771610.99,5.12,1.47,0.25,23.37
2009-08-26,002199,17.6,18.25,18.75,17.4,51841,94398170.53,7.84,5.92,1.02,24.92
2009-08-27,002199,18.5,17.95,18.5,17.5,41655,74488361.42,5.48,-1.64,-0.3,20.03
2009-08-28,002199,17.95,17.16,17.95,16.2,32212,55128306.71,9.75,-4.4,-0.79,15.49
2009-08-31,002199,17.21,17.28,17.4,16.6,27792,47614738.5,4.66,0.7,0.12,13.36
2009-09-01,002199,17.4,17.28,17.74,16.86,35546,61621504.07,5.09,0.0,0.0,17.09
2009-09-02,002199,17.38,16.84,17.5,16.6,24139,40857836.12,5.21,-2.55,-0.44,11.61
2009-09-03,002199,16.51,17.38,17.45,16.51,41457,70495919.1,5.58,3.21,0.54,19.93
2009-09-04,002199,17.3,16.82,17.3,16.7,31751,53819448.36,3.45,-3.22,-0.56,15.26
2009-09-07,002199,16.6,17.19,17.23,16.33,38038,63983465.97,5.35,2.2,0.37,18.29
2009-09-08,002199,17.08,17.88,18.4,16.95,81772,146012390.41,8.44,4.01,0.69,39.31
2009-09-09,002199,17.8,17.29,17.8,16.8,46838,80735962.44,5.59,-3.3,-0.59,22.52
2009-09-10,002199,17.18,16.5,17.18,16.41,31154,51918499.51,4.45,-4.57,-0.79,14.98
2009-09-11,002199,16.42,16.65,16.89,16.35,23226,38701261.16,3.27,0.91,0.15,11.17
2009-09-14,002199,16.53,17.1,17.19,16.53,27409,46219027.08,3.96,2.7,0.45,13.18
2009-09-15,002199,17.24,16.89,17.24,16.82,23870,40539992.66,2.46,-1.23,-0.21,11.48
2009-09-16,002199,16.75,18.13,18.55,16.6,50857,88713749.97,11.55,7.34,1.24,24.45
2009-09-17,002199,18.15,18.13,18.88,17.78,62691,114854238.41,6.07,0.0,0.0,30.14
2009-09-18,002199,18.15,16.95,18.54,16.8,41268,73164938.52,9.6,-6.51,-1.18,19.84
2009-09-21,002199,16.67,16.58,16.85,15.91,21907,35757880.93,5.55,-2.18,-0.37,10.53
2009-09-22,002199,16.65,16.19,16.96,16.18,15502,25765209.74,4.7,-2.35,-0.39,7.45
2009-09-23,002199,16.19,16.28,16.4,15.92,13005,20990803.36,2.96,0.56,0.09,6.25
2009-09-24,002199,16.26,15.82,16.37,15.52,10494,16794253.26,5.22,-2.83,-0.46,5.05
2009-09-25,002199,15.8,15.25,15.93,15.21,9838,15317549.68,4.55,-3.6,-0.57,4.73
2009-09-28,002199,15.37,14.81,15.65,14.7,8781,13492353.08,6.23,-2.89,-0.44,4.22
2009-09-29,002199,14.9,14.37,15.03,14.09,9084,13234025.82,6.35,-2.97,-0.44,4.37
2009-09-30,002199,14.6,14.47,14.69,14.37,7810,11328804.91,2.23,0.7,0.1,3.75
2009-10-09,002199,14.6,15.2,15.24,14.55,10445,15657077.94,4.77,5.04,0.73,5.02
2009-10-12,002199,15.2,15.44,15.86,15.12,11250,17437002.05,4.87,1.58,0.24,5.41
2009-10-13,002199,15.42,15.8,15.82,15.42,7185,11270622.02,2.59,2.33,0.36,3.45
2009-10-14,002199,15.98,15.8,15.98,15.72,11955,18898787.08,1.65,0.0,0.0,5.75
2009-10-15,002199,15.96,16.48,16.48,15.81,15170,24403470.21,4.24,4.3,0.68,7.29
2009-10-16,002199,16.48,16.76,17.3,16.24,27748,46685438.55,6.43,1.7,0.28,13.34
2009-10-19,002199,16.56,16.8,16.98,16.35,19330,32266407.05,3.76,0.24,0.04,9.29
2009-10-20,002199,16.58,16.61,16.93,16.58,17758,29652326.03,2.08,-1.13,-0.19,8.54
2009-10-21,002199,16.65,16.21,16.73,16.15,15953,26075087.41,3.49,-2.41,-0.4,7.67
2009-10-22,002199,16.19,16.11,16.32,16.01,15993,25778259.16,1.91,-0.62,-0.1,7.69
2009-10-23,002199,16.16,16.25,16.39,16.15,12081,19636649.17,1.49,0.87,0.14,5.81
2009-10-26,002199,16.25,17.69,17.79,15.83,32539,54626855.95,12.06,8.86,1.44,15.64
2009-10-27,002199,17.49,16.92,17.93,16.88,56376,98672676.96,5.94,-4.35,-0.77,27.1
2009-10-28,002199,16.76,16.51,16.9,16.2,18078,29748016.21,4.14,-2.42,-0.41,8.69
2009-10-29,002199,16.25,16.18,16.38,16.1,9239,15000961.64,1.7,-2.0,-0.33,4.44
2009-10-30,002199,16.35,16.23,16.73,16.2,10266,16872141.72,3.28,0.31,0.05,4.94
2009-11-02,002199,15.9,17.81,17.85,15.38,39552,67459618.81,15.22,9.74,1.58,19.02
2009-11-03,002199,18.0,17.62,18.5,17.6,67618,121909178.35,5.05,-1.07,-0.19,32.51
2009-11-04,002199,17.3,17.6,17.78,17.17,29696,51631232.6,3.46,-0.11,-0.02,14.28
2009-11-05,002199,17.34,17.85,18.03,17.34,25462,45188702.1,3.92,1.42,0.25,12.24
2009-11-06,002199,17.82,17.87,18.2,17.65,25646,46024617.69,3.08,0.11,0.02,12.33
2009-11-09,002199,17.8,17.95,18.1,17.68,20619,36929846.45,2.35,0.45,0.08,9.91
2009-11-10,002199,17.94,17.64,18.08,17.4,23082,40862302.6,3.79,-1.73,-0.31,11.1
2009-11-11,002199,17.65,17.41,17.68,17.17,15739,27323748.8,2.89,-1.3,-0.23,7.57
2009-11-12,002199,17.46,17.46,17.69,17.32,13983,24485553.69,2.13,0.29,0.05,6.72
2009-11-13,002199,17.46,17.72,17.88,17.37,14931,26294102.27,2.92,1.49,0.26,7.18
2009-11-16,002199,17.85,18.31,18.58,17.74,45581,82600186.21,4.74,3.33,0.59,21.91
2009-11-17,002199,18.2,18.16,18.35,17.9,24677,44783070.08,2.46,-0.82,-0.15,11.86
2009-11-18,002199,18.02,18.68,18.78,18.02,43337,80126442.08,4.19,2.86,0.52,20.83
2009-11-19,002199,18.51,18.59,18.6,18.31,25644,47376493.09,1.55,-0.48,-0.09,12.33
2009-11-20,002199,18.59,20.45,20.45,18.5,59047,118274666.52,10.49,10.01,1.86,28.39
2009-11-23,002199,20.6,21.5,21.99,20.4,84053,175361418.35,7.78,5.13,1.05,40.41
2009-11-24,002199,21.8,21.8,22.3,19.56,77054,166655562.87,12.74,1.4,0.3,37.05
2009-11-25,002199,21.8,22.18,22.8,20.8,84094,184984006.48,9.17,1.74,0.38,40.43
2009-11-26,002199,21.58,20.38,21.6,20.0,50528,105921931.85,7.21,-8.12,-1.8,24.29
2009-11-27,002199,20.19,20.29,20.75,20.08,32786,66762684.73,3.29,-0.44,-0.09,15.76
2009-11-30,002199,20.4,21.37,21.48,20.29,37966,79456371.53,5.86,5.32,1.08,18.25
2009-12-01,002199,21.3,21.6,21.77,20.76,35323,75523534.04,4.73,1.08,0.23,16.98
2009-12-02,002199,21.25,21.78,21.9,21.25,34791,74805945.28,3.01,0.83,0.18,16.73
2009-12-03,002199,21.89,20.95,21.89,20.66,38196,80734504.6,5.65,-3.81,-0.83,18.36
2009-12-04,002199,20.62,19.59,20.73,19.29,34758,69659104.5,6.87,-6.49,-1.36,16.71
2009-12-07,002199,19.55,20.11,20.2,19.51,16808,33667350.81,3.52,2.65,0.52,8.08
2009-12-08,002199,20.11,20.14,20.21,19.54,18376,36485266.67,3.33,0.15,0.03,8.83
2009-12-09,002199,20.09,20.24,20.47,19.72,16786,33989850.83,3.72,0.5,0.1,8.07
2009-12-10,002199,20.25,20.45,20.5,20.0,12762,25835848.26,2.47,1.04,0.21,6.14
2009-12-11,002199,20.42,20.89,20.97,20.4,22973,47759273.57,2.79,2.15,0.44,11.04
2009-12-14,002199,20.96,20.58,20.96,20.13,15133,31081979.35,3.97,-1.48,-0.31,7.28
2009-12-15,002199,20.56,20.16,20.68,20.12,12715,25872649.12,2.72,-2.04,-0.42,6.11
2009-12-16,002199,20.25,20.22,20.5,20.16,8855,17973048.66,1.69,0.3,0.06,4.26
2009-12-17,002199,20.24,19.1,20.4,19.08,14961,29427623.11,6.53,-5.54,-1.12,7.19
2009-12-18,002199,19.08,18.59,19.19,18.46,10744,20060950.52,3.82,-2.67,-0.51,5.17
2009-12-21,002199,18.59,19.48,19.57,18.53,15179,29309860.32,5.59,4.79,0.89,7.3
2009-12-22,002199,19.25,18.58,19.39,18.58,9836,18773051.27,4.16,-4.62,-0.9,4.73
2009-12-23,002199,18.61,19.68,19.9,18.61,15517,30060527.33,6.94,5.92,1.1,7.46
2009-12-24,002199,19.4,20.19,20.2,19.38,19184,38217996.56,4.17,2.59,0.51,9.22
2009-12-25,002199,20.1,20.05,20.46,19.84,19254,38871470.57,3.07,-0.69,-0.14,9.26
2009-12-28,002199,20.01,20.77,20.85,19.86,21210,43441219.7,4.94,3.59,0.72,10.2
2009-12-29,002199,20.7,21.01,21.05,20.35,23006,47808017.79,3.37,1.16,0.24,11.06
2009-12-30,002199,21.0,20.66,21.0,20.55,20674,42874718.68,2.14,-1.67,-0.35,9.94
2009-12-31,002199,20.6,21.06,21.2,20.59,27349,57346690.08,2.95,1.94,0.4,13.15
2010-01-04,002199,21.0,21.15,21.48,20.9,30389,64418039.56,2.75,0.43,0.09,14.61
2010-01-05,002199,21.1,20.94,21.2,20.5,21357,44593720.29,3.31,-0.99,-0.21,10.27
2010-01-06,002199,20.95,20.69,20.95,20.68,16269,33816528.6,1.29,-1.19,-0.25,7.82
2010-01-07,002199,20.65,19.81,20.69,19.8,14776,29907027.85,4.3,-4.25,-0.88,7.1
2010-01-08,002199,19.55,19.96,20.0,19.55,9902,19639781.9,2.27,0.76,0.15,4.76
2010-01-11,002199,20.01,20.32,20.6,19.82,15161,30738969.56,3.91,1.8,0.36,7.29
2010-01-12,002199,20.3,20.69,20.92,20.29,18083,37463569.02,3.1,1.82,0.37,8.69
2010-01-13,002199,20.5,20.78,21.14,20.35,23747,49589082.73,3.82,0.43,0.09,11.42
2010-01-14,002199,20.84,21.39,21.4,20.84,26428,56155274.7,2.69,2.94,0.61,12.71
2010-01-15,002199,21.48,21.05,21.48,20.87,20914,44069358.27,2.85,-1.59,-0.34,10.06
2010-01-18,002199,21.0,21.6,21.64,20.68,22960,48617948.69,4.56,2.61,0.55,11.04
2010-01-19,002199,22.0,21.41,22.05,21.33,24996,53973314.32,3.33,-0.88,-0.19,12.02
2010-01-20,002199,21.3,19.73,21.3,19.6,21221,43589523.98,7.94,-7.85,-1.68,10.2
2010-01-21,002199,19.53,19.84,20.18,19.53,8726,17333308.04,3.29,0.56,0.11,4.2
2010-01-22,002199,19.65,18.9,19.7,18.5,12225,23383283.58,6.05,-4.74,-0.94,5.88
2010-01-25,002199,18.94,19.1,19.5,18.8,7352,14142849.94,3.7,1.06,0.2,3.53
2010-01-26,002199,19.09,18.62,19.28,18.34,6814,12712988.89,4.92,-2.51,-0.48,3.28
2010-01-27,002199,18.6,18.52,18.88,18.52,4758,8901256.55,1.93,-0.54,-0.1,2.29
2010-01-28,002199,18.7,18.3,18.77,18.0,7591,13944926.95,4.16,-1.19,-0.22,3.65
2010-01-29,002199,18.26,18.92,19.2,18.08,12636,23677945.37,6.12,3.39,0.62,6.08
2010-02-01,002199,19.0,18.25,19.0,18.18,7087,13061696.91,4.33,-3.54,-0.67,3.41
2010-02-02,002199,18.26,17.88,18.48,17.7,6423,11728418.27,4.27,-2.03,-0.37,3.09
2010-02-03,002199,17.96,18.15,18.21,17.3,8946,15921155.42,5.09,1.51,0.27,4.3
2010-02-04,002199,18.09,18.72,18.9,17.71,9657,17764197.34,6.56,3.14,0.57,4.64
2010-02-05,002199,18.42,18.88,18.88,18.26,10294,19119526.11,3.31,0.85,0.16,4.95
2010-02-08,002199,19.18,20.51,20.77,18.82,33435,66408523.21,10.33,8.63,1.63,16.07
2010-02-09,002199,21.13,21.45,22.0,20.63,67356,144157381.49,6.68,4.58,0.94,32.38
2010-02-10,002199,21.6,21.3,21.6,21.02,27123,57772767.57,2.7,-0.7,-0.15,13.04
2010-02-11,002199,21.5,21.35,21.5,21.0,28491,60614444.75,2.35,0.23,0.05,13.7
2010-02-12,002199,21.65,21.78,21.97,21.26,36392,78873111.31,3.33,2.01,0.43,17.5
2010-02-22,002199,21.89,22.2,22.5,21.71,44335,97602492.51,3.63,1.93,0.42,21.31
2010-02-23,002199,22.31,21.83,22.5,21.66,33984,74902974.62,3.78,-1.67,-0.37,16.34
2010-02-24,002199,21.8,22.28,22.38,21.7,34760,76811881.11,3.11,2.06,0.45,16.71
2010-02-25,002199,22.58,23.5,23.97,22.5,70368,163525807.0,6.6,5.48,1.22,33.83
2010-02-26,002199,23.4,23.58,23.7,23.02,35076,82037812.2,2.89,0.34,0.08,16.86
2010-03-01,002199,23.7,24.0,24.2,23.31,30872,73645026.26,3.77,1.78,0.42,14.84
2010-03-02,002199,24.48,24.5,24.88,24.2,45810,112456537.19,2.83,2.08,0.5,22.02
2010-03-03,002199,24.5,24.63,24.9,23.4,50090,121211008.82,6.12,0.53,0.13,24.08
2010-03-04,002199,25.0,24.65,25.48,24.11,44076,109123233.89,5.56,0.08,0.02,21.19
2010-03-05,002199,24.78,24.18,24.78,24.01,23329,56801032.51,3.12,-1.91,-0.47,11.22
2010-03-08,002199,24.6,24.53,24.68,24.23,23715,58079675.88,1.86,1.45,0.35,11.4
2010-03-09,002199,24.59,24.53,24.65,24.32,19537,47837658.76,1.35,0.0,0.0,9.39
2010-03-10,002199,24.65,25.23,25.25,24.58,51691,129077090.14,2.73,2.85,0.7,24.85
2010-03-11,002199,25.09,24.88,25.2,24.33,32639,80651539.33,3.45,-1.39,-0.35,15.69
2010-03-12,002199,25.47,25.58,26.4,25.47,48578,125201009.85,3.74,2.81,0.7,23.35
2010-03-15,002199,26.0,25.3,26.0,25.02,29265,74566783.44,3.83,-1.09,-0.28,14.07
2010-03-16,002199,25.71,25.55,25.71,25.08,18045,45798021.15,2.49,0.99,0.25,8.68
2010-03-17,002199,25.71,26.6,26.88,25.6,48355,127010692.29,5.01,4.11,1.05,23.25
2010-03-18,002199,27.1,28.18,28.8,26.88,49333,137468859.86,7.22,5.94,1.58,23.72
2010-03-19,002199,29.02,29.15,29.57,28.5,49720,144548301.47,3.8,3.44,0.97,23.9
2010-03-22,002199,29.5,28.68,29.5,28.2,35696,102369392.0,4.46,-1.61,-0.47,17.16
2010-03-23,002199,28.39,26.67,28.69,26.65,66454,182643900.16,7.11,-7.01,-2.01,31.95
2010-03-24,002199,26.75,27.02,27.18,26.1,47365,126703828.59,4.05,1.31,0.35,22.77
2010-03-25,002199,26.8,26.22,27.17,26.01,34142,90876364.92,4.29,-2.96,-0.8,16.41
2010-03-26,002199,26.0,26.35,26.46,26.0,18541,48755361.27,1.75,0.5,0.13,8.91
2010-03-29,002199,26.36,26.59,26.59,26.1,19813,52109319.16,1.86,0.91,0.24,9.53
2010-03-30,002199,26.57,27.09,27.19,26.32,25027,67403553.88,3.27,1.88,0.5,12.03
2010-03-31,002199,26.97,26.78,26.97,26.63,15827,42412975.6,1.26,-1.14,-0.31,7.61
2010-04-01,002199,26.72,26.72,27.0,26.5,20326,54370457.52,1.87,-0.22,-0.06,9.77
2010-04-06,002199,26.88,26.19,26.89,26.01,18169,47672517.14,3.29,-1.98,-0.53,8.73
2010-04-07,002199,26.18,26.34,26.45,26.0,13397,35249354.09,1.72,0.57,0.15,6.44
2010-04-08,002199,26.39,26.94,27.28,26.39,31112,83981097.93,3.38,2.28,0.6,14.96
2010-04-09,002199,26.95,26.95,27.2,26.7,17926,48246092.7,1.86,0.04,0.01,8.62
2010-04-12,002199,27.18,27.07,27.28,26.71,21979,59326183.11,2.12,0.45,0.12,10.57
2010-04-13,002199,26.87,25.23,27.06,24.37,25211,65062269.54,9.94,-6.8,-1.84,12.12
2010-04-14,002199,24.89,24.77,24.96,24.35,15242,37578560.45,2.42,-1.82,-0.46,7.33
2010-04-15,002199,24.77,24.73,25.26,24.62,9256,23039165.63,2.58,-0.16,-0.04,4.45
2010-04-16,002199,24.73,24.75,24.95,24.38,8025,19825704.38,2.3,0.08,0.02,3.86
2010-04-19,002199,24.75,24.85,25.44,24.5,14497,36363431.25,3.8,0.4,0.1,6.97
2010-04-20,002199,24.93,25.6,25.6,24.56,13993,35143393.15,4.19,3.02,0.75,6.73
2010-04-21,002199,25.67,26.61,26.79,25.67,27528,72667453.81,4.38,3.95,1.01,13.23
2010-04-22,002199,26.56,26.1,26.57,26.0,16626,43702794.36,2.14,-1.92,-0.51,7.99
2010-04-23,002199,26.09,26.4,26.72,25.92,12587,33158435.54,3.07,1.15,0.3,6.05
2010-04-26,002199,26.6,25.47,26.6,25.4,14142,36765862.46,4.55,-3.52,-0.93,6.8
2010-04-27,002199,25.47,24.37,25.47,24.18,9838,24121723.01,5.06,-4.32,-1.1,4.73
2010-04-28,002199,18.04,17.47,18.5,17.2,9440,16865361.38,5.33,-28.31,-6.9,3.49
2010-04-29,002199,17.85,17.47,18.16,17.47,7203,12813137.02,3.95,0.0,0.0,2.66
2010-04-30,002199,17.31,16.5,17.46,16.33,8103,13545859.73,6.47,-5.55,-0.97,3.0
2010-05-04,002199,16.19,16.45,16.6,16.02,5536,9053128.66,3.52,-0.3,-0.05,2.05
2010-05-05,002199,16.28,17.2,17.25,16.28,8072,13633456.97,5.9,4.56,0.75,2.99
2010-05-06,002199,17.25,16.6,17.45,16.5,8672,14905172.78,5.52,-3.49,-0.6,3.21
2010-05-07,002199,16.39,16.41,17.0,16.12,8253,13665617.49,5.3,-1.14,-0.19,3.05
2010-05-10,002199,16.41,15.75,16.63,15.4,6914,11006306.5,7.5,-4.02,-0.66,2.56
2010-05-11,002199,16.0,15.25,16.3,15.2,6541,10274639.93,6.98,-3.17,-0.5,2.42
2010-05-13,002199,15.2,15.35,15.35,14.21,10179,15078776.83,7.48,0.66,0.1,3.76
2010-05-14,002199,14.98,15.13,15.43,14.63,8023,12125343.1,5.21,-1.43,-0.22,2.97
2010-05-17,002199,14.95,13.62,15.0,13.62,9727,13838036.69,9.12,-9.98,-1.51,3.6
2010-05-18,002199,13.47,13.56,13.88,12.33,12114,15968637.77,11.38,-0.44,-0.06,4.48
2010-05-19,002199,13.0,13.5,13.75,13.0,9907,13329329.54,5.53,-0.44,-0.06,3.66
2010-05-20,002199,13.28,13.0,13.68,12.95,8384,11168871.68,5.41,-3.7,-0.5,3.1
2010-05-21,002199,12.5,13.39,13.45,12.5,11258,14721437.69,7.31,3.0,0.39,4.16
2010-05-24,002199,13.46,14.21,14.3,13.46,16610,23313825.8,6.27,6.12,0.82,6.14
2010-05-25,002199,14.1,15.38,15.46,13.98,33175,49575844.46,10.42,8.23,1.17,12.27
2010-05-26,002199,15.15,15.0,15.36,14.76,19630,29493801.51,3.9,-2.47,-0.38,7.26
2010-05-27,002199,14.85,15.21,15.3,14.69,15847,23895870.5,4.07,1.4,0.21,5.86
2010-05-28,002199,15.24,15.46,15.7,15.24,20679,31982368.64,3.02,1.64,0.25,7.65
2010-05-31,002199,15.52,14.68,15.52,14.68,12667,19162551.74,5.43,-5.05,-0.78,4.68
2010-06-01,002199,14.48,14.2,14.58,13.78,14056,19891457.28,5.45,-3.27,-0.48,5.2
2010-06-02,002199,14.23,14.25,14.3,13.48,13001,18139546.04,5.77,0.35,0.05,4.81
2010-06-03,002199,14.25,14.21,14.75,14.19,13417,19402707.02,3.93,-0.28,-0.04,4.96
2010-06-04,002199,14.1,14.28,14.37,13.83,9282,13139804.21,3.8,0.49,0.07,3.43
2010-06-07,002199,13.91,15.18,15.32,13.89,27041,39821687.91,10.01,6.3,0.9,10.0
2010-06-08,002199,15.0,15.69,15.92,15.0,35159,54961925.61,6.06,3.36,0.51,13.0
2010-06-09,002199,15.81,15.85,15.94,15.46,29031,45676592.35,3.06,1.02,0.16,10.74
2010-06-10,002199,15.86,17.44,17.44,15.86,33647,57003270.69,9.97,10.03,1.59,12.44
2010-06-11,002199,18.2,18.04,18.44,17.6,77909,139415008.41,4.82,3.44,0.6,28.81
2010-06-17,002199,18.3,19.84,19.84,18.08,91066,177260470.62,9.76,9.98,1.8,33.68
2010-06-18,002199,19.84,17.86,19.9,17.86,59505,111855468.63,10.28,-9.98,-1.98,22.01
2010-06-21,002199,17.2,18.26,18.36,16.61,51411,89546711.39,9.8,2.24,0.4,19.01
2010-06-22,002199,17.8,17.67,18.34,17.4,40718,72352068.36,5.15,-3.23,-0.59,15.06
2010-06-23,002199,17.33,17.46,17.92,17.1,32165,56207344.42,4.64,-1.19,-0.21,11.9
2010-06-24,002199,17.39,17.28,17.58,17.04,23914,41320976.77,3.09,-1.03,-0.18,8.84
2010-06-25,002199,17.28,16.7,17.28,16.3,26895,44850806.12,5.67,-3.36,-0.58,9.95
2010-06-28,002199,16.7,17.0,17.15,16.35,27127,45854579.6,4.79,1.8,0.3,10.03
2010-06-29,002199,16.95,15.54,17.0,15.3,26591,42374870.15,10.0,-8.59,-1.46,9.83
2010-07-01,002199,15.3,15.4,15.7,15.12,19920,30790239.39,3.73,-0.9,-0.14,7.37
2010-07-02,002199,15.29,14.6,15.43,14.07,24258,35274998.07,8.83,-5.19,-0.8,8.97
2010-07-05,002199,14.3,14.34,14.55,14.0,14403,20513036.15,3.77,-1.78,-0.26,5.33
2010-07-06,002199,14.3,14.95,14.98,14.24,23515,34721195.19,5.16,4.25,0.61,8.7
2010-07-07,002199,15.1,15.45,15.62,14.84,24459,37289114.18,5.22,3.34,0.5,9.05
2010-07-08,002199,15.45,15.06,15.45,14.9,18866,28553086.48,3.56,-2.52,-0.39,6.98
2010-07-09,002199,14.97,15.5,15.75,14.71,22898,35078703.96,6.91,2.92,0.44,8.47
2010-07-12,002199,15.4,16.3,16.38,15.35,28169,44553629.76,6.65,5.16,0.8,10.42
2010-07-13,002199,16.09,15.94,16.19,15.63,23866,37945306.09,3.44,-2.21,-0.36,8.83
2010-07-14,002199,15.89,16.08,16.27,15.89,20809,33387534.24,2.38,0.88,0.14,7.7
2010-07-15,002199,16.3,15.28,16.34,15.24,19695,31265763.46,6.84,-4.98,-0.8,7.28
2010-07-16,002199,15.0,15.37,15.38,14.81,14171,21376426.64,3.73,0.59,0.09,5.24
2010-07-19,002199,15.13,16.11,16.22,14.98,20091,31688943.96,8.07,4.81,0.74,7.43
2010-07-20,002199,16.0,16.46,16.6,15.96,28551,46684530.3,3.97,2.17,0.35,10.56
2010-07-21,002199,16.46,16.31,16.58,16.21,23290,38247381.42,2.25,-0.91,-0.15,8.61
2010-07-22,002199,16.31,16.94,17.0,16.17,33499,55793890.09,5.09,3.86,0.63,12.39
2010-07-23,002199,16.91,16.98,16.98,16.52,26432,44345314.4,2.72,0.24,0.04,9.78
2010-07-26,002199,16.95,17.15,17.4,16.84,27689,47410306.0,3.3,1.0,0.17,10.24
2010-07-27,002199,17.12,16.81,17.17,16.75,19692,33276638.96,2.45,-1.98,-0.34,7.28
2010-07-28,002199,16.83,17.36,17.53,16.82,33280,57554838.09,4.22,3.27,0.55,12.31
2010-07-29,002199,17.36,17.23,17.4,17.02,22942,39440251.77,2.19,-0.75,-0.13,8.48
2010-07-30,002199,17.29,16.9,17.29,16.76,17142,29091641.25,3.08,-1.92,-0.33,6.34
2010-08-02,002199,16.92,17.08,17.18,16.84,18520,31499989.23,2.01,1.07,0.18,6.85
2010-08-03,002199,17.08,17.25,17.8,17.05,40020,69726995.36,4.39,1.0,0.17,14.8
2010-08-04,002199,16.97,17.2,17.2,16.71,18097,30679128.05,2.84,-0.29,-0.05,6.69
2010-08-05,002199,17.2,17.45,17.72,17.13,25001,43599622.82,3.43,1.45,0.25,9.25
2010-08-06,002199,17.46,17.99,18.18,17.45,38984,69640568.35,4.18,3.09,0.54,14.42
2010-08-09,002199,17.9,18.09,18.14,17.71,25680,45969541.1,2.39,0.56,0.1,9.5
2010-08-10,002199,18.08,16.99,18.08,16.94,24974,43651487.53,6.3,-6.08,-1.1,9.24
2010-08-11,002199,16.98,17.25,17.33,16.97,13433,23031263.1,2.12,1.53,0.26,4.97
2010-08-12,002199,16.91,16.82,17.17,16.81,15310,26024051.44,2.09,-2.49,-0.43,5.66
2010-08-13,002199,16.95,17.85,17.95,16.76,26762,46727168.19,7.07,6.12,1.03,9.9
2010-08-16,002199,17.65,18.7,18.92,17.65,48184,88565753.84,7.11,4.76,0.85,17.82
2010-08-17,002199,18.7,18.75,18.86,18.57,32731,61225593.38,1.55,0.27,0.05,12.1
2010-08-18,002199,18.63,18.38,18.69,18.3,23622,43554384.82,2.08,-1.97,-0.37,8.74
2010-08-19,002199,18.32,18.31,18.58,18.2,17682,32454535.92,2.07,-0.38,-0.07,6.54
2010-08-20,002199,18.3,17.56,18.3,17.55,18491,33002400.83,4.1,-4.1,-0.75,6.84
2010-08-23,002199,17.35,17.7,17.97,17.33,10328,18330090.68,3.64,0.8,0.14,3.82
2010-08-24,002199,17.62,19.02,19.38,17.46,42163,78246719.39,10.85,7.46,1.32,15.59
2010-08-25,002199,18.8,18.99,19.1,18.7,36081,68136538.1,2.1,-0.16,-0.03,13.34
2010-08-26,002199,19.05,19.6,19.81,18.7,63875,123554623.99,5.85,3.21,0.61,23.62
2010-08-27,002199,19.45,19.14,19.45,18.95,29593,56785854.59,2.55,-2.35,-0.46,10.94
2010-08-30,002199,19.25,19.36,19.57,18.91,24444,47116737.3,3.45,1.15,0.22,9.04
2010-08-31,002199,19.3,19.42,19.47,19.0,23140,44483372.27,2.43,0.31,0.06,8.56
2010-09-01,002199,19.42,19.6,19.95,18.9,36047,70261579.87,5.41,0.93,0.18,13.33
2010-09-02,002199,19.68,19.84,19.9,19.3,32747,64216575.75,3.06,1.22,0.24,12.11
2010-09-03,002199,19.76,20.18,20.45,19.65,35461,71148098.88,4.03,1.71,0.34,13.11
2010-09-06,002199,20.19,19.56,20.35,19.5,23789,47124740.0,4.21,-3.07,-0.62,8.8
2010-09-07,002199,19.55,19.68,19.8,19.0,15691,30366063.27,4.09,0.61,0.12,5.8
2010-09-08,002199,19.56,19.4,19.68,19.25,12941,25098580.67,2.18,-1.42,-0.28,4.79
2010-09-10,002199,19.08,19.37,19.39,18.81,15315,29304186.68,2.99,-0.15,-0.03,5.66
2010-09-13,002199,19.4,19.81,19.98,19.2,19463,38302409.44,4.03,2.27,0.44,7.2
2010-09-14,002199,19.98,20.01,20.51,19.81,27036,54573725.15,3.53,1.01,0.2,10.0
2010-09-15,002199,19.85,19.38,20.29,19.38,16173,32067435.5,4.55,-3.15,-0.63,5.98
2010-09-16,002199,19.37,18.21,19.5,18.11,18264,34007763.58,7.17,-6.04,-1.17,6.75
2010-09-17,002199,18.23,18.24,18.59,18.02,8119,14850367.65,3.13,0.16,0.03,3.0
2010-09-20,002199,18.25,17.5,18.49,17.49,10866,19399780.58,5.48,-4.06,-0.74,4.02
2010-09-21,002199,17.51,17.55,17.66,17.37,6309,11056850.35,1.66,0.29,0.05,2.33
2010-09-27,002199,17.8,18.16,18.24,17.62,6659,11976458.19,3.53,3.48,0.61,2.46
2010-09-28,002199,18.17,18.0,18.35,17.93,7617,13811590.92,2.31,-0.88,-0.16,2.82
2010-09-29,002199,18.0,17.64,18.15,17.56,7437,13190044.09,3.28,-2.0,-0.36,2.75
2010-09-30,002199,17.38,17.82,17.88,17.38,4763,8430833.16,2.83,1.02,0.18,1.76
2010-10-08,002199,18.0,18.13,18.34,18.0,8753,15940931.63,1.91,1.74,0.31,3.24
2010-10-11,002199,18.16,18.32,18.5,18.05,12677,23157959.27,2.48,1.05,0.19,4.69
2010-10-12,002199,18.32,18.16,18.52,18.1,11080,20199623.06,2.29,-0.87,-0.16,4.1
2010-10-13,002199,18.36,18.3,18.42,17.89,13798,24989968.26,2.92,0.77,0.14,5.1
2010-10-14,002199,18.35,17.58,18.45,17.5,15027,26823266.19,5.19,-3.93,-0.72,5.56
2010-10-15,002199,17.52,17.31,17.82,17.26,11920,20948778.94,3.19,-1.54,-0.27,4.41
2010-10-18,002199,17.4,17.68,17.75,17.1,12279,21308635.26,3.76,2.14,0.37,4.54
2010-10-19,002199,17.68,18.21,18.31,17.51,19563,35529563.29,4.52,3.0,0.53,7.23
2010-10-20,002199,18.15,18.06,18.54,17.9,15751,28690921.76,3.51,-0.82,-0.15,5.83
2010-10-21,002199,18.17,18.3,18.49,17.93,13335,24307910.25,3.1,1.33,0.24,4.93
2010-10-22,002199,18.3,18.39,18.5,18.17,14547,26665078.37,1.8,0.49,0.09,5.38
2010-10-25,002199,18.39,19.1,19.24,18.39,26054,49564601.46,4.62,3.86,0.71,9.64
2010-10-26,002199,19.1,18.94,19.26,18.63,16667,31392990.84,3.3,-0.84,-0.16,6.16
2010-10-27,002199,19.05,18.44,19.08,18.36,17218,32406068.85,3.8,-2.64,-0.5,6.37
2010-10-28,002199,18.5,18.94,18.96,18.12,24974,46520825.96,4.56,2.71,0.5,9.24
2010-10-29,002199,18.95,19.15,19.81,18.94,43767,85101187.59,4.59,1.11,0.21,16.19
2010-11-01,002199,19.11,19.57,19.64,18.6,30807,59334847.72,5.43,2.19,0.42,11.39
2010-11-02,002199,19.62,19.18,20.2,19.1,31583,62121853.46,5.62,-1.99,-0.39,11.68
2010-11-03,002199,18.86,18.23,19.3,18.2,20636,38599189.7,5.74,-4.95,-0.95,7.63
2010-11-04,002199,18.23,19.2,19.2,18.23,16478,30843285.38,5.32,5.32,0.97,6.09
2010-11-05,002199,19.28,19.5,19.65,19.0,18812,36362834.28,3.39,1.56,0.3,6.96
2010-11-08,002199,19.99,19.73,19.99,19.22,22944,45066518.6,3.95,1.18,0.23,8.49
2010-11-09,002199,19.64,19.87,19.95,19.38,23380,45876617.06,2.89,0.71,0.14,8.65
2010-11-10,002199,19.87,20.15,20.47,19.71,35685,71937508.99,3.82,1.41,0.28,13.2
2010-11-11,002199,19.91,19.68,20.29,19.68,28831,57733782.82,3.03,-2.33,-0.47,10.66
2010-11-12,002199,19.6,17.98,19.94,17.95,22963,43640827.44,10.11,-8.64,-1.7,8.49
2010-11-15,002199,18.01,18.71,18.75,18.0,11022,20172297.67,4.17,4.06,0.73,4.08
2010-11-16,002199,18.88,18.25,19.2,18.1,14760,27609066.75,5.88,-2.46,-0.46,5.46
2010-11-17,002199,18.5,18.05,18.6,17.98,7659,13955452.72,3.4,-1.1,-0.2,2.83
2010-11-18,002199,18.36,18.64,18.65,18.03,11784,21653645.86,3.43,3.27,0.59,4.36
2010-11-19,002199,18.6,20.5,20.5,18.46,82348,166919224.6,10.94,9.98,1.86,30.45
2010-11-22,002199,21.5,22.48,22.55,21.13,141232,313437167.55,6.93,9.66,1.98,52.23
2010-11-23,002199,21.49,21.5,22.0,20.6,77189,164305311.76,6.23,-4.36,-0.98,28.55
2010-11-24,002199,21.5,22.24,23.0,21.0,72290,159297960.49,9.3,3.44,0.74,26.73
2010-11-25,002199,22.24,22.08,23.5,21.74,64965,146617880.31,7.91,-0.72,-0.16,24.03
2010-11-26,002199,21.62,22.34,22.66,21.17,51357,112625599.2,6.75,1.18,0.26,18.99
2010-11-29,002199,22.25,22.5,22.88,21.86,43092,96614419.34,4.57,0.72,0.16,15.94
2010-11-30,002199,22.43,21.36,22.88,20.65,38472,83536285.87,9.91,-5.07,-1.14,14.23
2010-12-01,002199,21.0,20.84,21.33,20.51,23348,48697952.35,3.84,-2.43,-0.52,8.63
2010-12-02,002199,21.0,21.0,21.48,20.78,22017,46411530.52,3.36,0.77,0.16,8.14
2010-12-03,002199,20.8,20.46,21.0,20.22,20007,41007257.07,3.71,-2.57,-0.54,7.4
2010-12-06,002199,20.02,19.7,20.4,19.5,20244,40070242.3,4.4,-3.71,-0.76,7.49
2010-12-07,002199,19.7,20.35,20.4,19.31,19196,38298065.92,5.53,3.3,0.65,7.1
2010-12-08,002199,20.24,19.95,20.43,19.82,13817,27812102.78,3.0,-1.97,-0.4,5.11
2010-12-09,002199,19.88,19.89,20.6,19.29,25232,50704606.6,6.57,-0.3,-0.06,9.33
2010-12-10,002199,19.6,20.2,20.24,19.3,13549,27076335.84,4.73,1.56,0.31,5.01
2010-12-13,002199,20.15,20.74,20.79,20.15,21377,43918509.11,3.17,2.67,0.54,7.91
2010-12-14,002199,20.8,21.08,21.08,20.55,22584,46892701.53,2.56,1.64,0.34,8.35
2010-12-15,002199,21.08,21.27,21.7,20.86,31518,67376139.56,3.98,0.9,0.19,11.66
2010-12-16,002199,21.24,20.62,21.24,20.5,26234,54424796.22,3.48,-3.06,-0.65,9.7
2010-12-17,002199,20.57,20.55,20.75,20.5,10044,20658535.53,1.21,-0.34,-0.07,3.71
2010-12-20,002199,20.61,19.7,20.8,19.56,19138,38243905.29,6.03,-4.14,-0.85,7.08
2010-12-21,002199,19.71,20.2,20.22,19.69,10761,21459714.76,2.69,2.54,0.5,1.85
2010-12-22,002199,20.18,19.97,20.18,19.79,8798,17514108.37,1.93,-1.14,-0.23,1.51
2010-12-23,002199,19.97,19.62,20.05,19.57,8737,17237769.58,2.4,-1.75,-0.35,1.5
2010-12-24,002199,19.73,19.28,19.73,18.8,8047,15568258.57,4.74,-1.73,-0.34,1.38
2010-12-27,002199,19.1,18.54,19.69,18.54,6992,13404515.18,5.96,-3.84,-0.74,1.2
2010-12-28,002199,18.53,18.28,18.78,18.18,6177,11398253.81,3.24,-1.4,-0.26,1.06
2010-12-29,002199,18.28,18.79,18.79,18.28,5618,10446786.42,2.79,2.79,0.51,0.97
2010-12-30,002199,18.8,18.79,19.05,18.5,4994,9369991.22,2.93,0.0,0.0,0.86
2010-12-31,002199,18.95,19.08,19.15,18.67,6796,12907901.91,2.55,1.54,0.29,1.17
2011-01-04,002199,19.44,19.28,19.44,18.9,8427,16182901.23,2.83,1.05,0.2,1.45
2011-01-05,002199,19.27,19.25,19.46,19.05,7087,13679502.74,2.13,-0.16,-0.03,1.22
2011-01-06,002199,19.13,18.77,19.32,18.7,8055,15230529.98,3.22,-2.49,-0.48,1.39
2011-01-07,002199,18.7,18.52,18.94,18.5,6869,12821434.13,2.34,-1.33,-0.25,1.18
2011-01-10,002199,18.7,18.4,18.92,18.22,6514,12110964.64,3.78,-0.65,-0.12,1.12
2011-01-11,002199,18.38,17.74,18.38,17.67,8421,15035968.97,3.86,-3.59,-0.66,1.45
2011-01-12,002199,17.74,17.97,18.09,17.74,3998,7153710.1,1.97,1.3,0.23,0.69
2011-01-13,002199,17.98,18.2,18.26,17.98,4453,8092310.74,1.56,1.28,0.23,0.77
2011-01-14,002199,18.23,17.9,18.23,17.85,3394,6092353.03,2.09,-1.65,-0.3,0.58
2011-01-17,002199,17.72,16.91,17.75,16.9,5079,8716950.61,4.75,-5.53,-0.99,0.87
2011-01-18,002199,16.89,16.55,16.89,16.31,4407,7279175.97,3.43,-2.13,-0.36,0.76
2011-01-19,002199,16.55,17.0,17.19,16.52,5559,9401392.31,4.05,2.72,0.45,0.96
2011-01-20,002199,16.98,16.1,16.98,16.1,5204,8651508.88,5.18,-5.29,-0.9,0.9
2011-01-21,002199,16.1,16.17,16.5,16.0,4717,7670512.01,3.11,0.43,0.07,0.81
2011-01-24,002199,16.3,16.77,16.95,16.3,6806,11297912.71,4.02,3.71,0.6,1.17
2011-01-25,002199,16.61,16.53,16.83,16.3,3132,5168435.51,3.16,-1.43,-0.24,0.54
2011-01-26,002199,16.53,16.68,16.9,16.45,3059,5126276.74,2.72,0.91,0.15,0.53
2011-01-27,002199,16.41,16.78,16.94,16.38,4887,8193985.95,3.36,0.6,0.1,0.84
2011-01-28,002199,16.78,17.06,17.08,16.7,5629,9526640.74,2.26,1.67,0.28,0.97
2011-01-31,002199,17.06,17.06,17.18,16.8,6638,11295315.51,2.23,0.0,0.0,1.14
2011-02-01,002199,17.05,16.94,17.05,16.67,3776,6368718.86,2.23,-0.7,-0.12,0.65
2011-02-09,002199,16.94,16.69,16.94,16.61,3826,6405698.66,1.95,-1.48,-0.25,0.66
2011-02-10,002199,16.98,17.21,17.25,16.7,5969,10147225.61,3.3,3.12,0.52,1.03
2011-02-11,002199,17.21,17.39,17.5,17.1,8491,14723624.01,2.32,1.05,0.18,1.46
2011-02-14,002199,17.39,17.53,17.71,17.35,7934,13868830.01,2.07,0.81,0.14,1.36
2011-02-15,002199,17.5,17.56,17.8,17.39,7779,13678230.53,2.34,0.17,0.03,1.34
2011-02-16,002199,17.54,18.22,18.24,17.41,13903,24925609.7,4.73,3.76,0.66,2.39
2011-02-17,002199,18.22,17.97,18.47,17.85,9289,16786700.97,3.4,-1.37,-0.25,1.6
2011-02-18,002199,17.97,17.63,17.97,17.55,6752,11950591.86,2.34,-1.89,-0.34,1.16
2011-02-21,002199,17.5,17.94,18.0,17.42,7162,12760141.9,3.29,1.76,0.31,1.23
2011-02-22,002199,17.9,17.69,18.1,17.61,8348,14892837.08,2.73,-1.39,-0.25,1.44
2011-02-23,002199,17.6,18.16,18.2,17.6,9217,16548484.91,3.39,2.66,0.47,1.59
2011-02-24,002199,19.98,19.98,19.98,19.98,27162,54270075.6,0.0,10.02,1.82,4.67
2011-02-25,002199,21.98,21.98,21.98,21.41,79318,174133142.75,2.85,10.01,2.0,13.64
2011-02-28,002199,22.93,24.18,24.18,22.61,140302,330971097.32,7.14,10.01,2.2,24.13
2011-03-01,002199,23.98,24.24,24.43,23.37,90331,216069627.76,4.38,0.25,0.06,15.54
2011-03-02,002199,23.99,23.8,24.7,23.6,70567,169460782.6,4.54,-1.82,-0.44,12.14
2011-03-03,002199,23.92,22.41,23.92,22.3,95407,218974813.58,6.81,-5.84,-1.39,16.41
2011-03-04,002199,22.29,22.47,22.68,22.02,41954,93689971.1,2.95,0.27,0.06,7.22
2011-03-07,002199,22.48,22.47,22.76,21.88,49724,110936985.26,3.92,0.0,0.0,8.55
2011-03-08,002199,22.25,22.96,22.99,22.16,59169,133488152.74,3.69,2.18,0.49,10.18
2011-03-09,002199,22.8,22.45,22.9,22.3,36695,82737699.2,2.61,-2.22,-0.51,6.31
2011-03-10,002199,22.43,22.12,22.8,22.01,34252,76779037.96,3.52,-1.47,-0.33,5.89
2011-03-11,002199,22.05,22.5,23.25,22.04,65267,147455576.13,5.47,1.72,0.38,11.23
2011-03-14,002199,22.4,22.5,23.5,22.4,50745,116174790.18,4.89,0.0,0.0,8.73
2011-03-16,002199,22.08,22.52,22.6,21.56,38478,84873793.83,4.62,0.09,0.02,6.62
2011-03-17,002199,22.33,21.61,22.33,21.39,28983,63315313.57,4.17,-4.04,-0.91,4.99
2011-03-18,002199,21.75,22.22,22.3,21.5,26407,58041275.52,3.7,2.82,0.61,4.54
2011-03-21,002199,22.0,21.78,22.21,21.55,16650,36345734.4,2.97,-1.98,-0.44,2.86
2011-03-22,002199,21.72,21.07,21.9,20.75,23694,50043547.78,5.28,-3.26,-0.71,4.08
2011-03-23,002199,20.95,21.18,21.4,20.92,17839,37776858.76,2.28,0.52,0.11,3.07
2011-03-24,002199,21.27,21.35,21.53,21.1,18644,39772770.04,2.03,0.8,0.17,3.21
2011-03-25,002199,21.3,21.44,21.45,21.04,24207,51379923.11,1.92,0.42,0.09,4.16
2011-03-28,002199,21.45,21.22,21.85,21.2,25602,55020987.59,3.03,-1.03,-0.22,4.4
2011-03-29,002199,21.17,20.04,21.17,20.0,35196,71643464.2,5.51,-5.56,-1.18,6.05
2011-03-30,002199,20.11,19.69,20.18,19.68,19525,38727241.74,2.5,-1.75,-0.35,3.36
2011-03-31,002199,19.58,19.91,20.19,19.51,14110,28073055.96,3.45,1.12,0.22,2.43
2011-04-01,002199,19.93,20.1,20.2,19.8,12118,24268019.72,2.01,0.95,0.19,2.08
2011-04-06,002199,20.09,19.82,20.09,19.52,14388,28430012.44,2.84,-1.39,-0.28,2.47
2011-04-07,002199,19.78,20.24,20.34,19.71,13933,27926444.3,3.18,2.12,0.42,2.4
2011-04-08,002199,20.24,20.35,20.37,20.09,13484,27330496.89,1.38,0.54,0.11,2.32
2011-04-11,002199,20.36,19.6,20.48,19.58,17463,34794939.1,4.42,-3.69,-0.75,3.0
2011-04-12,002199,19.54,19.69,19.93,19.48,9385,18476100.49,2.3,0.46,0.09,1.61
2011-04-13,002199,19.61,20.13,20.21,19.55,12409,24859414.09,3.35,2.23,0.44,2.13
2011-04-14,002199,20.13,19.9,20.29,19.77,12153,24262019.81,2.58,-1.14,-0.23,2.09
2011-04-15,002199,20.11,19.79,20.15,19.58,11458,22715327.4,2.86,-0.55,-0.11,1.97
2011-04-18,002199,19.66,18.85,19.8,18.8,22228,42365939.14,5.05,-4.75,-0.94,3.82
2011-04-19,002199,18.84,18.83,19.2,18.7,12770,24172871.57,2.65,-0.11,-0.02,2.2
2011-04-20,002199,18.84,19.1,19.11,18.78,10921,20721571.09,1.75,1.43,0.27,1.88
2011-04-22,002199,18.8,18.51,18.8,18.25,17265,31812590.69,2.88,-3.09,-0.59,2.97
2011-04-25,002199,18.27,18.34,18.5,18.17,8594,15750679.92,1.78,-0.92,-0.17,1.48
2011-04-26,002199,18.26,17.82,18.45,17.73,10954,19707686.56,3.93,-2.84,-0.52,1.88
2011-04-27,002199,17.97,17.65,18.12,17.6,6593,11741171.2,2.92,-0.95,-0.17,1.13
2011-04-28,002199,17.68,17.65,17.99,17.52,7034,12453448.56,2.66,0.0,0.0,1.21
2011-04-29,002199,17.76,18.04,18.14,17.62,7229,12964253.53,2.95,2.21,0.39,1.24
2011-05-03,002199,18.04,18.14,18.22,17.7,7564,13604894.24,2.88,0.55,0.1,1.3
2011-05-04,002199,18.14,18.6,18.68,17.83,13021,23687781.29,4.69,2.54,0.46,2.24
2011-05-05,002199,18.5,18.47,18.65,18.3,9066,16756438.03,1.88,-0.7,-0.13,1.56
2011-05-06,002199,18.32,18.31,18.4,17.61,11859,21476426.45,4.28,-0.87,-0.16,2.04
2011-05-09,002199,18.25,18.6,18.74,18.21,10626,19639018.71,2.89,1.58,0.29,1.83
2011-05-10,002199,18.73,19.05,19.25,18.73,21811,41528352.16,2.8,2.42,0.45,3.75
2011-05-11,002199,18.93,18.65,18.93,18.6,10837,20309963.39,1.73,-2.1,-0.4,1.86
2011-05-12,002199,18.55,18.15,18.92,18.13,10942,20312449.21,4.24,-2.68,-0.5,1.88
2011-05-13,002199,18.14,18.21,18.27,17.9,8729,15795675.64,2.04,0.33,0.06,1.5
2011-05-16,002199,18.15,17.94,18.26,17.92,6626,11998172.3,1.87,-1.48,-0.27,1.14
2011-05-17,002199,17.93,17.96,18.1,17.32,10144,17989763.11,4.35,0.11,0.02,1.74
2011-05-18,002199,17.9,17.74,17.96,17.67,5509,9802819.79,1.61,-1.22,-0.22,0.95
2011-05-19,002199,17.74,18.1,18.19,17.68,10746,19391288.25,2.87,2.03,0.36,1.85
2011-05-20,002199,18.14,18.27,18.29,18.0,8227,14966528.66,1.6,0.94,0.17,1.42
2011-05-23,002199,18.27,17.06,18.41,17.02,11145,19716184.05,7.61,-6.62,-1.21,1.92
2011-05-24,002199,17.02,16.8,17.15,16.46,7250,12126129.95,4.04,-1.52,-0.26,1.25
2011-05-25,002199,16.82,16.56,16.93,16.48,4854,8110545.97,2.68,-1.43,-0.24,0.83
2011-05-26,002199,16.58,16.2,16.79,16.2,4605,7611126.12,3.56,-2.17,-0.36,0.79
2011-05-27,002199,16.34,16.14,16.44,16.01,5779,9354772.28,2.65,-0.37,-0.06,0.99
2011-05-30,002199,16.06,16.09,16.3,15.9,3767,6080976.78,2.48,-0.31,-0.05,0.65
2011-05-31,002199,16.1,16.59,16.65,16.1,4834,7893613.25,3.42,3.11,0.5,0.83
2011-06-01,002199,16.8,16.63,16.8,16.38,4123,6812969.4,2.53,0.24,0.04,0.71
2011-06-02,002199,16.43,16.05,16.46,16.04,4917,7960902.7,2.53,-3.49,-0.58,0.85
2011-06-03,002199,16.2,16.73,16.87,16.11,7914,13110250.75,4.74,4.24,0.68,1.36
2011-06-07,002199,16.7,16.75,16.86,16.55,4975,8335641.17,1.85,0.12,0.02,0.86
2011-06-08,002199,16.75,16.7,16.75,16.3,4008,6636500.54,2.69,-0.3,-0.05,0.69
2011-06-09,002199,16.7,16.28,16.7,16.28,4531,7444753.78,2.51,-2.51,-0.42,0.78
2011-06-10,002199,16.17,16.39,16.4,16.16,3240,5267743.71,1.47,0.68,0.11,0.56
2011-06-13,002199,16.39,16.02,16.39,15.8,5805,9258712.87,3.6,-2.26,-0.37,1.0
2011-06-14,002199,15.9,16.29,16.35,15.9,4151,6738969.98,2.81,1.69,0.27,0.71
2011-06-15,002199,16.2,16.21,16.46,16.12,4606,7524578.44,2.09,-0.49,-0.08,0.79
2011-06-16,002199,16.02,15.95,16.23,15.93,4408,7077447.12,1.85,-1.6,-0.26,0.76
2011-06-17,002199,15.9,15.02,16.09,15.01,8834,13695587.29,6.77,-5.83,-0.93,1.52
2011-06-20,002199,15.01,14.6,15.12,14.53,5697,8367919.19,3.93,-2.8,-0.42,0.98
2011-06-21,002199,14.6,14.82,14.99,14.6,4311,6364849.71,2.67,1.51,0.22,0.74
2011-06-22,002199,14.7,14.96,14.99,14.7,3556,5283609.88,1.96,0.94,0.14,0.61
2011-06-23,002199,15.05,15.43,15.49,15.05,7542,11540943.54,2.94,3.14,0.47,1.3
2011-06-24,002199,15.16,15.89,16.02,15.16,13619,21403361.55,5.57,2.98,0.46,2.34
2011-06-27,002199,16.2,16.14,16.33,15.9,11543,18625741.03,2.71,1.57,0.25,1.99
2011-06-28,002199,16.14,17.75,17.75,15.7,27992,47939388.0,12.7,9.98,1.61,4.81
2011-06-29,002199,17.85,17.11,17.97,16.83,38418,66503403.73,6.42,-3.61,-0.64,6.61
2011-06-30,002199,16.99,17.41,18.2,16.94,21655,37461655.28,7.36,1.75,0.3,3.72
2011-07-01,002199,17.38,16.96,17.6,16.93,20473,35397814.58,3.85,-2.58,-0.45,3.52
2011-07-04,002199,17.0,17.26,17.3,16.85,11454,19622431.9,2.65,1.77,0.3,1.97
2011-07-05,002199,17.24,17.27,17.42,17.08,10211,17597266.46,1.97,0.06,0.01,1.76
2011-07-06,002199,17.4,17.45,17.85,17.3,17964,31537024.76,3.18,1.04,0.18,3.09
2011-07-07,002199,17.26,17.15,17.53,17.11,13472,23378871.78,2.41,-1.72,-0.3,2.32
2011-07-08,002199,17.18,16.9,17.28,16.88,8702,14843455.61,2.33,-1.46,-0.25,1.5
2011-07-11,002199,16.7,16.96,17.06,16.65,6232,10505201.54,2.43,0.36,0.06,1.07
2011-07-12,002199,16.88,16.55,16.94,16.52,6273,10489192.6,2.48,-2.42,-0.41,1.08
2011-07-13,002199,16.6,18.21,18.21,16.6,55970,100240146.07,9.73,10.03,1.66,9.63
2011-07-14,002199,18.3,18.77,19.08,18.22,81521,151401603.02,4.72,3.08,0.56,14.02
2011-07-15,002199,18.59,18.45,18.66,18.38,34688,64155882.76,1.49,-1.7,-0.32,5.97
2011-07-18,002199,18.4,18.6,18.85,18.3,26548,49144581.93,2.98,0.81,0.15,4.57
2011-07-19,002199,18.48,18.18,18.54,18.1,15455,28179754.69,2.37,-2.26,-0.42,2.66
2011-07-20,002199,18.19,18.19,18.39,17.91,12730,23087711.01,2.64,0.06,0.01,2.19
2011-07-21,002199,18.31,17.97,18.37,17.96,10253,18575946.63,2.25,-1.21,-0.22,1.76
2011-07-22,002199,18.0,17.65,18.12,17.59,12167,21707762.86,2.95,-1.78,-0.32,2.09
2011-07-25,002199,17.72,17.22,18.06,17.18,14328,25261315.94,4.99,-2.44,-0.43,2.46
2011-07-26,002199,17.1,17.05,17.37,16.66,11570,19546243.74,4.12,-0.99,-0.17,1.99
2011-07-27,002199,16.85,17.21,17.49,16.68,13075,22498425.29,4.75,0.94,0.16,2.25
2011-07-28,002199,17.0,17.22,17.57,16.9,12870,22271308.38,3.89,0.06,0.01,2.21
2011-07-29,002199,17.1,16.15,17.19,15.94,27934,45685381.72,7.26,-6.21,-1.07,4.8
2011-08-01,002199,15.99,16.04,16.1,15.72,11354,18103612.37,2.35,-0.68,-0.11,1.95
2011-08-02,002199,16.04,15.6,16.04,15.31,11256,17468049.62,4.55,-2.74,-0.44,1.94
2011-08-03,002199,15.46,15.73,15.85,15.35,8873,13950286.0,3.21,0.83,0.13,1.53
2011-08-04,002199,15.84,16.08,16.09,15.72,9463,15102667.68,2.35,2.23,0.35,1.63
2011-08-05,002199,15.65,15.66,15.74,14.9,7462,11574406.47,5.22,-2.61,-0.42,1.28
2011-08-08,002199,15.17,14.27,15.5,14.09,16085,23500747.91,9.0,-8.88,-1.39,2.77
2011-08-09,002199,14.0,14.3,14.44,13.32,13832,19195380.61,7.85,0.21,0.03,2.38
2011-08-10,002199,14.55,14.43,14.91,14.37,11391,16703805.83,3.78,0.91,0.13,1.96
2011-08-11,002199,14.0,14.82,14.98,13.75,13376,19562243.56,8.52,2.7,0.39,2.3
2011-08-12,002199,14.98,14.92,15.35,14.83,12377,18640033.0,3.51,0.67,0.1,2.13
2011-08-15,002199,15.29,15.25,15.29,15.02,7794,11833090.0,1.81,2.21,0.33,1.34
2011-08-16,002199,15.36,15.02,15.36,14.82,8818,13349990.0,3.54,-1.51,-0.23,1.52
2011-08-17,002199,14.88,14.76,15.1,14.71,5535,8224033.0,2.6,-1.73,-0.26,0.95
2011-08-18,002199,14.89,14.75,15.18,14.7,7616,11349030.0,3.25,-0.07,-0.01,1.31
2011-08-19,002199,14.35,16.23,16.23,14.12,44303,69295147.0,14.31,10.03,1.48,7.62
2011-08-22,002199,16.05,15.72,16.3,15.62,30297,48090310.0,4.19,-3.14,-0.51,5.21
2011-08-23,002199,15.66,15.93,16.08,15.58,20867,33015306.0,3.18,1.34,0.21,3.59
2011-08-24,002199,15.93,16.33,16.6,15.82,40664,66194312.0,4.9,2.51,0.4,6.99
2011-08-25,002199,16.34,16.3,16.35,15.71,26174,42028556.0,3.92,-0.18,-0.03,4.5
2011-08-26,002199,16.1,16.09,16.25,15.93,14284,22992206.0,1.96,-1.29,-0.21,2.46
2011-08-29,002199,16.09,15.7,16.09,15.7,10357,16350717.0,2.42,-2.42,-0.39,1.78
2011-08-30,002199,15.9,15.96,16.87,15.76,32774,53674095.0,7.07,1.66,0.26,5.64
2011-08-31,002199,16.0,15.62,16.18,15.52,14047,22085855.0,4.14,-2.13,-0.34,2.42
2011-09-01,002199,15.75,15.74,15.8,15.52,8346,13077222.0,1.79,0.77,0.12,1.44
2011-09-02,002199,15.72,15.57,15.74,15.4,6391,9939415.0,2.16,-1.08,-0.17,1.1
2011-09-05,002199,15.5,14.91,15.57,14.88,7838,11827241.0,4.43,-4.24,-0.66,1.35
2011-09-06,002199,15.0,15.0,15.14,14.85,4541,6806982.0,1.95,0.6,0.09,0.78
2011-09-07,002199,14.98,15.36,15.38,14.98,6242,9508129.0,2.67,2.4,0.36,1.07
2011-09-08,002199,15.37,15.1,15.48,15.03,6011,9185762.0,2.93,-1.69,-0.26,1.03
2011-09-09,002199,15.26,15.13,15.42,15.03,3989,6055936.0,2.58,0.2,0.03,0.69
2011-09-13,002199,15.05,14.66,15.05,14.61,5166,7618214.0,2.91,-3.11,-0.47,0.89
2011-09-14,002199,14.93,14.9,14.93,14.57,4284,6321713.0,2.46,1.64,0.24,0.74
2011-09-15,002199,15.05,16.39,16.39,14.91,31170,50634714.0,9.93,10.0,1.49,5.36
2011-09-16,002199,16.72,16.07,16.72,15.93,43321,70554620.0,4.82,-1.95,-0.32,7.45
2011-09-19,002199,15.7,15.9,16.18,15.63,21955,34911835.0,3.42,-1.06,-0.17,3.78
2011-09-20,002199,15.77,16.04,16.25,15.72,18231,29212599.0,3.33,0.88,0.14,3.14
2011-09-21,002199,15.91,16.45,16.5,15.8,31547,51370774.0,4.36,2.56,0.41,5.43
2011-09-22,002199,16.3,15.79,16.46,15.7,20961,33704825.0,4.62,-4.01,-0.66,3.61
2011-09-23,002199,15.36,15.54,15.67,14.93,13455,20660671.0,4.69,-1.58,-0.25,2.31
2011-09-26,002199,15.6,15.46,15.96,15.35,7689,12036522.0,3.93,-0.51,-0.08,1.32
2011-09-27,002199,15.6,15.51,15.76,15.24,6203,9607431.0,3.36,0.32,0.05,1.07
2011-09-28,002199,15.63,15.98,16.8,15.63,28604,46696605.0,7.54,3.03,0.47,4.92
2011-09-29,002199,15.5,14.66,15.5,14.62,15753,23819447.0,5.51,-8.26,-1.32,2.71
2011-09-30,002199,14.66,14.58,14.96,14.5,8769,12894072.0,3.14,-0.55,-0.08,1.51
2011-10-10,002199,14.95,14.8,14.95,14.61,4262,6289693.0,2.33,1.51,0.22,0.73
2011-10-11,002199,15.2,14.69,15.38,14.59,6605,9903502.0,5.34,-0.74,-0.11,1.14
2011-10-12,002199,14.83,15.51,15.66,14.68,10918,16673222.0,6.67,5.58,0.82,1.88
2011-10-13,002199,15.35,15.75,15.8,15.25,12833,20061882.0,3.55,1.55,0.24,2.21
2011-10-14,002199,15.6,15.56,15.95,15.4,8106,12639975.0,3.49,-1.21,-0.19,1.39
2011-10-17,002199,15.57,15.45,15.77,15.27,8827,13637107.0,3.21,-0.71,-0.11,1.52
2011-10-18,002199,15.35,15.8,16.52,15.26,37597,60343283.0,8.16,2.27,0.35,6.47
2011-10-19,002199,15.45,14.85,15.65,14.38,24439,36591076.0,8.04,-6.01,-0.95,4.2
2011-10-20,002199,14.54,14.56,14.73,14.48,10399,15149865.0,1.68,-1.95,-0.29,1.79
2011-10-21,002199,14.7,14.24,14.85,14.24,7701,11229318.0,4.19,-2.2,-0.32,1.32
2011-10-24,002199,14.24,14.45,14.85,13.68,8316,11857919.0,8.22,1.47,0.21,1.43
2011-10-25,002199,14.47,14.8,14.91,14.3,11817,17387979.0,4.22,2.42,0.35,2.03
2011-10-26,002199,14.62,14.8,15.05,14.53,12246,18215925.0,3.51,0.0,0.0,2.11
2011-10-27,002199,14.8,14.67,15.06,14.56,8641,12768356.0,3.38,-0.88,-0.13,1.49
2011-10-28,002199,14.84,15.02,15.02,14.65,12409,18443208.0,2.52,2.39,0.35,2.13
2011-10-31,002199,15.11,15.26,15.28,14.88,13399,20187545.0,2.66,1.6,0.24,2.3
2011-11-01,002199,15.09,15.05,15.47,14.91,13085,19857461.0,3.67,-1.38,-0.21,2.25
2011-11-02,002199,14.75,15.47,15.95,14.75,23824,36737534.0,7.97,2.79,0.42,4.1
2011-11-03,002199,15.97,15.55,15.97,15.47,26907,42187442.0,3.23,0.52,0.08,4.63
2011-11-04,002199,15.55,15.62,15.89,15.39,19328,30185674.0,3.22,0.45,0.07,3.32
2011-11-07,002199,15.6,15.59,15.85,15.45,13493,21118354.0,2.56,-0.19,-0.03,2.32
2011-11-08,002199,15.4,15.66,15.97,15.4,21355,33725034.0,3.66,0.45,0.07,3.67
2011-11-09,002199,15.66,15.83,15.85,15.34,15632,24420935.0,3.26,1.09,0.17,2.69
2011-11-10,002199,15.65,15.73,16.15,15.6,18013,28521796.0,3.47,-0.63,-0.1,3.1
2011-11-14,002199,15.83,16.09,16.19,15.75,21201,33814059.0,2.8,2.29,0.36,3.65
2011-11-15,002199,16.09,16.38,16.69,15.9,26627,43644767.0,4.91,1.8,0.29,4.58
2011-11-16,002199,16.2,15.6,16.37,15.55,18733,29835658.0,5.01,-4.76,-0.78,3.22
2011-11-17,002199,15.76,15.51,15.86,15.48,10557,16510102.0,2.44,-0.58,-0.09,1.82
2011-11-18,002199,15.52,15.0,15.75,15.0,11157,17127194.0,4.84,-3.29,-0.51,1.92
2011-11-21,002199,15.05,15.19,15.19,14.82,4519,6785113.0,2.47,1.27,0.19,0.78
2011-11-22,002199,15.17,15.06,15.17,14.81,5019,7519131.0,2.37,-0.86,-0.13,0.86
2011-11-23,002199,15.06,15.04,15.18,14.86,4228,6349759.0,2.12,-0.13,-0.02,0.73
2011-11-24,002199,14.96,14.99,15.15,14.7,4519,6762031.0,2.99,-0.33,-0.05,0.78
2011-11-25,002199,15.1,14.75,15.1,14.75,4270,6343872.0,2.33,-1.6,-0.24,0.73
2011-11-28,002199,14.87,14.73,14.87,14.6,3773,5543784.0,1.83,-0.14,-0.02,0.65
2011-11-29,002199,14.98,14.88,14.98,14.68,5126,7592950.0,2.04,1.02,0.15,0.88
2011-11-30,002199,14.89,13.97,14.98,13.8,8499,12129611.0,7.93,-6.12,-0.91,1.46
2011-12-01,002199,14.25,14.16,14.5,14.14,6806,9743224.0,2.58,1.36,0.19,1.17
2011-12-02,002199,14.04,14.26,15.0,14.0,8077,11733906.0,7.06,0.71,0.1,1.39
2011-12-05,002199,14.3,13.67,14.3,13.63,5550,7707330.0,4.7,-4.14,-0.59,0.95
2011-12-06,002199,13.67,13.79,13.8,13.33,4928,6665124.0,3.44,0.88,0.12,0.85
2011-12-07,002199,13.67,13.79,13.91,13.56,2890,3978400.0,2.54,0.0,0.0,0.5
2011-12-08,002199,13.75,13.82,13.93,13.48,4214,5792176.0,3.26,0.22,0.03,0.72
2011-12-09,002199,13.76,13.48,13.87,13.41,4058,5510698.0,3.33,-2.46,-0.34,0.7
2011-12-12,002199,13.5,13.0,13.58,12.95,5313,6984192.0,4.67,-3.56,-0.48,0.91
2011-12-13,002199,12.98,12.29,12.98,12.29,6634,8277625.0,5.31,-5.46,-0.71,1.14
2011-12-14,002199,12.39,11.95,12.39,11.85,4428,5350213.0,4.39,-2.77,-0.34,0.76
2011-12-15,002199,11.9,10.99,11.9,10.82,8012,9018093.0,9.04,-8.03,-0.96,1.38
2011-12-16,002199,10.9,11.19,11.27,10.71,5124,5656960.0,5.1,1.82,0.2,0.88
2011-12-19,002199,11.2,11.48,11.51,10.88,8455,9547759.0,5.63,2.59,0.29,1.45
2011-12-20,002199,11.35,11.33,11.6,11.28,5513,6315518.0,2.79,-1.31,-0.15,0.95
2011-12-21,002199,11.42,11.23,11.85,11.22,7024,8111067.0,5.56,-0.88,-0.1,1.21
2011-12-22,002199,11.02,10.76,11.13,10.32,6589,6982750.0,7.21,-4.19,-0.47,1.13
2011-12-23,002199,10.65,10.79,10.95,10.51,3699,4001301.0,4.09,0.28,0.03,0.64
2011-12-26,002199,10.61,10.68,10.9,10.57,1882,2025727.0,3.06,-1.02,-0.11,0.32
2011-12-27,002199,10.61,10.28,10.67,10.22,2506,2623257.0,4.21,-3.75,-0.4,0.43
2011-12-28,002199,10.2,9.94,10.2,9.57,4756,4667957.0,6.13,-3.31,-0.34,0.82
2011-12-29,002199,9.86,9.92,10.04,9.75,2760,2735524.0,2.92,-0.2,-0.02,0.47
2011-12-30,002199,9.92,10.08,10.15,9.92,2270,2287685.0,2.32,1.61,0.16,0.39
2012-01-04,002199,10.21,9.7,10.26,9.7,3004,3002782.0,5.56,-3.77,-0.38,0.52
2012-01-05,002199,9.6,9.0,9.73,8.8,4196,3876673.0,9.59,-7.22,-0.7,0.72
2012-01-06,002199,8.97,9.1,9.13,8.71,2988,2660816.0,4.67,1.11,0.1,0.51
2012-01-09,002199,9.11,9.55,9.59,8.87,4183,3926840.0,7.91,4.95,0.45,0.72
2012-01-10,002199,9.5,10.09,10.15,9.46,6866,6800115.0,7.23,5.65,0.54,1.18
2012-01-11,002199,10.06,10.86,11.1,10.06,21692,23614383.0,10.31,7.63,0.77,3.73
2012-01-12,002199,10.7,10.6,10.99,10.4,14864,15840568.0,5.43,-2.39,-0.26,2.56
2012-01-13,002199,10.44,9.98,10.57,9.92,7924,8043221.0,6.13,-5.85,-0.62,1.34
2012-01-16,002199,9.9,9.53,9.9,9.5,4640,4461524.0,4.01,-4.51,-0.45,0.79
2012-01-17,002199,9.52,10.17,10.29,9.44,5840,5751706.0,8.92,6.72,0.64,0.99
2012-01-18,002199,10.15,10.35,10.92,10.11,23320,24460772.0,7.96,1.77,0.18,2.9
2012-01-19,002199,10.1,10.15,10.29,9.7,16132,16260527.0,5.7,-1.93,-0.2,2.0
2012-01-20,002199,9.99,9.93,10.26,9.74,10593,10537800.0,5.12,-2.17,-0.22,1.32
2012-01-30,002199,10.18,9.9,10.18,9.87,4746,4738181.0,3.12,-0.3,-0.03,0.59
2012-01-31,002199,9.99,9.85,10.0,9.75,3342,3284176.0,2.53,-0.51,-0.05,0.41
2012-02-01,002199,9.8,9.65,9.94,9.64,3439,3355321.0,3.05,-2.03,-0.2,0.43
2012-02-02,002199,9.68,9.87,9.9,9.68,3154,3089312.0,2.28,2.28,0.22,0.39
2012-02-03,002199,9.88,10.23,10.32,9.88,9977,10104654.0,4.46,3.65,0.36,1.24
2012-02-06,002199,10.3,10.37,10.4,10.15,11689,12017087.0,2.44,1.37,0.14,1.45
2012-02-07,002199,10.3,10.04,10.3,9.95,6478,6537958.0,3.38,-3.18,-0.33,0.8
2012-02-08,002199,10.03,10.55,10.66,9.92,17769,18543380.0,7.37,5.08,0.51,2.21
2012-02-09,002199,10.5,10.56,10.91,10.42,18932,20221975.0,4.64,0.09,0.01,2.35
2012-02-10,002199,10.46,10.51,10.74,10.37,12504,13223430.0,3.5,-0.47,-0.05,1.55
2012-02-13,002199,10.52,11.56,11.56,10.39,39797,44812814.0,11.13,9.99,1.05,4.94
2012-02-14,002199,11.7,12.72,12.72,11.58,80178,98086171.0,9.86,10.03,1.16,9.95
2012-02-15,002199,12.7,13.38,13.9,12.37,81097,104297787.0,12.03,5.19,0.66,10.07
2012-02-16,002199,13.18,13.09,13.25,12.81,59562,77424756.0,3.29,-2.17,-0.29,7.39
2012-02-17,002199,13.1,13.02,13.1,12.77,40795,52759749.0,2.52,-0.53,-0.07,5.06
2012-02-20,002199,13.06,12.93,13.36,12.9,49392,64669487.0,3.53,-0.69,-0.09,6.13
2012-02-21,002199,12.98,13.16,13.23,12.6,44693,58117519.0,4.87,1.78,0.23,5.55
2012-02-22,002199,13.0,13.32,13.73,12.9,64349,85174365.0,6.31,1.22,0.16,7.99
2012-02-23,002199,13.22,13.58,13.76,13.03,58657,78500006.0,5.48,1.95,0.26,7.28
2012-02-24,002199,13.57,13.4,13.64,13.15,40979,54789262.0,3.61,-1.33,-0.18,5.09
2012-02-27,002199,13.3,13.3,13.61,13.2,37638,50324340.0,3.06,-0.75,-0.1,4.67
2012-02-28,002199,13.18,13.65,13.72,12.69,63094,83487035.0,7.74,2.63,0.35,7.83
2012-02-29,002199,13.7,12.67,13.7,12.66,45929,59720198.0,7.62,-7.18,-0.98,5.7
2012-03-01,002199,12.6,12.72,12.94,12.44,21377,27285460.0,3.95,0.39,0.05,2.65
2012-03-02,002199,12.7,12.88,12.94,12.66,24532,31393093.0,2.2,1.26,0.16,3.05
2012-03-05,002199,12.9,12.81,13.07,12.7,22946,29467798.0,2.87,-0.54,-0.07,2.85
2012-03-06,002199,12.81,13.09,13.17,12.61,41231,53570930.0,4.37,2.19,0.28,5.12
2012-03-07,002199,13.0,13.07,13.49,12.92,47173,62330076.0,4.35,-0.15,-0.02,5.86
2012-03-08,002199,13.05,13.25,13.27,12.81,33910,44335646.0,3.52,1.38,0.18,4.21
2012-03-09,002199,13.26,13.5,13.57,13.13,44294,59035643.0,3.32,1.89,0.25,5.5
2012-03-12,002199,13.63,13.51,14.2,13.5,65336,89989975.0,5.19,0.07,0.01,8.11
2012-03-13,002199,13.3,13.42,13.43,13.0,39897,52683827.0,3.18,-0.67,-0.09,4.95
2012-03-14,002199,13.45,12.59,13.48,12.08,42348,54965406.0,10.43,-6.18,-0.83,5.26
2012-03-15,002199,12.5,12.72,12.93,11.58,59438,72199440.0,10.72,1.03,0.13,7.38
2012-03-16,002199,12.45,12.51,12.74,12.02,36449,45505866.0,5.66,-1.65,-0.21,4.53
2012-03-19,002199,12.35,12.35,12.48,12.13,22375,27458847.0,2.8,-1.28,-0.16,2.78
2012-03-20,002199,12.25,12.1,12.57,12.1,22710,28094084.0,3.81,-2.02,-0.25,2.82
2012-03-21,002199,12.1,11.94,12.24,11.72,18093,21675627.0,4.3,-1.32,-0.16,2.25
2012-03-22,002199,11.94,11.77,11.95,11.6,13560,15957799.0,2.93,-1.42,-0.17,1.68
2012-03-23,002199,11.74,11.77,12.0,11.65,12309,14560872.0,2.97,0.0,0.0,1.53
2012-03-26,002199,11.85,11.92,12.04,11.79,12510,14937070.0,2.12,1.27,0.15,1.55
2012-03-27,002199,12.0,11.91,12.07,11.81,12522,14902899.0,2.18,-0.08,-0.01,1.55
2012-03-28,002199,11.86,11.01,11.87,10.9,21767,24884917.0,8.14,-7.56,-0.9,2.7
2012-03-29,002199,11.05,10.46,11.12,10.22,14393,15269828.0,8.17,-5.0,-0.55,1.79
2012-03-30,002199,10.41,10.05,10.59,9.97,13363,13613447.0,5.93,-3.92,-0.41,1.66
2012-04-05,002199,10.05,10.38,10.44,10.05,12747,13106286.0,3.88,3.28,0.33,1.58
2012-04-09,002199,10.39,10.52,10.74,10.38,14415,15242938.0,3.47,1.35,0.14,1.79
2012-04-10,002199,10.52,10.72,10.72,10.17,11622,12128757.0,5.23,1.9,0.2,1.44
2012-04-11,002199,10.6,10.78,10.85,10.43,12282,13149552.0,3.92,0.56,0.06,1.52
2012-04-12,002199,10.8,11.26,11.4,10.8,22191,24948289.0,5.57,4.45,0.48,2.75
2012-04-13,002199,11.18,11.22,11.38,11.11,12276,13785542.0,2.4,-0.36,-0.04,1.52
2012-04-16,002199,11.17,11.31,11.4,11.12,10441,11772196.0,2.5,0.8,0.09,1.3
2012-04-17,002199,11.3,10.88,11.38,10.88,11185,12428120.0,4.42,-3.8,-0.43,1.39
2012-04-18,002199,10.89,11.15,11.18,10.68,13953,15326115.0,4.6,2.48,0.27,1.73
2012-04-19,002199,11.14,11.11,11.19,11.03,8919,9920206.0,1.43,-0.36,-0.04,1.11
2012-04-20,002199,11.2,11.57,11.69,11.2,26187,30266893.0,4.41,4.14,0.46,3.25
2012-04-23,002199,11.5,11.17,11.67,11.1,15626,17680922.0,4.93,-3.46,-0.4,1.94
2012-04-24,002199,11.1,11.1,11.21,10.71,10119,11103612.0,4.48,-0.63,-0.07,1.26
2012-04-25,002199,11.0,11.38,11.38,10.91,12456,14022445.0,4.23,2.52,0.28,1.55
2012-04-26,002199,7.55,7.33,7.6,7.3,12964,9564015.0,2.64,-35.59,-4.05,1.07
2012-04-27,002199,7.33,7.4,7.43,7.29,8842,6511097.0,1.91,0.95,0.07,0.73
2012-05-02,002199,7.48,7.4,7.55,7.33,14340,10607216.0,2.97,0.0,0.0,1.19
2012-05-03,002199,7.45,7.33,7.45,7.24,10903,7981353.0,2.84,-0.95,-0.07,0.9
2012-05-04,002199,7.28,7.47,7.68,7.28,22999,17232897.0,5.46,1.91,0.14,1.9
2012-05-07,002199,7.43,7.52,7.54,7.27,17150,12672175.0,3.61,0.67,0.05,1.42
2012-05-08,002199,7.5,7.68,7.74,7.5,26710,20323879.0,3.19,2.13,0.16,2.21
2012-05-09,002199,7.71,7.44,7.72,7.42,17212,12930487.0,3.91,-3.13,-0.24,1.42
2012-05-10,002199,7.45,7.71,7.77,7.45,17509,13281150.0,4.3,3.63,0.27,1.45
2012-05-11,002199,7.63,7.67,7.79,7.63,25487,19655496.0,2.08,-0.52,-0.04,2.11
2012-05-14,002199,7.73,7.84,7.97,7.65,39993,31260914.0,4.17,2.22,0.17,3.31
2012-05-15,002199,7.81,7.97,7.97,7.71,37224,29333961.0,3.32,1.66,0.13,3.08
2012-05-16,002199,8.0,7.71,8.0,7.7,23203,18245063.0,3.76,-3.26,-0.26,1.92
2012-05-17,002199,7.72,7.95,7.96,7.6,31537,24603702.0,4.67,3.11,0.24,2.61
2012-05-18,002199,7.85,8.0,8.05,7.77,33031,26164956.0,3.52,0.63,0.05,2.73
2012-05-21,002199,7.96,7.97,8.14,7.82,31847,25218094.0,4.0,-0.38,-0.03,2.64
2012-05-22,002199,7.95,7.77,8.13,7.65,32456,25398354.0,6.02,-2.51,-0.2,2.69
2012-05-24,002199,7.62,7.61,7.75,7.47,21418,16191097.0,3.6,-2.06,-0.16,1.77
2012-05-25,002199,7.63,7.5,7.63,7.27,18740,13829350.0,4.73,-1.45,-0.11,1.55
2012-05-28,002199,7.32,7.84,8.0,7.3,23635,17943324.0,9.33,4.53,0.34,1.96
2012-05-29,002199,7.73,7.82,8.09,7.71,43332,33836173.0,4.85,-0.26,-0.02,3.59
2012-05-30,002199,7.79,7.71,7.79,7.65,20374,15708412.0,1.79,-1.41,-0.11,1.69
2012-05-31,002199,7.67,7.8,7.9,7.61,22949,17902251.0,3.76,1.17,0.09,1.9
2012-06-01,002199,7.78,7.68,7.86,7.67,14655,11371037.0,2.44,-1.54,-0.12,1.21
2012-06-04,002199,7.55,7.16,7.55,7.16,25245,18617112.0,5.08,-6.77,-0.52,2.09
2012-06-05,002199,7.3,7.17,7.3,7.13,10213,7332770.0,2.37,0.14,0.01,0.85
2012-06-06,002199,7.2,7.11,7.26,7.07,10970,7868615.0,2.65,-0.84,-0.06,0.91
2012-06-07,002199,7.2,7.03,7.2,7.01,7082,5022104.0,2.67,-1.13,-0.08,0.59
2012-06-08,002199,7.1,6.89,7.1,6.8,10651,7391988.0,4.27,-1.99,-0.14,0.88
2012-06-11,002199,6.89,7.08,7.09,6.8,12357,8593142.0,4.21,2.76,0.19,1.02
2012-06-12,002199,7.06,7.0,7.14,6.96,6546,4594890.0,2.54,-1.13,-0.08,0.54
2012-06-13,002199,7.0,7.1,7.12,7.0,7530,5328711.0,1.71,1.43,0.1,0.62
2012-06-14,002199,7.1,7.05,7.17,7.04,7552,5359015.0,1.83,-0.7,-0.05,0.63
2012-06-15,002199,7.09,7.13,7.16,6.99,13428,9506022.0,2.41,1.13,0.08,1.11
2012-06-18,002199,7.1,7.16,7.21,7.07,9994,7152257.0,1.96,0.42,0.03,0.83
2012-06-19,002199,7.18,7.13,7.18,7.11,8508,6080533.0,0.98,-0.42,-0.03,0.7
2012-06-20,002199,7.13,7.19,7.23,7.13,10934,7860526.0,1.4,0.84,0.06,0.9
2012-06-21,002199,7.15,7.0,7.15,6.95,11046,7778986.0,2.78,-2.64,-0.19,0.91
2012-06-25,002199,6.96,6.72,6.97,6.71,5920,4045582.0,3.71,-4.0,-0.28,0.49
2012-06-26,002199,6.64,6.7,6.79,6.6,5336,3560428.0,2.83,-0.3,-0.02,0.44
2012-06-27,002199,6.7,6.69,6.83,6.63,4789,3231397.0,2.99,-0.15,-0.01,0.4
2012-06-28,002199,6.65,6.6,6.73,6.57,6385,4248755.0,2.39,-1.35,-0.09,0.53
2012-06-29,002199,6.68,6.63,6.68,6.49,4996,3291581.0,2.88,0.45,0.03,0.41
2012-07-02,002199,6.7,6.74,6.85,6.63,5581,3776276.0,3.32,1.66,0.11,0.46
2012-07-03,002199,6.73,6.75,6.86,6.7,6340,4296552.0,2.37,0.15,0.01,0.52
2012-07-04,002199,6.71,7.03,7.3,6.63,19544,13632595.0,9.93,4.15,0.28,1.62
2012-07-05,002199,6.98,6.81,7.1,6.81,13521,9389710.0,4.13,-3.13,-0.22,1.12
2012-07-06,002199,6.81,6.83,6.91,6.66,8788,5953064.0,3.67,0.29,0.02,0.73
2012-07-09,002199,6.83,6.55,6.89,6.55,8002,5363056.0,4.98,-4.1,-0.28,0.66
2012-07-10,002199,6.5,6.55,6.6,6.5,5402,3538301.0,1.53,0.0,0.0,0.45
2012-07-11,002199,6.53,6.58,6.65,6.53,4545,2990891.0,1.83,0.46,0.03,0.38
2012-07-12,002199,6.6,6.53,6.62,6.33,13550,8765072.0,4.41,-0.76,-0.05,1.12
2012-07-13,002199,6.46,6.29,6.53,6.28,9620,6153338.0,3.83,-3.68,-0.24,0.8
2012-07-16,002199,6.29,5.66,6.36,5.66,20655,12095900.0,11.13,-10.02,-0.63,1.71
2012-07-17,002199,5.68,5.7,5.75,5.55,8897,5019611.0,3.53,0.71,0.04,0.74
2012-07-18,002199,5.72,5.88,5.88,5.6,7642,4372188.0,4.91,3.16,0.18,0.63
2012-07-19,002199,5.85,5.9,6.0,5.8,7248,4286814.0,3.4,0.34,0.02,0.6
2012-07-20,002199,5.84,5.88,5.97,5.84,6013,3551589.0,2.2,-0.34,-0.02,0.5
2012-07-23,002199,5.81,5.74,5.88,5.7,5014,2893804.0,3.06,-2.38,-0.14,0.41
2012-07-24,002199,5.7,5.94,6.1,5.7,10990,6507709.0,6.97,3.48,0.2,0.91
2012-07-25,002199,5.93,6.04,6.17,5.86,17988,10854820.0,5.22,1.68,0.1,1.49
2012-07-26,002199,6.0,5.94,6.05,5.93,7539,4507520.0,1.99,-1.66,-0.1,0.62
2012-07-27,002199,5.92,5.86,5.99,5.85,4692,2768343.0,2.36,-1.35,-0.08,0.39
2012-07-30,002199,5.84,5.6,5.84,5.56,8457,4782359.0,4.78,-4.44,-0.26,0.7
2012-07-31,002199,5.57,5.53,5.65,5.5,5734,3180188.0,2.68,-1.25,-0.07,0.47
2012-08-01,002199,5.53,5.61,5.65,5.53,4672,2617693.0,2.17,1.45,0.08,0.39
2012-08-02,002199,5.56,5.56,5.63,5.52,5234,2920759.0,1.96,-0.89,-0.05,0.43
2012-08-03,002199,5.56,5.72,5.74,5.52,8973,5052511.0,3.96,2.88,0.16,0.74
2012-08-06,002199,5.66,5.85,5.87,5.66,8004,4621418.0,3.67,2.27,0.13,0.66
2012-08-07,002199,5.88,5.89,5.95,5.81,8808,5180415.0,2.39,0.68,0.04,0.73
2012-08-08,002199,5.89,5.91,5.96,5.8,8954,5270056.0,2.72,0.34,0.02,0.74
2012-08-09,002199,5.86,6.02,6.06,5.84,13922,8316999.0,3.72,1.86,0.11,1.15
2012-08-10,002199,6.06,5.98,6.06,5.95,7251,4349616.0,1.83,-0.66,-0.04,0.6
2012-08-13,002199,5.93,5.79,6.02,5.78,8009,4702610.0,4.01,-3.18,-0.19,0.66
2012-08-14,002199,5.78,5.86,5.87,5.68,6233,3606506.0,3.28,1.21,0.07,0.52
2012-08-15,002199,5.88,6.45,6.45,5.82,47031,29836608.0,10.75,10.07,0.59,3.89
2012-08-16,002199,6.5,7.1,7.1,6.48,172048,119517949.0,9.61,10.08,0.65,14.24
2012-08-17,002199,6.95,6.83,6.95,6.6,92636,62807488.0,4.93,-3.8,-0.27,7.67
2012-08-20,002199,6.79,6.87,6.87,6.55,62302,41928781.0,4.69,0.59,0.04,5.16
2012-08-21,002199,6.78,7.34,7.5,6.75,112437,81630793.0,10.92,6.84,0.47,9.31
2012-08-22,002199,7.15,7.13,7.31,7.02,79256,56645538.0,3.95,-2.86,-0.21,6.56
2012-08-23,002199,7.03,7.2,7.28,6.9,64974,46064321.0,5.33,0.98,0.07,5.38
2012-08-24,002199,7.13,6.63,7.13,6.58,51075,34931280.0,7.64,-7.92,-0.57,4.23
2012-08-27,002199,6.53,6.37,6.58,6.24,41967,26813426.0,5.13,-3.92,-0.26,3.47
2012-08-28,002199,6.28,6.51,6.55,6.26,43479,27923461.0,4.55,2.2,0.14,3.6
2012-08-29,002199,6.45,6.55,6.8,6.3,53872,35528745.0,7.68,0.61,0.04,4.46
2012-08-30,002199,6.45,5.9,6.48,5.9,61825,37700640.0,8.85,-9.92,-0.65,5.12
2012-08-31,002199,5.9,6.05,6.07,5.8,33442,19988501.0,4.58,2.54,0.15,2.77
2012-09-03,002199,6.04,6.16,6.18,5.91,25570,15577270.0,4.46,1.82,0.11,2.12
2012-09-04,002199,6.26,6.22,6.49,6.18,46456,29401724.0,5.03,0.97,0.06,3.84
2012-09-05,002199,6.08,6.75,6.79,6.06,78931,51264038.0,11.74,8.52,0.53,6.53
2012-09-06,002199,6.6,6.98,7.21,6.54,90044,61939471.0,9.93,3.41,0.23,7.45
2012-09-07,002199,6.93,7.04,7.21,6.82,86292,60557982.0,5.59,0.86,0.06,7.14
2012-09-10,002199,6.98,7.07,7.16,6.89,53717,37795313.0,3.84,0.43,0.03,4.45
2012-09-11,002199,7.05,7.03,7.19,6.96,39822,28196712.0,3.25,-0.57,-0.04,3.3
2012-09-12,002199,7.04,6.89,7.09,6.8,40261,27734159.0,4.13,-1.99,-0.14,3.33
2012-09-13,002199,6.88,6.78,6.98,6.78,20765,14295753.0,2.9,-1.6,-0.11,1.72
2012-09-14,002199,6.86,6.72,6.87,6.6,24588,16504592.0,3.98,-0.88,-0.06,2.04
2012-09-17,002199,6.67,6.33,6.74,6.3,24779,16022780.0,6.55,-5.8,-0.39,2.05
2012-09-18,002199,6.28,6.46,6.46,6.23,14241,9110692.0,3.63,2.05,0.13,1.18
2012-09-19,002199,6.5,6.61,6.66,6.46,21115,13919567.0,3.1,2.32,0.15,1.75
2012-09-20,002199,6.61,6.17,6.61,6.11,19872,12565039.0,7.56,-6.66,-0.44,1.64
2012-09-21,002199,6.15,6.21,6.33,6.15,12935,8069223.0,2.92,0.65,0.04,1.07
2012-09-24,002199,6.21,6.41,6.5,6.11,16075,10164796.0,6.28,3.22,0.2,1.33
2012-09-25,002199,6.37,6.31,6.46,6.26,12712,8113428.0,3.12,-1.56,-0.1,1.05
2012-09-26,002199,6.28,6.0,6.38,6.0,11947,7343569.0,6.02,-4.91,-0.31,0.99
2012-09-27,002199,6.05,6.17,6.24,6.01,12133,7443595.0,3.83,2.83,0.17,1.0
2012-09-28,002199,6.18,6.26,6.27,6.12,9975,6207150.0,2.43,1.46,0.09,0.83
2012-10-08,002199,6.26,6.34,6.4,6.22,13144,8297423.0,2.88,1.28,0.08,1.09
2012-10-09,002199,6.34,6.48,6.51,6.34,18228,11745690.0,2.68,2.21,0.14,1.51
2012-10-10,002199,6.47,6.55,6.58,6.43,18198,11858860.0,2.31,1.08,0.07,1.51
2012-10-11,002199,6.56,6.33,6.56,6.32,16377,10546340.0,3.66,-3.36,-0.22,1.36
2012-10-12,002199,6.42,6.28,6.42,6.19,9949,6273584.0,3.63,-0.79,-0.05,0.82
2012-10-15,002199,6.29,6.21,6.3,6.1,9764,6054475.0,3.18,-1.11,-0.07,0.81
2012-10-16,002199,6.2,6.26,6.36,6.2,9606,6039497.0,2.58,0.81,0.05,0.79
2012-10-17,002199,6.28,6.25,6.33,6.1,10102,6293059.0,3.67,-0.16,-0.01,0.84
2012-10-18,002199,6.25,6.4,6.4,6.19,13264,8414685.0,3.36,2.4,0.15,1.1
2012-10-19,002199,6.43,6.5,6.53,6.37,26387,17071246.0,2.5,1.56,0.1,2.18
2012-10-22,002199,6.46,6.5,6.5,6.31,16804,10786155.0,2.92,0.0,0.0,1.39
2012-10-23,002199,6.56,6.38,6.63,6.38,23254,15219158.0,3.85,-1.85,-0.12,1.92
2012-10-24,002199,6.36,6.56,6.59,6.35,21485,13992396.0,3.76,2.82,0.18,1.78
2012-10-25,002199,6.56,6.41,6.59,6.38,16679,10810593.0,3.2,-2.29,-0.15,1.38
2012-10-26,002199,6.54,6.16,6.54,6.15,14629,9172126.0,6.08,-3.9,-0.25,1.21
2012-10-29,002199,6.14,6.06,6.2,6.02,9956,6068995.0,2.92,-1.62,-0.1,0.82
2012-10-30,002199,6.1,6.11,6.15,6.03,7282,4430681.0,1.98,0.83,0.05,0.6
2012-10-31,002199,6.12,6.1,6.15,6.04,5411,3299765.0,1.8,-0.16,-0.01,0.45
2012-11-01,002199,6.12,6.2,6.26,6.08,11047,6847131.0,2.95,1.64,0.1,0.91
2012-11-02,002199,6.24,6.23,6.25,6.16,7589,4705834.0,1.45,0.48,0.03,0.63
2012-11-05,002199,6.17,6.26,6.33,6.17,10450,6525867.0,2.57,0.48,0.03,0.86
2012-11-06,002199,6.27,6.13,6.27,6.05,11811,7213557.0,3.51,-2.08,-0.13,0.98
2012-11-07,002199,6.13,6.08,6.15,6.01,9777,5951196.0,2.28,-0.82,-0.05,0.81
2012-11-08,002199,6.03,5.93,6.03,5.89,19739,11691400.0,2.3,-2.47,-0.15,1.63
2012-11-09,002199,6.03,6.07,6.3,5.99,28672,17582951.0,5.23,2.36,0.14,2.37
2012-11-12,002199,6.28,6.09,6.28,6.01,12311,7473640.0,4.45,0.33,0.02,1.02
2012-11-13,002199,6.03,5.92,6.08,5.9,12717,7607228.0,2.96,-2.79,-0.17,1.05
2012-11-14,002199,5.97,5.82,5.97,5.6,8213,4763186.0,6.25,-1.69,-0.1,0.68
2012-11-15,002199,5.73,5.6,5.79,5.6,7933,4514334.0,3.26,-3.78,-0.22,0.66
2012-11-16,002199,5.6,5.64,5.66,5.57,6171,3461482.0,1.61,0.71,0.04,0.51
2012-11-19,002199,5.64,5.71,5.86,5.53,11473,6480788.0,5.85,1.24,0.07,0.95
2012-11-20,002199,5.69,5.68,5.77,5.66,8621,4923938.0,1.93,-0.53,-0.03,0.71
2012-11-21,002199,5.72,5.76,5.76,5.58,8020,4564294.0,3.17,1.41,0.08,0.66
2012-11-22,002199,5.74,5.66,5.76,5.6,7615,4334057.0,2.78,-1.74,-0.1,0.63
2012-11-23,002199,5.65,5.68,5.73,5.63,4034,2294362.0,1.77,0.35,0.02,0.33
2012-11-26,002199,5.68,5.59,5.69,5.58,4252,2394303.0,1.94,-1.58,-0.09,0.35
2012-11-27,002199,5.55,5.29,5.6,5.27,9233,4960078.0,5.9,-5.37,-0.3,0.76
2012-11-28,002199,5.36,5.24,5.36,5.2,4930,2589360.0,3.02,-0.95,-0.05,0.41
2012-11-29,002199,5.24,5.07,5.32,5.06,5916,3072845.0,4.96,-3.24,-0.17,0.49
2012-11-30,002199,5.09,5.15,5.2,5.05,5295,2713876.0,2.96,1.58,0.08,0.44
2012-12-03,002199,5.14,5.0,5.22,5.0,4379,2227899.0,4.27,-2.91,-0.15,0.36
2012-12-04,002199,5.04,5.09,5.11,4.89,9349,4651782.0,4.4,1.8,0.09,0.77
2012-12-05,002199,5.06,5.26,5.34,5.01,16455,8625194.0,6.48,3.34,0.17,1.36
2012-12-06,002199,5.28,5.28,5.32,5.2,10152,5333901.0,2.28,0.38,0.02,0.84
2012-12-07,002199,5.29,5.46,5.47,5.25,17959,9699966.0,4.17,3.41,0.18,1.49
2012-12-10,002199,5.46,5.55,5.65,5.42,16592,9237132.0,4.21,1.65,0.09,1.37
2012-12-11,002199,5.54,5.53,5.55,5.44,12361,6794204.0,1.98,-0.36,-0.02,1.02
2012-12-12,002199,5.53,5.45,5.53,5.31,8132,4424661.0,3.98,-1.45,-0.08,0.67
2012-12-13,002199,5.38,5.35,5.48,5.35,5121,2763249.0,2.39,-1.83,-0.1,0.42
2012-12-14,002199,5.35,5.58,5.59,5.35,13095,7246478.0,4.49,4.3,0.23,1.08
2012-12-17,002199,5.6,5.65,5.74,5.57,13249,7473802.0,3.05,1.25,0.07,1.1
2012-12-18,002199,5.6,5.57,5.69,5.53,20125,11253825.0,2.83,-1.42,-0.08,1.67
2012-12-19,002199,5.57,5.61,5.66,5.55,10452,5864120.0,1.97,0.72,0.04,0.87
2012-12-20,002199,5.59,5.54,5.61,5.46,17943,9924579.0,2.67,-1.25,-0.07,1.49
2012-12-21,002199,5.53,5.5,5.62,5.43,18662,10283440.0,3.43,-0.72,-0.04,1.54
2012-12-24,002199,5.48,5.54,5.56,5.45,11632,6426261.0,2.0,0.73,0.04,0.96
2012-12-25,002199,5.53,5.63,5.74,5.48,44473,25029874.0,4.69,1.62,0.09,3.68
2012-12-26,002199,5.6,5.79,5.88,5.6,68125,39085089.0,4.97,2.84,0.16,5.64
2012-12-27,002199,5.74,5.68,5.8,5.66,47012,26843563.0,2.42,-1.9,-0.11,3.89
2012-12-28,002199,5.69,5.71,5.74,5.64,28252,16090302.0,1.76,0.53,0.03,2.34
2012-12-31,002199,5.73,5.75,5.78,5.68,26366,15113873.0,1.75,0.7,0.04,2.18
2013-01-04,002199,5.78,5.74,5.84,5.68,23345,13431387.0,2.78,-0.17,-0.01,1.93
2013-01-07,002199,5.71,5.85,5.87,5.66,33826,19555898.0,3.66,1.92,0.11,2.8
2013-01-08,002199,5.86,5.93,5.95,5.78,39047,22924381.0,2.91,1.37,0.08,3.23
2013-01-09,002199,5.88,5.9,6.0,5.83,36130,21385475.0,2.87,-0.51,-0.03,2.99
2013-01-10,002199,5.87,5.99,6.13,5.86,47657,28559510.0,4.58,1.53,0.09,3.94
2013-01-11,002199,5.99,5.9,6.14,5.85,58427,35259687.0,4.84,-1.5,-0.09,4.84
2013-01-14,002199,5.86,6.1,6.17,5.81,48901,29362294.0,6.1,3.39,0.2,4.05
2013-01-15,002199,6.16,6.23,6.36,6.08,62282,38699598.0,4.59,2.13,0.13,5.15
2013-01-16,002199,6.21,6.18,6.22,6.02,43811,26841157.0,3.21,-0.8,-0.05,3.63
2013-01-17,002199,6.13,6.25,6.3,6.04,51736,32027182.0,4.21,1.13,0.07,4.28
2013-01-18,002199,6.2,6.25,6.27,6.15,34957,21778652.0,1.92,0.0,0.0,2.89
2013-01-21,002199,6.28,6.22,6.33,6.19,28414,17723544.0,2.24,-0.48,-0.03,2.35
2013-01-22,002199,6.22,5.99,6.25,5.96,33191,20256442.0,4.66,-3.7,-0.23,2.75
2013-01-23,002199,5.99,6.09,6.09,5.88,26902,16083189.0,3.51,1.67,0.1,2.23
2013-01-24,002199,6.05,5.8,6.11,5.78,36000,21336116.0,5.42,-4.76,-0.29,2.98
2013-01-25,002199,5.81,5.82,5.84,5.76,17263,10013179.0,1.38,0.34,0.02,1.43
2013-01-28,002199,6.05,6.27,6.36,6.04,93181,58174678.0,5.5,7.73,0.45,7.71
2013-01-29,002199,6.17,6.23,6.26,6.14,44260,27492965.0,1.91,-0.64,-0.04,3.66
2013-01-30,002199,6.22,6.14,6.22,6.09,38435,23631896.0,2.09,-1.44,-0.09,3.18
2013-01-31,002199,6.16,6.2,6.2,6.07,22334,13691092.0,2.12,0.98,0.06,1.85
2013-02-01,002199,6.18,6.17,6.28,6.12,30790,19086217.0,2.58,-0.48,-0.03,2.55
2013-02-04,002199,6.15,6.0,6.2,5.95,31018,18790558.0,4.05,-2.76,-0.17,2.57
2013-02-05,002199,5.98,6.04,6.04,5.96,19592,11760002.0,1.33,0.67,0.04,1.62
2013-02-06,002199,6.03,6.08,6.1,6.03,19047,11540561.0,1.16,0.66,0.04,1.58
2013-02-07,002199,6.07,6.13,6.13,6.01,13727,8337419.0,1.97,0.82,0.05,1.14
2013-02-08,002199,6.1,6.17,6.25,6.09,28279,17489175.0,2.61,0.65,0.04,2.34
2013-02-18,002199,6.23,6.28,6.31,6.16,36617,22822224.0,2.43,1.78,0.11,3.03
2013-02-19,002199,6.25,6.17,6.3,6.14,26227,16260527.0,2.55,-1.75,-0.11,2.17
2013-02-20,002199,6.18,6.45,6.55,6.17,79019,50391012.0,6.16,4.54,0.28,6.54
2013-02-21,002199,6.39,6.28,6.39,6.18,42293,26629461.0,3.26,-2.64,-0.17,3.5
2013-02-22,002199,6.28,6.28,6.38,6.22,25022,15748389.0,2.55,0.0,0.0,2.07
2013-02-25,002199,6.28,6.33,6.37,6.24,22691,14319731.0,2.07,0.8,0.05,1.88
2013-02-26,002199,6.28,6.2,6.39,6.19,30810,19449794.0,3.16,-2.05,-0.13,2.55
2013-02-27,002199,6.21,6.41,6.46,6.21,41340,26189935.0,4.03,3.39,0.21,3.42
2013-02-28,002199,6.44,6.42,6.48,6.27,35771,22782154.0,3.28,0.16,0.01,2.96
2013-03-01,002199,6.4,6.5,6.53,6.36,40688,26265103.0,2.65,1.25,0.08,3.37
2013-03-04,002199,6.47,6.14,6.47,6.12,43529,27305896.0,5.38,-5.54,-0.36,3.6
2013-03-05,002199,6.19,6.3,6.33,6.13,27513,17244050.0,3.26,2.61,0.16,2.28
2013-03-06,002199,6.31,6.52,6.56,6.31,52294,33779193.0,3.97,3.49,0.22,4.33
2013-03-07,002199,6.56,6.8,6.95,6.33,90995,60186996.0,9.51,4.29,0.28,7.53
2013-03-08,002199,6.72,6.45,6.75,6.4,68098,44985676.0,5.15,-5.15,-0.35,5.64
2013-03-11,002199,6.43,6.5,6.54,6.33,29283,18875508.0,3.26,0.78,0.05,2.42
2013-03-12,002199,6.45,6.27,6.54,6.17,38327,24200601.0,5.69,-3.54,-0.23,3.17
2013-03-13,002199,6.25,6.08,6.25,5.99,29082,17737548.0,4.15,-3.03,-0.19,2.41
2013-03-14,002199,6.09,6.12,6.17,6.05,16092,9844290.0,1.97,0.66,0.04,1.33
2013-03-15,002199,6.13,6.12,6.22,6.01,28202,17260027.0,3.43,0.0,0.0,2.33
2013-03-18,002199,6.09,5.99,6.16,5.97,16883,10228012.0,3.1,-2.12,-0.13,1.4
2013-03-19,002199,6.03,5.99,6.04,5.9,14023,8373939.0,2.34,0.0,0.0,1.16
2013-03-20,002199,6.0,6.17,6.17,6.0,17387,10624926.0,2.84,3.01,0.18,1.44
2013-03-21,002199,6.17,6.23,6.25,6.14,24170,15004110.0,1.78,0.97,0.06,2.0
2013-03-22,002199,6.23,6.24,6.25,6.17,19190,11913123.0,1.28,0.16,0.01,1.59
2013-03-25,002199,6.23,6.43,6.74,6.23,64420,41762015.0,8.17,3.04,0.19,5.33
2013-03-26,002199,6.35,6.49,6.56,6.32,52100,33624258.0,3.73,0.93,0.06,4.31
2013-03-27,002199,6.45,6.39,6.53,6.33,31963,20519680.0,3.08,-1.54,-0.1,2.65
2013-03-28,002199,6.4,6.14,6.4,6.04,25116,15488859.0,5.63,-3.91,-0.25,2.08
2013-03-29,002199,6.11,6.18,6.2,6.1,13317,8201836.0,1.63,0.65,0.04,1.1
2013-04-01,002199,6.18,6.23,6.25,6.1,12166,7566289.0,2.43,0.81,0.05,1.01
2013-04-02,002199,6.22,6.09,6.3,6.07,19887,12292459.0,3.69,-2.25,-0.14,1.65
2013-04-03,002199,6.09,6.07,6.16,6.0,11239,6812868.0,2.63,-0.33,-0.02,0.93
2013-04-08,002199,6.06,6.13,6.15,5.84,12943,7758904.0,5.11,0.99,0.06,1.07
2013-04-09,002199,6.13,6.2,6.22,6.09,13232,8150535.0,2.12,1.14,0.07,1.1
2013-04-10,002199,6.15,6.07,6.19,6.05,12769,7807160.0,2.26,-2.1,-0.13,1.06
2013-04-11,002199,6.16,6.25,6.47,6.12,39289,24718504.0,5.77,2.97,0.18,3.25
2013-04-12,002199,6.15,6.02,6.24,6.02,22271,13625336.0,3.52,-3.68,-0.23,1.84
2013-04-15,002199,6.01,5.85,6.02,5.84,18303,10817095.0,2.99,-2.82,-0.17,1.51
2013-04-16,002199,5.81,5.91,5.94,5.75,8378,4916031.0,3.25,1.03,0.06,0.69
2013-04-17,002199,5.87,5.97,5.98,5.83,10235,6050281.0,2.54,1.02,0.06,0.85
2013-04-18,002199,5.94,5.93,5.97,5.85,10677,6332695.0,2.01,-0.67,-0.04,0.88
2013-04-19,002199,5.94,6.07,6.15,5.94,16972,10280361.0,3.54,2.36,0.14,1.4
2013-04-22,002199,6.01,6.05,6.06,5.98,14832,8926133.0,1.32,-0.33,-0.02,1.23
2013-04-23,002199,6.0,5.82,6.05,5.79,19363,11418606.0,4.3,-3.8,-0.23,1.6
2013-04-24,002199,5.82,5.91,5.94,5.77,14478,8503371.0,2.92,1.55,0.09,1.2
2013-04-25,002199,5.85,5.82,5.95,5.81,14899,8746156.0,2.37,-1.52,-0.09,1.23
2013-04-26,002199,5.83,5.53,5.85,5.52,25112,14184967.0,5.67,-4.98,-0.29,2.08
2013-05-02,002199,5.51,5.54,5.58,5.48,6310,3492325.0,1.81,0.18,0.01,0.52
2013-05-03,002199,5.54,5.64,5.69,5.54,8008,4520591.0,2.71,1.81,0.1,0.66
2013-05-06,002199,5.7,5.76,5.76,5.66,12570,7199030.0,1.77,2.13,0.12,1.04
2013-05-07,002199,5.76,5.79,5.85,5.7,10798,6242763.0,2.6,0.52,0.03,0.89
2013-05-08,002199,5.79,5.89,5.9,5.78,18616,10870617.0,2.07,1.73,0.1,1.54
2013-05-09,002199,5.9,5.87,5.92,5.8,16392,9606470.0,2.04,-0.34,-0.02,1.36
2013-05-10,002199,5.84,5.92,5.94,5.84,17514,10307424.0,1.7,0.85,0.05,1.45
2013-05-13,002199,5.96,5.97,6.02,5.84,18096,10760087.0,3.04,0.84,0.05,1.5
2013-05-14,002199,5.98,5.86,5.98,5.81,14098,8279548.0,2.85,-1.84,-0.11,1.17
2013-05-15,002199,5.91,6.05,6.1,5.91,35603,21467408.0,3.24,3.24,0.19,2.95
2013-05-16,002199,6.66,6.66,6.66,6.66,71145,47382809.0,0.0,10.08,0.61,5.89
2013-05-17,002199,6.8,7.27,7.32,6.71,341829,238752215.0,9.16,9.16,0.61,28.29
2013-05-20,002199,7.0,7.44,7.75,6.9,265594,195350392.0,11.69,2.34,0.17,21.98
2013-05-21,002199,7.3,7.44,7.45,7.19,149846,109724841.0,3.49,0.0,0.0,12.4
2013-05-22,002199,7.39,7.11,7.39,6.94,121206,86974191.0,6.05,-4.44,-0.33,10.03
2013-05-23,002199,7.04,7.03,7.21,7.01,79591,56641145.0,2.81,-1.13,-0.08,6.59
2013-05-24,002199,7.01,7.24,7.35,7.01,95289,68471824.0,4.84,2.99,0.21,7.89
2013-05-27,002199,7.2,7.29,7.43,7.11,99934,72994984.0,4.42,0.69,0.05,8.27
2013-05-28,002199,7.24,7.12,7.26,7.02,64222,45653959.0,3.29,-2.33,-0.17,5.32
2013-05-29,002199,7.06,7.06,7.2,7.04,68738,48817938.0,2.25,-0.84,-0.06,5.69
2013-05-30,002199,7.06,7.28,7.38,7.06,100720,72764184.0,4.53,3.12,0.22,8.34
2013-05-31,002199,7.21,7.09,7.26,7.07,61584,44050418.0,2.61,-2.61,-0.19,5.1
2013-06-03,002199,7.03,6.81,7.12,6.76,70659,48802842.0,5.08,-3.95,-0.28,5.85
2013-06-04,002199,6.81,6.61,6.9,6.59,44089,29638697.0,4.55,-2.94,-0.2,3.65
2013-06-05,002199,6.64,6.6,6.71,6.59,41397,27481693.0,1.82,-0.15,-0.01,3.43
2013-06-06,002199,6.59,6.55,6.65,6.53,30115,19869219.0,1.82,-0.76,-0.05,2.49
2013-06-07,002199,6.54,6.4,6.63,6.4,32683,21251996.0,3.51,-2.29,-0.15,2.7
2013-06-13,002199,6.32,6.22,6.38,6.08,26246,16236582.0,4.69,-2.81,-0.18,2.17
2013-06-14,002199,6.21,6.4,6.45,6.21,27739,17641095.0,3.86,2.89,0.18,2.3
2013-06-17,002199,6.45,6.47,6.58,6.33,32930,21380819.0,3.91,1.09,0.07,2.73
2013-06-18,002199,6.46,6.38,6.51,6.29,25032,16002664.0,3.4,-1.39,-0.09,2.07
2013-06-19,002199,6.32,6.42,6.42,6.14,27312,17127748.0,4.39,0.63,0.04,2.26
2013-06-20,002199,6.37,6.25,6.56,6.21,32197,20600200.0,5.45,-2.65,-0.17,2.66
2013-06-21,002199,6.15,6.11,6.19,5.92,27645,16685432.0,4.32,-2.24,-0.14,2.29
2013-06-24,002199,6.08,5.62,6.08,5.5,30265,17543536.0,9.49,-8.02,-0.49,2.5
2013-06-25,002199,5.61,5.53,5.7,5.06,32971,17954107.0,11.39,-1.6,-0.09,2.73
2013-06-26,002199,5.53,5.72,5.73,5.4,29296,16446025.0,5.97,3.44,0.19,2.42
2013-06-27,002199,5.72,5.47,5.89,5.45,28721,16347033.0,7.69,-4.37,-0.25,2.38
2013-06-28,002199,5.43,5.6,5.6,5.34,25924,14285465.0,4.75,2.38,0.13,2.15
2013-07-01,002199,5.55,5.71,5.74,5.5,29176,16486138.0,4.29,1.96,0.11,2.3
2013-07-02,002199,5.68,5.77,5.78,5.64,29514,16880549.0,2.45,1.05,0.06,2.33
2013-07-03,002199,5.74,5.66,5.74,5.47,29869,16812694.0,4.68,-1.91,-0.11,2.35
2013-07-04,002199,5.63,5.73,5.76,5.55,30925,17581883.0,3.71,1.24,0.07,2.44
2013-07-05,002199,6.1,6.3,6.3,5.99,125040,77851177.0,5.41,9.95,0.57,9.86
2013-07-08,002199,6.1,5.88,6.17,5.85,83651,50485155.0,5.08,-6.67,-0.42,6.59
2013-07-09,002199,5.8,6.05,6.06,5.74,50319,29850848.0,5.44,2.89,0.17,3.97
2013-07-10,002199,5.93,6.13,6.18,5.81,61397,36990451.0,6.12,1.32,0.08,4.84
2013-07-11,002199,6.05,6.17,6.27,5.96,70786,43357571.0,5.06,0.65,0.04,5.58
2013-07-12,002199,6.11,6.05,6.28,6.0,56531,34883694.0,4.54,-1.94,-0.12,4.46
2013-07-15,002199,6.08,6.35,6.41,6.04,59968,37410896.0,6.12,4.96,0.3,4.73
2013-07-16,002199,6.3,6.42,6.45,6.22,48688,30875660.0,3.62,1.1,0.07,3.84
2013-07-17,002199,6.4,6.24,6.51,6.2,47753,30331902.0,4.83,-2.8,-0.18,3.76
2013-07-18,002199,6.2,6.47,6.56,6.17,64713,41563170.0,6.25,3.69,0.23,5.1
2013-07-19,002199,6.42,6.13,6.51,6.12,50137,31786751.0,6.03,-5.26,-0.34,3.95
2013-07-22,002199,6.08,6.26,6.26,6.01,30099,18561868.0,4.08,2.12,0.13,2.37
2013-07-23,002199,6.26,6.43,6.49,6.23,49677,31774734.0,4.15,2.72,0.17,3.92
2013-07-24,002199,6.42,6.61,6.65,6.37,74769,48974929.0,4.35,2.8,0.18,5.89
2013-07-25,002199,6.5,6.4,6.62,6.37,52097,33806227.0,3.78,-3.18,-0.21,4.11
2013-07-30,002199,6.4,6.53,7.01,6.3,101129,67303681.0,11.09,2.03,0.13,7.97
2013-07-31,002199,6.43,7.18,7.18,6.4,125890,87642956.0,11.94,9.95,0.65,9.92
2013-08-01,002199,7.2,7.41,7.42,7.06,192393,139968945.0,5.01,3.2,0.23,15.17
2013-08-02,002199,7.24,7.17,7.55,7.11,146369,106715431.0,5.94,-3.24,-0.24,11.54
2013-08-05,002199,7.22,7.24,7.4,7.13,104096,75640071.0,3.77,0.98,0.07,8.21
2013-08-06,002199,7.15,7.2,7.32,7.11,81423,58899796.0,2.9,-0.55,-0.04,6.42
2013-08-07,002199,7.18,6.9,7.22,6.89,86717,60750530.0,4.58,-4.17,-0.3,6.84
2013-08-08,002199,6.86,6.92,6.96,6.75,56571,38824613.0,3.04,0.29,0.02,4.46
2013-08-09,002199,6.92,7.03,7.05,6.84,72182,50262219.0,3.03,1.59,0.11,5.69
2013-08-12,002199,7.07,7.11,7.35,7.06,81716,58597587.0,4.13,1.14,0.08,6.44
2013-08-13,002199,7.25,7.07,7.28,7.01,52657,37358143.0,3.8,-0.56,-0.04,4.15
2013-08-14,002199,7.11,6.89,7.12,6.77,69657,48105902.0,4.95,-2.55,-0.18,5.49
2013-08-15,002199,6.94,6.74,6.94,6.68,58249,39624826.0,3.77,-2.18,-0.15,4.59
2013-08-16,002199,6.65,6.58,6.93,6.54,66240,44840216.0,5.79,-2.37,-0.16,5.22
2013-08-19,002199,6.56,6.8,6.85,6.53,46646,31344126.0,4.86,3.34,0.22,3.68
2013-08-20,002199,6.77,6.81,6.88,6.7,45311,30765710.0,2.65,0.15,0.01,3.57
2013-08-21,002199,6.8,7.05,7.07,6.65,68105,46699864.0,6.17,3.52,0.24,5.37
2013-08-22,002199,7.02,6.98,7.1,6.93,63996,44900428.0,2.41,-0.99,-0.07,5.04
2013-08-23,002199,7.03,6.81,7.08,6.62,62959,43271386.0,6.59,-2.44,-0.17,4.96
2013-08-26,002199,6.85,6.91,6.93,6.77,40516,27819107.0,2.35,1.47,0.1,3.19
2013-08-27,002199,6.89,6.87,6.92,6.77,39160,26751452.0,2.17,-0.58,-0.04,3.09
2013-08-28,002199,6.83,6.64,6.83,6.64,50052,33665060.0,2.77,-3.35,-0.23,3.95
2013-08-29,002199,6.63,6.64,6.71,6.61,28340,18870382.0,1.51,0.0,0.0,2.23
2013-08-30,002199,6.64,6.4,6.68,6.28,50575,32863214.0,6.02,-3.61,-0.24,3.99
2013-09-02,002199,6.38,6.6,6.64,6.28,40953,26636324.0,5.63,3.13,0.2,3.23
2013-09-03,002199,6.59,7.0,7.04,6.55,113927,78699743.0,7.42,6.06,0.4,8.98
2013-09-04,002199,7.0,6.96,7.01,6.88,32871,22804931.0,1.86,-0.57,-0.04,2.59
2013-09-05,002199,7.0,7.13,7.3,6.93,112735,80057901.0,5.32,2.44,0.17,8.89
2013-09-06,002199,7.1,7.18,7.32,7.05,69927,50345920.0,3.79,0.7,0.05,5.51
2013-09-09,002199,7.2,7.35,7.35,7.03,80365,57927452.0,4.46,2.37,0.17,6.34
2013-09-10,002199,7.38,8.09,8.09,7.38,185404,148058883.0,9.66,10.07,0.74,14.62
2013-09-11,002199,8.18,7.9,8.33,7.62,180874,142832981.0,8.78,-2.35,-0.19,14.26
2013-09-12,002199,7.81,7.7,8.1,7.66,92869,72903149.0,5.57,-2.53,-0.2,7.32
2013-09-13,002199,7.7,7.51,7.71,7.37,74531,55872589.0,4.42,-2.47,-0.19,5.88
2013-09-16,002199,7.54,8.26,8.26,7.53,82712,66921682.0,9.72,9.99,0.75,6.52
2013-09-17,002199,8.53,8.18,8.86,8.12,217070,183808190.0,8.96,-0.97,-0.08,17.11
2013-09-18,002199,8.03,8.33,8.44,8.0,127266,105167766.0,5.38,1.83,0.15,10.03
2013-09-23,002199,8.3,8.55,8.65,8.21,107357,90762742.0,5.28,2.64,0.22,8.46
2013-09-24,002199,8.45,8.25,8.66,8.22,77179,64586816.0,5.15,-3.51,-0.3,6.08
2013-09-25,002199,8.23,8.26,8.68,8.15,62027,51914093.0,6.42,0.12,0.01,4.89
2013-09-26,002199,8.2,7.85,8.22,7.83,51104,40840449.0,4.72,-4.96,-0.41,4.03
2013-09-27,002199,7.76,7.6,7.85,7.58,43029,33171688.0,3.44,-3.18,-0.25,3.39
2013-09-30,002199,7.74,7.88,7.9,7.66,27858,21768699.0,3.16,3.68,0.28,2.2
2013-10-08,002199,7.81,8.13,8.17,7.81,38466,30830256.0,4.57,3.17,0.25,3.03
2013-10-09,002199,8.08,8.16,8.22,8.01,34148,27756608.0,2.58,0.37,0.03,2.69
2013-10-10,002199,8.16,7.95,8.19,7.9,40249,32268167.0,3.55,-2.57,-0.21,3.17
2013-10-11,002199,8.02,8.01,8.06,7.91,26866,21440636.0,1.89,0.75,0.06,2.12
2013-10-14,002199,8.07,8.16,8.25,8.04,38290,31195720.0,2.62,1.87,0.15,3.02
2013-10-15,002199,8.16,7.87,8.16,7.8,38520,30642278.0,4.41,-3.55,-0.29,3.04
2013-10-16,002199,7.98,8.66,8.66,7.92,151390,130513296.0,9.4,10.04,0.79,11.93
2013-10-17,002199,8.68,8.36,8.93,8.3,171578,148214937.0,7.27,-3.46,-0.3,13.53
2013-10-18,002199,8.1,8.03,8.1,7.61,90580,71528611.0,5.86,-3.95,-0.33,7.14
2013-10-21,002199,7.86,8.21,8.21,7.86,69287,55891493.0,4.36,2.24,0.18,5.46
2013-10-22,002199,8.14,8.59,8.9,8.14,124590,107059690.0,9.26,4.63,0.38,9.82
2013-10-23,002199,8.59,8.3,8.88,8.03,74083,62630766.0,9.9,-3.38,-0.29,5.84
2013-10-24,002199,8.3,8.3,8.5,8.11,34802,29080176.0,4.7,0.0,0.0,2.74
2013-10-25,002199,8.55,9.13,9.13,8.45,86047,77491963.0,8.19,10.0,0.83,6.78
2013-10-28,002199,9.37,9.24,9.91,9.13,242578,228548595.0,8.54,1.2,0.11,19.12
2013-10-29,002199,9.03,9.59,9.9,9.03,233110,221915899.0,9.42,3.79,0.35,18.38
2013-10-30,002199,9.3,9.46,9.5,9.11,142589,132711730.0,4.07,-1.36,-0.13,11.24
2013-10-31,002199,9.35,8.51,9.35,8.51,152306,134502189.0,8.88,-10.04,-0.95,12.01
2013-11-01,002199,8.29,8.32,8.52,7.91,81172,66955811.0,7.17,-2.23,-0.19,6.4
2013-11-04,002199,8.3,8.65,8.79,8.2,59425,50818218.0,7.09,3.97,0.33,4.68
2013-11-05,002199,8.65,9.52,9.52,8.58,185657,173200196.0,10.87,10.06,0.87,14.64
2013-11-06,002199,9.9,10.47,10.47,9.78,267318,273644944.0,7.25,9.98,0.95,21.07
2013-11-07,002199,10.0,10.2,10.25,9.78,242445,243630828.0,4.49,-2.58,-0.27,19.11
2013-11-08,002199,10.08,9.61,10.44,9.56,190110,189312206.0,8.63,-5.78,-0.59,14.99
2013-11-11,002199,9.7,9.9,9.94,9.31,163390,158577158.0,6.56,3.02,0.29,12.88
2013-11-12,002199,9.82,9.96,10.74,9.72,236258,242277743.0,10.3,0.61,0.06,18.62
2013-11-13,002199,9.6,9.54,9.75,9.32,108704,103824449.0,4.32,-4.22,-0.42,8.57
2013-11-14,002199,9.44,10.49,10.49,9.19,193877,192393938.0,13.63,9.96,0.95,15.28
2013-11-15,002199,10.5,11.1,11.44,10.23,261749,278744896.0,11.53,5.82,0.61,20.63
2013-11-18,002199,10.89,11.08,11.37,10.81,188100,208465107.0,5.05,-0.18,-0.02,14.83
2013-11-19,002199,10.92,11.47,12.1,10.82,207197,239909460.0,11.55,3.52,0.39,16.33
2013-11-20,002199,11.3,12.34,12.48,11.21,217033,256332163.0,11.07,7.59,0.87,17.11
2013-11-21,002199,12.05,12.36,12.63,12.02,183917,227242446.0,4.94,0.16,0.02,14.5
2013-11-22,002199,12.22,11.97,12.59,11.85,149473,180615081.0,5.99,-3.16,-0.39,11.78
2013-11-25,002199,11.71,11.6,12.2,11.51,141236,167277913.0,5.76,-3.09,-0.37,11.13
2013-11-26,002199,11.7,12.0,12.5,11.7,149709,180779284.0,6.9,3.45,0.4,11.8
2013-11-27,002199,11.93,11.95,12.37,11.74,143423,172381373.0,5.25,-0.42,-0.05,11.31
2013-11-28,002199,11.88,12.74,13.05,11.8,197014,244917578.0,10.46,6.61,0.79,15.53
2013-11-29,002199,12.61,13.13,13.2,12.6,162962,210080149.0,4.71,3.06,0.39,12.85
2013-12-02,002199,12.5,13.1,14.4,12.36,257832,346549664.0,15.54,-0.23,-0.03,20.33
2013-12-03,002199,12.66,14.41,14.41,12.66,430466,605479312.0,13.36,10.0,1.31,33.93
2013-12-04,002199,14.78,15.85,15.85,14.6,315127,480802496.0,8.67,9.99,1.44,24.84
2013-12-05,002199,16.5,16.83,17.44,16.38,509768,868671696.0,6.69,6.18,0.98,40.19
2013-12-06,002199,16.97,15.42,17.18,15.19,433209,691761248.0,11.82,-8.38,-1.41,34.15
2013-12-09,002199,15.2,15.88,16.47,15.2,349397,553555968.0,8.24,2.98,0.46,27.54
2013-12-10,002199,15.8,16.56,17.47,15.58,586785,986962048.0,11.9,4.28,0.68,46.26
2013-12-11,002199,15.46,14.9,15.47,14.9,122447,184883178.0,3.44,-10.02,-1.66,9.65
2013-12-12,002199,14.11,14.5,14.86,13.9,399343,571293872.0,6.44,-2.68,-0.4,31.48
2013-12-13,002199,14.25,14.22,14.71,14.13,274133,394305344.0,4.0,-1.93,-0.28,21.61
2013-12-16,002199,13.98,14.3,14.46,13.89,207650,294786688.0,4.01,0.56,0.08,16.37
2013-12-17,002199,14.25,15.2,15.3,14.1,416851,613096432.0,8.39,6.29,0.9,32.86
2013-12-18,002199,15.3,14.23,15.8,14.1,371766,560427152.0,11.18,-6.38,-0.97,29.31
2013-12-19,002199,14.02,14.26,14.8,13.8,238552,340318032.0,7.03,0.21,0.03,18.81
2013-12-20,002199,14.26,13.1,14.26,12.9,282191,378631728.0,9.54,-8.13,-1.16,22.25
2013-12-23,002199,13.07,12.9,13.19,12.47,159770,205457257.0,5.5,-1.53,-0.2,12.59
2013-12-24,002199,12.94,13.21,13.29,12.8,214900,280648880.0,3.8,2.4,0.31,16.94
2013-12-25,002199,13.14,13.32,13.58,13.0,203575,271241632.0,4.39,0.83,0.11,16.05
2013-12-26,002199,13.35,12.95,13.79,12.9,210580,282567792.0,6.68,-2.78,-0.37,16.6
2013-12-27,002199,12.7,13.33,13.46,12.61,164897,216011230.0,6.56,2.93,0.38,13.0
2013-12-30,002199,13.6,13.27,13.68,13.16,142582,190611837.0,3.9,-0.45,-0.06,11.24
2013-12-31,002199,13.2,12.32,13.24,12.24,234562,295813200.0,7.54,-7.16,-0.95,18.49
2014-01-02,002199,12.36,12.74,12.88,12.3,165523,209243515.0,4.71,3.41,0.42,13.05
2014-01-03,002199,13.1,13.56,14.01,13.1,435199,594154080.0,7.14,6.44,0.82,34.31
2014-01-06,002199,13.3,12.68,13.3,12.66,226593,291548784.0,4.72,-6.49,-0.88,17.86
2014-01-07,002199,12.37,12.61,12.91,12.32,125677,158881828.0,4.65,-0.55,-0.07,9.91
2014-01-08,002199,12.59,13.12,13.44,12.48,213756,279336464.0,7.61,4.04,0.51,16.85
2014-01-09,002199,12.95,13.27,13.55,12.78,242748,321464416.0,5.87,1.14,0.15,19.14
2014-01-10,002199,13.1,12.55,13.35,12.32,150080,193473225.0,7.76,-5.43,-0.72,11.83
2014-01-13,002199,12.46,12.17,12.77,12.09,115101,142170620.0,5.42,-3.03,-0.38,9.07
2014-01-14,002199,12.22,12.94,12.99,12.22,142492,179737189.0,6.33,6.33,0.77,11.23
2014-01-15,002199,12.81,13.02,13.23,12.72,162418,211232221.0,3.94,0.62,0.08,12.8
2014-01-16,002199,13.02,13.8,13.8,12.86,275714,368882160.0,7.22,5.99,0.78,21.74
2014-01-17,002199,13.57,13.38,13.65,13.21,169294,227833250.0,3.19,-3.04,-0.42,13.35
2014-01-20,002199,13.34,13.94,14.05,13.2,223755,306155728.0,6.35,4.19,0.56,17.64
2014-01-21,002199,13.7,14.26,14.45,13.65,248944,350584192.0,5.74,2.3,0.32,19.63
2014-01-22,002199,14.13,14.18,14.37,14.03,169336,240299404.0,2.38,-0.56,-0.08,13.35
2014-01-23,002199,14.11,14.33,14.52,13.72,214648,301578704.0,5.64,1.06,0.15,16.92
2014-01-24,002199,14.9,14.49,15.2,14.4,278080,411174128.0,5.58,1.12,0.16,21.92
2014-01-27,002199,14.69,15.14,15.89,14.58,300873,460222656.0,9.04,4.49,0.65,23.72
2014-01-28,002199,14.88,14.58,15.29,14.2,165757,242260287.0,7.2,-3.7,-0.56,13.07
2014-01-29,002199,14.44,14.7,14.88,14.3,143794,209756146.0,3.98,0.82,0.12,11.34
2014-01-30,002199,14.6,13.97,14.66,13.9,110489,156292941.0,5.17,-4.97,-0.73,8.71
2014-02-07,002199,13.62,15.1,15.2,13.6,178578,260564455.0,11.45,8.09,1.13,14.08
2014-02-10,002199,15.48,16.15,16.46,15.18,312340,492772320.0,8.48,6.95,1.05,24.62
2014-02-11,002199,15.9,15.69,16.08,15.19,195218,307380768.0,5.51,-2.85,-0.46,15.39
2014-02-12,002199,15.58,16.16,16.7,15.57,204329,332019824.0,7.2,3.0,0.47,16.11
2014-02-13,002199,16.16,15.95,16.5,15.8,168576,272739792.0,4.33,-1.3,-0.21,13.29
2014-02-14,002199,15.95,15.82,16.23,15.36,132961,209340464.0,5.45,-0.82,-0.13,10.48
2014-02-17,002199,15.85,16.35,16.4,15.5,174644,280188128.0,5.69,3.35,0.53,13.77
2014-02-18,002199,16.35,15.86,16.35,15.7,139287,222406421.0,3.98,-3.0,-0.49,10.98
2014-02-19,002199,15.88,15.43,16.18,15.26,132147,207539300.0,5.8,-2.71,-0.43,10.42
2014-02-20,002199,15.5,14.85,15.58,14.72,111447,167763119.0,5.57,-3.76,-0.58,8.79
2014-02-21,002199,14.9,15.51,15.54,14.9,126072,193013580.0,4.31,4.44,0.66,9.94
2014-02-24,002199,15.39,15.34,15.42,15.09,85736,130649341.0,2.13,-1.1,-0.17,6.76
2014-02-25,002199,15.31,15.07,16.29,14.88,219580,345508224.0,9.19,-1.76,-0.27,17.31
2014-02-26,002199,14.7,15.06,15.25,14.15,106987,158071652.0,7.3,-0.07,-0.01,8.43
2014-02-27,002199,15.1,14.07,15.59,14.01,154058,228521419.0,10.49,-6.57,-0.99,12.15
2014-02-28,002199,13.77,13.38,13.77,12.7,124562,164805225.0,7.6,-4.9,-0.69,9.82
2014-03-03,002199,13.37,13.55,13.62,13.25,75018,100713359.0,2.77,1.27,0.17,5.91
2014-03-04,002199,13.44,13.53,13.68,13.02,96030,127799346.0,4.87,-0.15,-0.02,7.57
2014-03-05,002199,14.0,14.88,14.88,14.0,180213,259937025.0,6.5,9.98,1.35,14.21
2014-03-06,002199,14.69,14.43,14.78,14.1,140613,202587024.0,4.57,-3.02,-0.45,11.09
2014-03-07,002199,14.43,14.48,15.32,14.26,116232,170827877.0,7.35,0.35,0.05,9.16
2014-03-10,002199,14.38,13.37,14.38,13.35,76948,106093762.0,7.11,-7.67,-1.11,6.07
2014-03-11,002199,13.28,13.57,13.74,13.15,59672,80447550.0,4.41,1.5,0.2,4.7
2014-03-12,002199,13.52,13.57,13.88,13.05,63126,85317297.0,6.12,0.0,0.0,4.98
2014-03-13,002199,13.57,13.66,13.86,13.48,52178,71206406.0,2.8,0.66,0.09,4.11
2014-03-14,002199,13.5,13.38,13.77,13.32,47522,63985703.0,3.29,-2.05,-0.28,3.75
2014-03-17,002199,13.45,14.05,14.07,13.2,104657,143474889.0,6.5,5.01,0.67,8.25
2014-03-18,002199,14.15,13.79,14.15,13.76,97829,135686828.0,2.78,-1.85,-0.26,7.71
2014-03-19,002199,13.72,13.65,13.98,13.5,58081,79717666.0,3.48,-1.02,-0.14,4.58
2014-03-20,002199,13.77,13.61,14.5,13.61,121721,170950492.0,6.52,-0.29,-0.04,9.6
2014-03-21,002199,12.97,13.63,13.7,12.71,86923,114141921.0,7.27,0.15,0.02,6.85
2014-03-24,002199,13.51,13.39,13.66,13.3,53014,71390395.0,2.64,-1.76,-0.24,4.18
2014-03-25,002199,13.21,13.07,13.36,12.69,103160,133747059.0,5.0,-2.39,-0.32,8.13
2014-03-26,002199,13.01,13.01,13.32,12.98,62930,82468070.0,2.6,-0.46,-0.06,4.96
2014-03-27,002199,12.85,12.56,13.06,12.56,66731,84999651.0,3.84,-3.46,-0.45,5.26
2014-03-28,002199,12.53,11.52,12.61,11.32,87790,104519385.0,10.27,-8.28,-1.04,6.92
2014-03-31,002199,11.42,11.86,11.88,11.38,51460,59867044.0,4.34,2.95,0.34,4.06
2014-04-01,002199,11.86,12.19,12.3,11.75,65553,78901142.0,4.64,2.78,0.33,5.17
2014-04-02,002199,12.58,12.26,12.86,12.15,93359,116959711.0,5.82,0.57,0.07,7.36
2014-04-03,002199,11.62,11.53,12.0,11.21,111921,129397864.0,6.44,-5.95,-0.73,8.82
2014-04-04,002199,11.35,11.77,11.97,11.35,72093,84458785.0,5.38,2.08,0.24,5.68
2014-04-08,002199,11.58,11.75,11.87,11.45,55171,64459286.0,3.57,-0.17,-0.02,4.35
2014-04-09,002199,11.88,12.93,12.93,11.88,144219,183063957.0,8.94,10.04,1.18,11.37
2014-04-10,002199,13.55,13.75,14.2,13.1,373303,511611712.0,8.51,6.34,0.82,29.43
2014-04-11,002199,13.46,13.66,14.1,13.24,238376,327216896.0,6.25,-0.65,-0.09,18.79
2014-04-14,002199,13.66,13.69,13.87,13.3,137212,186258077.0,4.17,0.22,0.03,10.82
2014-04-15,002199,13.66,14.35,14.49,13.34,235112,328013952.0,8.4,4.82,0.66,18.54
2014-04-16,002199,14.1,13.76,14.18,13.67,149148,207742269.0,3.55,-4.11,-0.59,11.76
2014-04-17,002199,13.71,13.52,13.94,13.42,95316,130274327.0,3.78,-1.74,-0.24,7.51
2014-04-18,002199,13.41,13.95,14.1,13.3,148667,205888143.0,5.92,3.18,0.43,11.72
2014-04-21,002199,13.7,13.52,14.08,13.51,108654,149340828.0,4.09,-3.08,-0.43,8.57
2014-04-22,002199,13.4,12.88,13.49,12.4,119883,154978977.0,8.06,-4.73,-0.64,9.45
2014-04-23,002199,12.86,12.56,12.97,12.4,59339,75289273.0,4.43,-2.48,-0.32,4.68
2014-04-24,002199,12.43,12.43,12.78,12.33,47115,59151839.0,3.58,-1.04,-0.13,3.71
2014-04-25,002199,12.43,11.66,12.43,11.58,78476,94401556.0,6.84,-6.19,-0.77,6.19
2014-04-28,002199,11.24,11.29,11.38,10.6,74047,81423012.0,6.69,-3.17,-0.37,5.84
2014-04-29,002199,11.38,11.45,11.5,11.07,51251,57949596.0,3.81,1.42,0.16,4.04
2014-04-30,002199,11.44,11.33,11.54,11.28,38192,43530009.0,2.27,-1.05,-0.12,3.01
2014-05-05,002199,11.25,12.03,12.11,11.21,65126,76155398.0,7.94,6.18,0.7,5.13
2014-05-06,002199,11.96,12.76,12.87,11.89,135042,170012555.0,8.15,6.07,0.73,10.65
2014-05-07,002199,12.6,12.17,12.73,12.12,96642,119939365.0,4.78,-4.62,-0.59,7.62
2014-05-08,002199,12.2,12.19,12.49,11.98,67103,82311729.0,4.19,0.16,0.02,5.29
2014-05-09,002199,12.15,11.84,12.15,11.64,59064,69752186.0,4.18,-2.87,-0.35,4.66
2014-05-12,002199,11.89,12.49,12.72,11.89,77450,95415383.0,7.01,5.49,0.65,6.11
2014-05-13,002199,12.35,12.13,12.74,12.12,73163,90805149.0,4.96,-2.88,-0.36,5.77
2014-05-14,002199,12.2,12.64,12.75,12.1,107229,134049585.0,5.36,4.2,0.51,8.45
2014-05-15,002199,12.54,12.11,12.6,12.01,71497,87921833.0,4.67,-4.19,-0.53,5.64
2014-05-16,002199,11.96,12.04,12.29,11.82,43257,52128608.0,3.88,-0.58,-0.07,3.41
2014-05-19,002199,12.0,11.8,12.0,11.61,34802,41024114.0,3.24,-1.99,-0.24,2.74
2014-05-20,002199,11.92,11.89,12.26,11.86,45744,55169156.0,3.39,0.76,0.09,3.61
2014-05-21,002199,11.77,11.95,11.98,11.53,43280,50918623.0,3.78,0.5,0.06,3.41
2014-05-22,002199,11.9,11.99,12.44,11.84,63034,76730793.0,5.02,0.33,0.04,4.97
2014-05-23,002199,11.85,12.0,12.0,11.76,48324,57359292.0,2.0,0.08,0.01,3.81
2014-05-26,002199,12.25,12.19,12.55,12.08,66558,81712129.0,3.92,1.58,0.19,5.25
2014-05-27,002199,12.1,12.57,12.8,12.02,155931,195182140.0,6.4,3.12,0.38,12.29
2014-05-28,002199,12.42,12.55,12.58,12.22,106083,131817890.0,2.86,-0.16,-0.02,8.36
2014-05-29,002199,12.55,12.44,12.72,12.41,104725,131728786.0,2.47,-0.88,-0.11,8.26
2014-05-30,002199,12.4,12.15,12.4,12.01,78639,95633374.0,3.14,-2.33,-0.29,6.2
2014-06-03,002199,12.12,12.1,12.3,12.06,45745,55596844.0,1.98,-0.41,-0.05,3.61
2014-06-04,002199,12.05,11.76,12.07,11.61,53932,63364793.0,3.8,-2.81,-0.34,4.25
2014-06-05,002199,11.77,11.93,11.94,11.71,41597,49313049.0,1.96,1.45,0.17,3.28
2014-06-06,002199,11.93,11.97,12.06,11.82,43041,51515626.0,2.01,0.34,0.04,3.39
2014-06-09,002199,11.84,11.65,11.99,11.6,50081,59088511.0,3.26,-2.67,-0.32,3.95
2014-06-10,002199,11.65,11.82,11.85,11.54,36854,43256237.0,2.66,1.46,0.17,2.91
2014-06-11,002199,11.8,13.0,13.0,11.75,140275,176553753.0,10.58,9.98,1.18,11.06
2014-06-12,002199,13.35,13.12,13.35,12.7,219316,285052656.0,5.0,0.92,0.12,17.29
2014-06-13,002199,12.92,13.01,13.29,12.83,166992,218208037.0,3.51,-0.84,-0.11,13.16
2014-06-16,002199,12.98,13.13,13.45,12.9,156669,206196010.0,4.23,0.92,0.12,12.35
2014-06-17,002199,13.01,13.13,13.3,12.81,136016,177687642.0,3.73,0.0,0.0,10.72
2014-06-18,002199,13.29,12.96,13.45,12.9,151062,200063734.0,4.19,-1.29,-0.17,11.91
2014-06-19,002199,12.7,11.87,12.8,11.71,150331,182654179.0,8.41,-8.41,-1.09,11.85
2014-06-20,002199,11.71,11.88,12.08,11.57,58490,69295295.0,4.3,0.08,0.01,4.61
2014-06-23,002199,11.99,12.08,12.21,11.94,53830,65107993.0,2.27,1.68,0.2,4.24
2014-06-24,002199,12.16,12.11,12.24,12.04,44130,53545119.0,1.66,0.25,0.03,3.48
2014-06-25,002199,12.05,11.99,12.1,11.81,46754,55736039.0,2.39,-0.99,-0.12,3.69
2014-06-26,002199,11.99,12.32,12.56,11.91,90344,111252366.0,5.42,2.75,0.33,7.12
2014-06-27,002199,12.24,12.34,12.49,12.22,62982,77826589.0,2.19,0.16,0.02,4.97
2014-06-30,002199,12.6,12.48,12.79,12.36,69434,86725399.0,3.48,1.13,0.14,4.92
2014-07-01,002199,12.52,12.67,12.96,12.49,108723,138360979.0,3.77,1.52,0.19,7.7
2014-07-02,002199,12.6,12.77,13.04,12.32,127998,161827113.0,5.68,0.79,0.1,9.07
2014-07-03,002199,12.75,12.71,12.97,12.55,91572,116860972.0,3.29,-0.47,-0.06,6.49
2014-07-04,002199,12.69,12.46,12.75,12.45,66060,82829244.0,2.36,-1.97,-0.25,4.68
2014-07-07,002199,12.49,12.39,12.56,12.24,51279,63517406.0,2.57,-0.56,-0.07,3.63
2014-07-08,002199,12.29,12.35,12.36,12.03,55191,67374417.0,2.66,-0.32,-0.04,3.91
2014-07-09,002199,12.3,11.98,12.39,11.96,55304,67356935.0,3.48,-3.0,-0.37,3.92
2014-07-10,002199,11.99,12.02,12.2,11.93,34691,41857195.0,2.25,0.33,0.04,2.46
2014-07-11,002199,12.03,12.35,12.48,12.0,64073,78792619.0,3.99,2.75,0.33,4.54
2014-07-14,002199,12.35,12.45,12.48,12.2,53428,66118866.0,2.27,0.81,0.1,3.79
2014-07-15,002199,12.45,12.27,12.63,12.18,52010,64201369.0,3.61,-1.45,-0.18,3.68
2014-07-16,002199,12.28,12.05,12.31,12.01,39551,47965888.0,2.44,-1.79,-0.22,2.8
2014-07-17,002199,12.03,12.08,12.14,11.95,24959,30063611.0,1.58,0.25,0.03,1.77
2014-07-18,002199,11.98,12.09,12.15,11.95,20142,24296595.0,1.66,0.08,0.01,1.43
2014-07-21,002199,12.1,11.87,12.1,11.86,30019,35806362.0,1.99,-1.82,-0.22,2.13
2014-07-22,002199,11.87,12.03,12.18,11.76,28741,34381867.0,3.54,1.35,0.16,2.04
2014-07-23,002199,12.0,12.11,12.35,11.98,41428,50246613.0,3.08,0.67,0.08,2.93
2014-07-24,002199,12.0,11.89,12.09,11.8,36219,43141536.0,2.39,-1.82,-0.22,2.57
2014-07-25,002199,11.88,11.96,12.02,11.83,24508,29244225.0,1.6,0.59,0.07,1.74
2014-07-28,002199,11.93,12.15,12.23,11.91,42686,51603339.0,2.68,1.59,0.19,3.02
2014-07-29,002199,12.12,12.3,12.35,12.1,56920,69779576.0,2.06,1.23,0.15,4.03
2014-07-30,002199,12.3,12.36,12.51,12.21,50952,62977080.0,2.44,0.49,0.06,3.61
2014-07-31,002199,12.36,12.37,12.54,12.28,57720,71567102.0,2.1,0.08,0.01,4.09
2014-08-01,002199,12.35,12.18,12.36,12.14,59025,72125339.0,1.78,-1.54,-0.19,4.18
2014-08-04,002199,12.16,12.27,12.28,12.16,47009,57492697.0,0.99,0.74,0.09,3.33
2014-08-05,002199,12.31,12.68,12.8,12.27,208864,262588343.0,4.32,3.34,0.41,14.8
2014-08-06,002199,12.6,12.59,12.61,12.41,85691,107182963.0,1.58,-0.71,-0.09,6.07
2014-08-07,002199,12.55,12.58,12.87,12.42,141154,178453280.0,3.57,-0.08,-0.01,10.0
2014-08-08,002199,12.7,12.7,12.85,12.61,100906,128406831.0,1.91,0.95,0.12,7.15
2014-08-11,002199,12.7,12.81,12.81,12.55,83439,105902761.0,2.05,0.87,0.11,5.91
2014-08-12,002199,12.93,12.72,13.05,12.61,107391,137574991.0,3.43,-0.7,-0.09,7.61
2014-08-13,002199,12.64,12.92,12.94,12.38,118292,149430440.0,4.4,1.57,0.2,8.38
2014-08-14,002199,12.8,12.62,12.9,12.61,83889,106972972.0,2.24,-2.32,-0.3,5.94
2014-08-15,002199,12.62,12.78,12.84,12.56,59338,75367083.0,2.22,1.27,0.16,4.2
2014-08-18,002199,12.8,13.42,13.9,12.73,204687,269356976.0,9.15,5.01,0.64,14.5
2014-08-19,002199,13.36,13.36,13.6,13.2,135777,181270331.0,2.98,-0.45,-0.06,9.62
2014-08-20,002199,13.25,13.42,13.6,13.25,104491,140210124.0,2.62,0.45,0.06,7.4
2014-08-21,002199,13.48,13.15,13.48,13.03,79279,104679539.0,3.35,-2.01,-0.27,5.62
2014-08-22,002199,13.15,13.37,13.42,13.01,84596,111819473.0,3.12,1.67,0.22,5.99
2014-08-25,002199,13.21,12.83,13.22,12.63,119178,153345615.0,4.41,-4.04,-0.54,8.44
2014-08-26,002199,12.83,13.11,13.58,12.8,163837,215821628.0,6.08,2.18,0.28,11.61
2014-08-27,002199,12.9,12.92,13.26,12.74,91954,119222170.0,3.97,-1.45,-0.19,6.51
2014-08-28,002199,12.86,12.71,13.1,12.62,54545,69737871.0,3.72,-1.63,-0.21,3.86
2014-08-29,002199,12.75,13.02,13.25,12.65,92070,119954514.0,4.72,2.44,0.31,6.52
2014-09-01,002199,12.94,13.19,13.24,12.8,86778,113804288.0,3.38,1.31,0.17,6.15
2014-09-02,002199,13.2,13.66,13.98,13.06,245336,332508256.0,6.97,3.56,0.47,17.38
2014-09-03,002199,13.48,13.5,13.65,13.44,124717,168614724.0,1.54,-1.17,-0.16,8.84
2014-09-04,002199,13.5,13.8,13.99,13.21,225241,307143200.0,5.78,2.22,0.3,15.96
2014-09-05,002199,13.68,13.7,13.79,13.56,108627,148473513.0,1.67,-0.72,-0.1,7.7
2014-09-09,002199,13.73,14.26,14.42,13.58,193896,270510208.0,6.13,4.09,0.56,13.74
2014-09-10,002199,13.7,13.55,13.71,13.31,226751,306907840.0,2.81,-4.98,-0.71,16.06
2014-09-11,002199,13.48,13.62,13.8,13.37,151056,205473078.0,3.17,0.52,0.07,10.7
2014-09-12,002199,13.6,13.64,13.65,13.45,99132,134576159.0,1.47,0.15,0.02,7.02
2014-09-15,002199,13.73,13.57,13.79,13.43,115824,157028705.0,2.64,-0.51,-0.07,8.21
2014-09-16,002199,13.5,12.86,13.54,12.86,146361,193086414.0,5.01,-5.23,-0.71,10.37
2014-09-17,002199,12.97,13.01,13.09,12.76,58058,75182730.0,2.57,1.17,0.15,4.11
2014-09-18,002199,13.0,12.95,13.0,12.85,41723,53925942.0,1.15,-0.46,-0.06,2.96
2014-09-19,002199,13.01,13.13,13.2,12.92,49592,64754648.0,2.16,1.39,0.18,3.51
2014-09-22,002199,13.12,12.86,13.12,12.83,42989,55511209.0,2.21,-2.06,-0.27,3.05
2014-09-23,002199,12.86,13.06,13.09,12.85,36616,47564812.0,1.87,1.56,0.2,2.59
2014-09-24,002199,13.07,13.16,13.18,13.01,54796,71962383.0,1.3,0.77,0.1,3.88
2014-09-25,002199,13.25,13.1,13.4,13.03,75238,99684512.0,2.81,-0.46,-0.06,5.33
2014-09-26,002199,13.01,13.09,13.15,12.99,39880,52099380.0,1.22,-0.08,-0.01,2.83
2014-09-29,002199,13.1,13.23,13.3,13.1,56245,74102525.0,1.53,1.07,0.14,3.98
2014-09-30,002199,13.23,13.28,13.3,13.15,52461,69507744.0,1.13,0.38,0.05,3.72
2014-10-08,002199,12.99,12.91,12.99,12.6,117657,150312649.0,2.94,-2.79,-0.37,8.34
2014-10-09,002199,12.8,13.12,13.15,12.79,102528,132808653.0,2.79,1.63,0.21,7.26
2014-10-10,002199,13.02,12.88,13.05,12.8,57464,74276172.0,1.91,-1.83,-0.24,4.07
2014-10-13,002199,12.79,12.79,12.87,12.7,42487,54184462.0,1.32,-0.7,-0.09,3.01
2014-10-14,002199,12.78,12.72,12.89,12.65,40435,51698083.0,1.88,-0.55,-0.07,2.86
2014-10-15,002199,12.74,12.59,12.8,12.53,51273,64642613.0,2.12,-1.02,-0.13,3.63
2014-10-16,002199,12.58,12.25,12.58,12.23,69262,85658906.0,2.78,-2.7,-0.34,4.91
2014-10-17,002199,12.21,12.08,12.32,11.77,56991,68609948.0,4.49,-1.39,-0.17,4.04
2014-10-20,002199,12.11,12.19,12.2,12.03,29939,36342173.0,1.41,0.91,0.11,2.12
2014-10-21,002199,12.23,12.03,12.25,12.02,30924,37479661.0,1.89,-1.31,-0.16,2.19
2014-10-22,002199,12.04,11.78,12.09,11.75,34350,40979259.0,2.83,-2.08,-0.25,2.43
2014-10-23,002199,11.78,11.42,11.87,11.4,43807,50717424.0,3.99,-3.06,-0.36,3.1
2014-10-24,002199,11.41,11.38,11.52,11.35,26717,30492705.0,1.49,-0.35,-0.04,1.89
2014-10-27,002199,11.46,11.54,11.58,11.28,25733,29474565.0,2.64,1.41,0.16,1.82
2014-10-28,002199,11.42,11.77,11.77,11.42,40066,46706481.0,3.03,1.99,0.23,2.84
2014-10-29,002199,11.8,11.75,11.81,11.64,49227,57800441.0,1.44,-0.17,-0.02,3.49
2014-10-30,002199,11.75,11.72,11.82,11.68,37189,43677054.0,1.19,-0.26,-0.03,2.63
2014-10-31,002199,11.72,11.75,11.76,11.52,48558,56539200.0,2.05,0.26,0.03,3.44
2014-11-03,002199,11.8,12.0,12.12,11.79,69778,83584269.0,2.81,2.13,0.25,4.94
2014-11-04,002199,11.97,12.02,12.05,11.91,42855,51365140.0,1.17,0.17,0.02,3.04
2014-11-05,002199,12.02,12.24,12.37,11.95,82628,100948695.0,3.49,1.83,0.22,5.85
2014-11-06,002199,12.18,12.21,12.32,12.1,40268,49088245.0,1.8,-0.25,-0.03,2.85
2014-11-07,002199,12.21,12.13,12.26,12.09,40585,49258791.0,1.39,-0.66,-0.08,2.88
2014-11-10,002199,12.1,12.12,12.18,12.06,29402,35623134.0,0.99,-0.08,-0.01,2.08
2014-11-11,002199,12.12,11.61,12.14,11.54,44858,53492593.0,4.95,-4.21,-0.51,3.18
2014-11-12,002199,11.61,11.96,12.03,11.61,20730,24398627.0,3.62,3.01,0.35,1.47
2014-11-13,002199,12.14,11.86,12.14,11.62,32209,38318529.0,4.35,-0.84,-0.1,2.28
2014-11-14,002199,11.75,11.73,11.89,11.7,16128,18965453.0,1.6,-1.1,-0.13,1.14
2014-11-17,002199,11.66,11.73,11.82,11.66,19036,22379178.0,1.36,0.0,0.0,1.35
2014-11-18,002199,11.71,11.7,11.75,11.6,23451,27377086.0,1.28,-0.26,-0.03,1.66
2014-11-19,002199,11.82,11.73,11.84,11.67,19359,22711270.0,1.45,0.26,0.03,1.37
2014-11-20,002199,11.7,11.68,11.75,11.63,23221,27121472.0,1.02,-0.43,-0.05,1.65
2014-11-21,002199,11.68,11.8,11.81,11.25,34864,40902912.0,4.79,1.03,0.12,2.47
2014-11-24,002199,11.81,11.9,11.97,11.81,43881,52114938.0,1.36,0.85,0.1,3.11
2014-11-25,002199,11.96,11.93,12.02,11.84,46676,55526687.0,1.51,0.25,0.03,3.31
2014-11-26,002199,11.93,12.04,12.09,11.87,63083,75348286.0,1.84,0.92,0.11,4.47
2014-11-27,002199,12.24,12.23,12.33,12.04,92682,112844205.0,2.41,1.58,0.19,6.57
2014-11-28,002199,12.26,12.13,12.34,12.1,63582,77583413.0,1.96,-0.82,-0.1,4.5
2014-12-01,002199,12.23,11.95,12.25,11.91,53379,64303966.0,2.8,-1.48,-0.18,3.78
2014-12-02,002199,11.88,11.93,11.97,11.78,57064,67766756.0,1.59,-0.17,-0.02,4.04
2014-12-03,002199,11.92,11.82,11.92,11.71,55692,65566011.0,1.76,-0.92,-0.11,3.95
2014-12-04,002199,11.86,11.86,11.94,11.79,57871,68582125.0,1.27,0.34,0.04,4.1
2014-12-05,002199,11.85,11.75,11.85,11.42,83089,96694633.0,3.63,-0.93,-0.11,5.89
2014-12-08,002199,11.68,11.55,11.68,11.51,45888,53099264.0,1.45,-1.7,-0.2,3.25
2014-12-09,002199,11.52,11.16,11.52,11.15,69252,78379285.0,3.2,-3.38,-0.39,4.91
2014-12-10,002199,11.21,11.3,11.3,11.03,47301,52922403.0,2.42,1.25,0.14,3.35
2014-12-11,002199,11.3,11.28,11.38,11.19,33225,37427742.0,1.68,-0.18,-0.02,2.35
2014-12-12,002199,11.32,11.38,11.47,11.24,53628,60857425.0,2.04,0.89,0.1,3.8
2014-12-15,002199,11.3,11.45,11.47,11.3,36671,41850015.0,1.49,0.62,0.07,2.6
2014-12-16,002199,11.45,11.35,11.48,11.33,32115,36511131.0,1.31,-0.87,-0.1,2.28
2014-12-17,002199,11.4,11.2,11.44,11.1,48652,54460418.0,3.0,-1.32,-0.15,3.45
2014-12-18,002199,11.2,11.28,11.39,11.13,41900,47218134.0,2.32,0.71,0.08,2.97
2014-12-19,002199,11.26,11.0,11.26,10.75,74553,82237835.0,4.52,-2.48,-0.28,5.28
2014-12-22,002199,11.01,10.75,11.05,10.12,66111,68964860.0,8.45,-2.27,-0.25,4.68
2014-12-23,002199,10.44,10.58,10.58,10.14,46675,47882403.0,4.09,-1.58,-0.17,3.31
2014-12-24,002199,10.46,10.57,10.57,10.28,41717,43552304.0,2.74,-0.09,-0.01,2.96
2014-12-25,002199,10.59,10.67,10.78,10.5,52715,56139543.0,2.65,0.95,0.1,3.73
2014-12-26,002199,10.5,10.57,10.69,10.5,24821,26337711.0,1.78,-0.94,-0.1,1.76
2014-12-29,002199,10.57,10.29,10.57,10.21,28494,29498808.0,3.41,-2.65,-0.28,2.02
2014-12-30,002199,10.27,9.76,10.27,9.76,61658,61294069.0,4.96,-5.15,-0.53,4.37
2014-12-31,002199,9.8,9.7,9.89,9.66,36956,36031918.0,2.36,-0.61,-0.06,2.58
2015-01-05,002199,9.7,9.55,9.81,9.36,76800,73385355.0,4.64,-1.55,-0.15,5.36
2015-01-06,002199,9.58,9.98,10.3,9.48,120435,119110094.0,8.59,4.5,0.43,8.41
2015-01-07,002199,9.9,9.97,10.13,9.86,46389,46365808.0,2.71,-0.1,-0.01,3.24
2015-01-08,002199,9.97,9.83,10.01,9.79,43813,43120932.0,2.21,-1.4,-0.14,3.06
2015-01-09,002199,9.8,9.6,9.94,9.6,51065,49956946.0,3.46,-2.34,-0.23,3.57
2015-01-12,002199,9.65,10.19,10.2,9.64,123146,123501200.0,5.83,6.15,0.59,8.6
2015-01-13,002199,10.15,10.32,10.42,10.07,111864,114803836.0,3.43,1.28,0.13,7.81
2015-01-14,002199,10.32,10.03,10.32,10.01,54900,55390406.0,3.0,-2.81,-0.29,3.83
2015-01-15,002199,10.03,10.12,10.39,9.9,68506,69339648.0,4.89,0.9,0.09,4.78
2015-01-16,002199,10.01,10.1,10.17,9.96,53583,53870361.0,2.08,-0.2,-0.02,3.74
2015-01-19,002199,9.93,9.91,10.27,9.8,52205,52356628.0,4.65,-1.88,-0.19,3.65
2015-01-20,002199,9.95,10.3,10.33,9.92,76732,78012664.0,4.14,3.94,0.39,5.36
2015-01-21,002199,10.25,10.67,10.82,10.22,125628,131850220.0,5.83,3.59,0.37,8.77
2015-01-22,002199,10.41,10.55,10.6,10.26,115591,120681196.0,3.19,-1.12,-0.12,8.07
2015-01-23,002199,10.46,10.36,10.58,10.33,64373,67102014.0,2.37,-1.8,-0.19,4.5
2015-01-26,002199,10.35,10.63,10.68,10.31,67356,70959560.0,3.57,2.61,0.27,4.7
2015-01-27,002199,10.56,10.94,11.0,10.54,138405,149262466.0,4.33,2.92,0.31,9.67
2015-01-28,002199,10.8,11.17,11.36,10.8,191190,213256908.0,5.12,2.1,0.23,13.35
2015-01-29,002199,11.15,11.13,11.33,10.9,103169,115097108.0,3.85,-0.36,-0.04,7.21
2015-01-30,002199,11.14,10.75,11.18,10.75,72435,78765905.0,3.86,-3.41,-0.38,5.06
2015-02-02,002199,10.6,10.65,10.8,10.43,33693,35788680.0,3.44,-0.93,-0.1,2.35
2015-02-03,002199,10.64,10.71,10.85,10.61,42554,45722887.0,2.25,0.56,0.06,2.97
2015-02-04,002199,10.71,10.47,10.74,10.4,56287,59454591.0,3.17,-2.24,-0.24,3.93
2015-02-05,002199,10.49,11.16,11.2,10.48,116510,127332215.0,6.88,6.59,0.69,8.14
2015-02-06,002199,11.0,10.78,11.08,10.68,71765,78349638.0,3.58,-3.41,-0.38,5.01
2015-02-09,002199,10.72,10.21,10.78,10.15,60647,62894769.0,5.84,-5.29,-0.57,4.24
2015-02-10,002199,10.22,10.3,10.53,10.2,36008,37309231.0,3.23,0.88,0.09,2.51
2015-02-11,002199,10.31,10.62,10.69,10.31,38448,40621268.0,3.69,3.11,0.32,2.69
2015-02-12,002199,10.62,10.68,10.7,10.49,38375,40678612.0,1.98,0.56,0.06,2.68
2015-02-13,002199,10.69,10.83,11.0,10.68,53793,58383077.0,3.0,1.4,0.15,3.76
2015-02-16,002199,10.78,11.05,11.1,10.75,60131,66006173.0,3.23,2.03,0.22,4.2
2015-02-17,002199,11.05,11.07,11.1,10.88,50309,55392559.0,1.99,0.18,0.02,3.51
2015-02-25,002199,11.03,10.89,11.04,10.89,39767,43603902.0,1.36,-1.63,-0.18,2.78
2015-02-26,002199,10.91,11.03,11.12,10.91,37727,41578495.0,1.93,1.29,0.14,2.63
2015-02-27,002199,11.1,11.23,11.27,10.96,73107,81238778.0,2.81,1.81,0.2,5.11
2015-03-02,002199,11.2,11.36,11.4,11.05,83142,93622626.0,3.12,1.16,0.13,5.81
2015-03-03,002199,11.36,11.65,11.8,11.23,155762,179262789.0,5.02,2.55,0.29,10.88
2015-03-04,002199,11.55,11.71,11.74,11.45,82423,95530486.0,2.49,0.52,0.06,5.76
2015-03-05,002199,11.7,11.69,11.77,11.51,69143,80354892.0,2.22,-0.17,-0.02,4.83
2015-03-06,002199,11.66,11.4,11.79,11.36,70039,80682519.0,3.68,-2.48,-0.29,4.89
2015-03-09,002199,11.38,11.66,11.69,11.2,58027,66599425.0,4.3,2.28,0.26,4.05
2015-03-10,002199,11.66,11.55,11.84,11.48,87285,101718173.0,3.09,-0.94,-0.11,6.1
2015-03-11,002199,11.62,11.92,12.19,11.51,166916,198772965.0,5.89,3.2,0.37,11.66
2015-03-12,002199,11.8,11.58,11.9,11.46,104032,121265188.0,3.69,-2.85,-0.34,7.27
2015-03-13,002199,11.53,11.64,11.67,11.5,50914,58989139.0,1.47,0.52,0.06,3.56
2015-03-16,002199,11.7,11.9,11.95,11.61,109317,129552625.0,2.92,2.23,0.26,7.63
2015-03-17,002199,11.93,12.26,12.3,11.86,151595,183195559.0,3.7,3.03,0.36,10.59
2015-03-18,002199,12.2,12.22,12.29,12.05,123247,149978415.0,1.96,-0.33,-0.04,8.61
2015-03-19,002199,12.2,12.37,12.38,12.07,129506,159071887.0,2.54,1.23,0.15,9.04
2015-03-20,002199,12.37,12.32,12.56,12.2,101119,124772299.0,2.91,-0.4,-0.05,7.06
2015-03-23,002199,12.43,12.41,12.43,12.14,144233,176967899.0,2.35,0.73,0.09,10.07
2015-03-24,002199,12.36,12.87,12.96,12.16,230132,288755904.0,6.45,3.71,0.46,16.07
2015-03-25,002199,12.77,13.09,13.14,12.62,173813,224864771.0,4.04,1.71,0.22,12.14
2015-03-26,002199,13.01,12.57,13.01,12.5,110433,140616705.0,3.9,-3.97,-0.52,7.71
2015-03-27,002199,12.57,12.77,12.84,12.45,86976,110432757.0,3.1,1.59,0.2,6.07
2015-03-30,002199,12.8,12.74,12.85,12.61,84675,107884208.0,1.88,-0.23,-0.03,5.91
2015-03-31,002199,12.6,12.8,12.83,12.48,100523,127416817.0,2.75,0.47,0.06,7.02
2015-04-01,002199,12.78,13.27,13.53,12.76,194035,254433064.0,6.02,3.67,0.47,13.55
2015-04-02,002199,13.39,13.41,13.77,13.23,187840,252768263.0,4.07,1.06,0.14,13.12
2015-04-03,002199,13.29,13.67,13.77,13.15,166248,225651388.0,4.62,1.94,0.26,11.61
2015-04-07,002199,13.68,13.95,14.1,13.47,149485,207393876.0,4.61,2.05,0.28,10.44
2015-04-08,002199,13.91,13.75,13.95,13.4,135120,185270257.0,3.94,-1.43,-0.2,9.44
2015-04-09,002199,13.63,13.4,13.68,12.93,94262,125217763.0,5.45,-2.55,-0.35,6.58
2015-04-10,002199,13.27,13.86,13.97,13.27,108378,149147029.0,5.22,3.43,0.46,7.57
2015-04-13,002199,14.0,14.51,14.75,13.9,171352,245749313.0,6.13,4.69,0.65,11.97
2015-04-14,002199,14.5,14.32,14.91,14.02,124977,181182079.0,6.13,-1.31,-0.19,8.73
2015-04-15,002199,14.31,14.3,15.17,14.05,217756,320190480.0,7.82,-0.14,-0.02,15.21
2015-04-16,002199,14.09,14.22,14.79,13.63,126526,180638361.0,8.11,-0.56,-0.08,8.84
2015-04-17,002199,14.25,14.92,14.98,14.16,187936,274651616.0,5.77,4.92,0.7,13.13
2015-10-09,002199,13.43,13.43,13.43,13.43,1101,1478643.0,0.0,-9.99,-1.49,0.08
2015-10-12,002199,12.09,12.09,12.09,12.09,45528,55043352.0,0.0,-9.98,-1.34,3.12
2015-10-13,002199,11.5,11.51,12.09,11.2,473947,546228816.0,7.36,-4.8,-0.58,32.46
2015-10-14,002199,11.27,11.68,11.76,11.25,280343,323857488.0,4.43,1.48,0.17,19.2
2015-10-15,002199,11.4,11.77,11.8,11.4,210884,245643950.0,3.42,0.77,0.09,14.44
2015-10-16,002199,11.72,11.83,12.2,11.7,223472,266277198.0,4.25,0.51,0.06,15.31
2015-10-19,002199,11.85,11.66,11.87,11.47,190893,221505670.0,3.38,-1.44,-0.17,13.07
2015-10-20,002199,11.66,12.02,12.21,11.62,207496,247141750.0,5.06,3.09,0.36,14.21
2015-10-21,002199,11.91,11.39,12.03,10.94,168121,194630803.0,9.07,-5.24,-0.63,11.51
2015-10-22,002199,11.37,12.15,12.3,11.31,238586,282511376.0,8.69,6.67,0.76,16.34
2015-10-23,002199,12.23,12.09,12.25,11.85,173942,209381385.0,3.29,-0.49,-0.06,11.91
2015-10-26,002199,12.15,12.26,12.57,11.86,193024,235556736.0,5.87,1.41,0.17,13.22
2015-10-27,002199,12.0,12.53,12.71,11.66,188953,231767437.0,8.56,2.2,0.27,12.94
2015-10-28,002199,12.4,12.0,12.64,11.99,148545,182451811.0,5.19,-4.23,-0.53,10.17
2015-10-29,002199,12.1,12.1,12.27,11.86,78681,95268000.0,3.42,0.83,0.1,5.39
2015-10-30,002199,12.07,12.06,12.26,11.9,77899,94226406.0,2.98,-0.33,-0.04,5.34
2015-11-02,002199,11.5,11.64,12.01,11.5,76990,90494545.0,4.23,-3.48,-0.42,5.27
2015-11-03,002199,11.64,11.82,11.95,11.6,44749,52897121.0,3.01,1.55,0.18,3.06
2015-11-04,002199,11.8,12.28,12.39,11.8,95264,116087864.0,4.99,3.89,0.46,6.52
2015-11-05,002199,12.24,12.38,12.68,12.24,152508,190332673.0,3.58,0.81,0.1,10.45
2015-11-06,002199,12.48,12.53,12.76,12.45,84920,106841615.0,2.5,1.21,0.15,5.82
2015-11-09,002199,12.44,12.77,13.1,12.21,123426,157254630.0,7.1,1.92,0.24,8.45
2015-11-10,002199,12.75,13.15,13.2,12.56,146944,189828806.0,5.01,2.98,0.38,10.06
2015-11-11,002199,13.18,13.03,13.46,12.9,91859,120750486.0,4.26,-0.91,-0.12,6.29
2015-11-12,002199,13.24,13.03,13.38,12.88,102931,135628624.0,3.84,0.0,0.0,7.05
2015-11-13,002199,12.99,13.46,14.1,12.97,171521,232689765.0,8.67,3.3,0.43,11.75
2015-11-16,002199,13.05,13.68,13.78,13.01,87029,117245135.0,5.72,1.63,0.22,5.96
2015-11-17,002199,13.8,13.78,14.05,13.55,101222,139133177.0,3.65,0.73,0.1,6.93
2015-11-18,002199,13.8,13.85,14.48,13.66,123528,174559562.0,5.95,0.51,0.07,8.46
2015-11-19,002199,13.85,14.64,14.88,13.75,131639,189980316.0,8.16,5.7,0.79,9.02
2015-11-20,002199,14.65,14.84,15.02,14.4,121566,178525558.0,4.23,1.37,0.2,8.33
2015-11-23,002199,14.87,14.74,15.0,14.58,91021,134135920.0,2.83,-0.67,-0.1,6.23
2015-11-24,002199,14.65,14.92,15.58,14.41,138720,209050088.0,7.94,1.22,0.18,9.5
2015-11-25,002199,14.81,14.92,15.11,14.61,91465,136440489.0,3.35,0.0,0.0,6.26
2015-11-26,002199,14.96,15.08,15.35,14.83,91271,137300340.0,3.49,1.07,0.16,6.25
2015-11-27,002199,15.02,13.9,15.16,13.6,122342,176814218.0,10.34,-7.82,-1.18,8.38
2015-11-30,002199,14.08,14.58,14.68,13.76,102039,145615171.0,6.62,4.89,0.68,6.99
2015-12-01,002199,14.6,14.6,14.85,14.27,80799,117556679.0,3.98,0.14,0.02,5.53
2015-12-02,002199,14.58,16.06,16.06,14.0,207713,318864352.0,14.11,10.0,1.46,14.23
2015-12-03,002199,16.02,16.28,16.35,15.63,150284,240393335.0,4.48,1.37,0.22,10.29
2015-12-04,002199,15.97,16.15,16.3,15.76,100510,160891225.0,3.32,-0.8,-0.13,6.88
2015-12-07,002199,16.26,16.22,16.91,15.91,120575,197215552.0,6.19,0.43,0.07,8.26
2015-12-08,002199,16.07,16.35,16.66,15.65,108532,174810123.0,6.23,0.8,0.13,7.43
2015-12-09,002199,16.08,15.88,16.23,15.76,54812,87505955.0,2.87,-2.87,-0.47,3.75
2015-12-10,002199,15.94,15.77,16.17,15.64,57801,91689871.0,3.34,-0.69,-0.11,3.96
2015-12-11,002199,15.77,16.12,16.26,15.6,64814,103626849.0,4.19,2.22,0.35,4.44
2015-12-14,002199,15.89,15.99,16.63,15.76,78938,127247814.0,5.4,-0.81,-0.13,5.41
2015-12-15,002199,15.91,16.35,17.4,15.9,181581,301050448.0,9.38,2.25,0.36,12.44
2015-12-16,002199,16.5,16.73,17.2,16.3,135212,225772681.0,5.5,2.32,0.38,9.26
2015-12-17,002199,16.63,17.5,17.59,16.62,135433,230689142.0,5.8,4.6,0.77,9.28
2015-12-18,002199,17.4,17.9,18.12,17.03,117182,206346124.0,6.23,2.29,0.4,8.03
2015-12-21,002199,17.69,17.68,17.94,17.37,80209,141435180.0,3.18,-1.23,-0.22,5.49
2015-12-22,002199,17.53,17.65,17.86,17.26,66925,117509949.0,3.39,-0.17,-0.03,4.58
2015-12-23,002199,17.5,17.9,18.37,17.26,95228,169061216.0,6.29,1.42,0.25,6.52
2015-12-24,002199,17.72,18.14,18.17,17.54,53172,95112437.0,3.52,1.34,0.24,3.64
2015-12-25,002199,18.15,19.3,19.47,18.06,106145,200131741.0,7.77,6.39,1.16,7.27
2015-12-28,002199,19.05,18.54,19.44,18.3,87648,164928768.0,5.91,-3.94,-0.76,6.0
2015-12-29,002199,18.69,18.42,18.69,17.88,53426,97513355.0,4.37,-0.65,-0.12,3.66
2015-12-30,002199,18.48,18.8,18.9,18.28,67622,126096153.0,3.37,2.06,0.38,4.63
2015-12-31,002199,18.82,18.7,19.17,18.4,57891,109091152.0,4.1,-0.53,-0.1,3.96
2016-01-04,002199,18.47,16.83,18.7,16.83,70860,122820551.0,10.0,-10.0,-1.87,4.85
2016-01-05,002199,15.23,15.78,16.33,15.15,121627,188898555.0,7.01,-6.24,-1.05,8.33
2016-01-06,002199,15.51,16.23,16.37,15.51,99322,158221112.0,5.45,2.85,0.45,6.8
2016-01-07,002199,15.78,14.61,15.93,14.61,39977,60060531.0,8.13,-9.98,-1.62,2.74
2016-01-08,002199,14.8,15.0,15.41,14.01,106163,158614385.0,9.58,2.67,0.39,7.27
2016-01-11,002199,14.62,15.05,15.06,14.2,74778,109577456.0,5.73,0.33,0.05,5.12
2016-01-12,002199,14.95,14.88,15.37,14.7,88993,133543414.0,4.45,-1.13,-0.17,6.1
2016-01-13,002199,14.9,13.54,15.04,13.54,82864,118020966.0,10.08,-9.01,-1.34,5.68
2016-01-14,002199,13.06,13.6,13.84,12.5,85465,112049043.0,9.9,0.44,0.06,5.85
2016-01-15,002199,13.51,12.85,13.77,12.68,78462,103643583.0,8.01,-5.51,-0.75,5.37
2016-01-18,002199,12.65,13.93,14.14,12.58,77447,105544527.0,12.14,8.4,1.08,5.3
2016-01-19,002199,14.0,14.68,14.79,13.88,90804,130176057.0,6.53,5.38,0.75,6.22
2016-01-20,002199,14.42,15.0,15.2,14.34,89132,133141925.0,5.86,2.18,0.32,6.1
2016-01-21,002199,14.7,14.65,15.17,14.6,73107,108831018.0,3.8,-2.33,-0.35,5.01
2016-01-22,002199,14.81,15.17,15.39,14.55,52171,77914973.0,5.73,3.55,0.52,3.57
2016-01-25,002199,15.21,15.15,15.25,14.89,41079,61934794.0,2.37,-0.13,-0.02,2.81
2016-01-26,002199,15.05,14.4,15.05,13.65,66380,96410422.0,9.24,-4.95,-0.75,4.55
2016-01-27,002199,14.14,13.97,14.5,13.38,44555,62514280.0,7.78,-2.99,-0.43,3.05
2016-01-28,002199,13.95,13.4,14.01,13.4,30116,41376352.0,4.37,-4.08,-0.57,2.06
2016-01-29,002199,13.2,14.0,14.15,13.2,29037,40037624.0,7.09,4.48,0.6,1.99
2016-02-01,002199,13.99,13.47,14.03,13.42,28984,39612551.0,4.36,-3.79,-0.53,1.99
2016-02-02,002199,13.34,13.81,13.95,13.34,29553,40696420.0,4.53,2.52,0.34,2.02
2016-02-03,002199,13.65,13.8,13.92,13.5,20633,28284170.0,3.04,-0.07,-0.01,1.41
2016-02-04,002199,13.89,14.07,14.29,13.88,33824,47586237.0,2.97,1.96,0.27,2.32
2016-02-05,002199,14.18,14.06,14.66,13.97,29260,41677912.0,4.9,-0.07,-0.01,2.0
2016-02-15,002199,13.71,14.1,14.25,13.57,27224,37951023.0,4.84,0.28,0.04,1.86
2016-02-16,002199,14.17,14.77,15.0,14.1,45488,66605819.0,6.38,4.75,0.67,3.12
2016-02-17,002199,14.84,14.86,15.32,14.5,47077,69931551.0,5.55,0.61,0.09,3.22
2016-02-18,002199,15.3,15.1,15.39,14.6,111366,166595140.0,5.32,1.62,0.24,7.63
2016-02-19,002199,14.8,14.8,14.98,14.75,48082,71393574.0,1.52,-1.99,-0.3,3.29
2016-02-22,002199,15.03,15.3,15.45,14.88,69037,105011107.0,3.85,3.38,0.5,4.73
2016-02-23,002199,15.21,16.03,16.15,15.1,81950,128955245.0,6.86,4.77,0.73,5.61
2016-02-24,002199,16.07,15.84,16.11,15.4,52892,83306477.0,4.43,-1.19,-0.19,3.62
2016-02-25,002199,15.8,14.27,15.88,14.26,68528,102216216.0,10.23,-9.91,-1.57,4.69
2016-02-26,002199,14.94,14.6,14.94,14.27,46661,67999685.0,4.7,2.31,0.33,3.2
2016-02-29,002199,14.35,13.96,14.58,13.14,38771,53519694.0,9.86,-4.38,-0.64,2.66
2016-03-01,002199,13.84,13.96,14.16,13.51,27042,37686163.0,4.66,0.0,0.0,1.85
2016-03-02,002199,13.9,14.39,14.55,13.73,37089,52632049.0,5.87,3.08,0.43,2.54
2016-03-03,002199,14.59,14.5,15.03,14.3,42473,62513801.0,5.07,0.76,0.11,2.91
2016-03-04,002199,14.31,14.32,15.01,14.18,37021,53796417.0,5.72,-1.24,-0.18,2.54
2016-03-07,002199,14.41,14.43,14.89,14.3,23233,33706700.0,4.12,0.77,0.11,1.59
2016-03-08,002199,14.41,15.17,15.21,14.01,55612,82356984.0,8.32,5.13,0.74,3.81
2016-03-09,002199,15.03,14.8,15.17,14.7,29179,43535949.0,3.1,-2.44,-0.37,2.0
2016-03-10,002199,14.75,14.95,15.1,14.73,37727,56289439.0,2.5,1.01,0.15,2.58
2016-03-11,002199,14.0,14.48,15.1,14.0,39269,56214728.0,7.36,-3.14,-0.47,2.69
2016-03-14,002199,14.43,14.8,15.04,14.41,39624,58512771.0,4.35,2.21,0.32,2.71
2016-03-15,002199,14.8,14.7,14.99,14.55,21614,31882138.0,2.97,-0.68,-0.1,1.48
2016-03-16,002199,15.68,14.53,15.68,14.48,47732,71648286.0,8.16,-1.16,-0.17,3.27
2016-03-17,002199,14.4,15.01,15.1,14.3,45798,68170024.0,5.51,3.3,0.48,3.14
2016-03-18,002199,15.09,15.54,15.66,14.94,72202,110313131.0,4.8,3.53,0.53,4.95
2016-03-21,002199,15.7,16.4,16.4,15.64,89800,143771672.0,4.89,5.53,0.86,6.15
2016-03-22,002199,16.18,16.35,16.9,16.0,73709,121721493.0,5.49,-0.3,-0.05,5.05
2016-03-23,002199,16.18,16.25,16.47,15.8,45752,73669966.0,4.1,-0.61,-0.1,3.13
2016-03-24,002199,16.12,15.9,16.2,15.89,39333,62990609.0,1.91,-2.15,-0.35,2.69
2016-03-25,002199,15.81,16.18,16.22,15.81,33986,54692896.0,2.58,1.76,0.28,2.33
2016-03-28,002199,16.45,16.55,17.27,16.39,70433,118076623.0,5.44,2.29,0.37,4.82
2016-03-29,002199,16.77,17.0,17.28,16.41,74421,125739201.0,5.26,2.72,0.45,5.1
2016-03-30,002199,17.01,17.8,17.87,16.73,86312,151351131.0,6.71,4.71,0.8,5.91
2016-03-31,002199,17.94,17.61,17.96,17.45,49190,86899519.0,2.87,-1.07,-0.19,3.37
2016-04-01,002199,17.6,17.79,17.86,17.35,44549,78471302.0,2.9,1.02,0.18,3.05
2016-04-05,002199,17.79,18.2,18.4,17.72,55264,100266255.0,3.82,2.3,0.41,3.79
2016-04-06,002199,18.25,18.28,18.6,17.94,48642,88988738.0,3.63,0.44,0.08,3.33
2016-04-07,002199,18.31,17.67,18.43,17.67,51788,92796956.0,4.16,-3.34,-0.61,3.55
2016-04-08,002199,17.57,18.1,18.11,16.89,64855,113875928.0,6.9,2.43,0.43,4.44
2016-04-11,002199,17.72,17.93,18.14,17.6,37388,66834620.0,2.98,-0.94,-0.17,2.56
2016-08-11,002199,17.03,17.03,17.03,17.03,1287,2191761.0,0.0,-5.02,-0.9,0.09
2016-08-12,002199,16.18,16.18,16.18,16.18,853,1380154.0,0.0,-4.99,-0.85,0.06
2016-08-15,002199,15.37,15.37,15.37,15.37,6719,10327103.0,0.0,-5.01,-0.81,0.46
2016-08-16,002199,14.6,14.6,15.1,14.6,224012,328449488.0,3.25,-5.01,-0.77,15.34
2016-08-17,002199,14.15,14.41,14.46,14.05,185409,263103122.0,2.81,-1.3,-0.19,12.7
2016-08-18,002199,14.25,14.78,14.92,14.21,128048,186856055.0,4.93,2.57,0.37,8.77
2016-08-19,002199,14.78,14.51,14.79,14.4,61900,90010278.0,2.64,-1.83,-0.27,4.24
2016-08-22,002199,14.48,14.22,14.48,14.17,52715,75351844.0,2.14,-2.0,-0.29,3.61
2016-08-23,002199,14.23,14.35,14.36,14.16,30706,43803964.0,1.41,0.91,0.13,2.1
2016-08-24,002199,14.35,14.23,14.37,14.2,38438,54817880.0,1.18,-0.84,-0.12,2.63
2016-08-25,002199,14.1,13.8,14.12,13.76,50218,69686933.0,2.53,-3.02,-0.43,3.44
2016-08-26,002199,13.82,13.96,14.07,13.82,33643,46920548.0,1.81,1.16,0.16,2.3
2016-08-29,002199,13.95,14.02,14.18,13.88,31689,44422846.0,2.15,0.43,0.06,2.17
2016-08-30,002199,14.04,14.16,14.29,14.03,37797,53552066.0,1.85,1.0,0.14,2.59
2016-08-31,002199,14.19,14.2,14.2,14.04,22182,31260240.0,1.13,0.28,0.04,1.52
2016-09-01,002199,14.19,14.34,14.48,14.13,36333,51954292.0,2.46,0.99,0.14,2.49
2016-09-02,002199,14.38,14.42,14.77,14.3,52880,76884768.0,3.28,0.56,0.08,3.62
2016-09-05,002199,14.4,14.41,14.49,14.19,22915,32904217.0,2.08,-0.07,-0.01,1.57
2016-09-06,002199,14.41,14.51,14.54,14.21,31706,45646966.0,2.29,0.69,0.1,2.17
2016-09-07,002199,14.58,14.44,14.61,14.42,25201,36620088.0,1.31,-0.48,-0.07,1.73
2016-09-08,002199,14.5,14.53,14.61,14.37,26361,38231113.0,1.66,0.62,0.09,1.81
2016-09-09,002199,14.51,14.59,14.73,14.41,31275,45713571.0,2.2,0.41,0.06,2.14
2016-09-12,002199,14.29,13.88,14.46,13.86,44070,62083232.0,4.11,-4.87,-0.71,3.02
2016-09-13,002199,14.05,13.89,14.07,13.73,36728,50929720.0,2.45,0.07,0.01,2.52
2016-09-14,002199,13.8,13.93,14.05,13.69,19203,26749665.0,2.59,0.29,0.04,1.32
2016-09-19,002199,14.04,14.06,14.13,13.96,17821,25000064.0,1.22,0.93,0.13,1.22
2016-09-20,002199,14.12,13.93,14.16,13.87,43054,60298833.0,2.06,-0.92,-0.13,2.95
2016-09-21,002199,13.96,13.71,14.0,13.71,65275,90484050.0,2.08,-1.58,-0.22,4.47
2016-09-22,002199,13.81,14.0,14.02,13.71,44749,62172356.0,2.26,2.12,0.29,3.06
2016-09-23,002199,14.03,14.09,14.26,13.9,47335,66830356.0,2.57,0.64,0.09,3.24
2016-09-26,002199,14.11,13.85,14.11,13.8,34530,48202229.0,2.2,-1.7,-0.24,2.36
2016-09-27,002199,13.75,14.06,14.13,13.71,21653,30153441.0,3.03,1.52,0.21,1.48
2016-09-28,002199,14.0,14.26,14.37,13.97,33556,47565817.0,2.84,1.42,0.2,2.3
2016-09-29,002199,14.21,14.26,14.42,14.21,25539,36563889.0,1.47,0.0,0.0,1.75
2016-09-30,002199,14.26,14.48,14.6,14.18,43622,62668240.0,2.95,1.54,0.22,2.99
2016-10-10,002199,14.47,14.52,14.88,14.31,38777,56147817.0,3.94,0.28,0.04,2.66
2016-10-11,002199,14.5,14.71,14.8,14.45,41970,61454537.0,2.41,1.31,0.19,2.87
2016-10-12,002199,14.7,14.74,14.8,14.57,35161,51602326.0,1.56,0.2,0.03,2.41
2016-10-13,002199,14.74,14.73,14.84,14.65,30391,44775105.0,1.29,-0.07,-0.01,2.08
2016-10-14,002199,14.75,14.77,14.96,14.6,48542,71661623.0,2.44,0.27,0.04,3.32
2016-10-17,002199,14.79,14.54,14.89,14.44,49498,72867303.0,3.05,-1.56,-0.23,3.39
2016-10-18,002199,14.54,14.67,14.78,14.5,37014,54036628.0,1.93,0.89,0.13,2.54
2016-10-19,002199,14.66,15.06,15.14,14.61,70021,104551493.0,3.61,2.66,0.39,4.8
2016-10-20,002199,15.0,15.6,15.81,14.9,86928,134888355.0,6.04,3.59,0.54,5.95
2016-10-21,002199,15.48,15.42,15.75,15.23,56848,88123024.0,3.33,-1.15,-0.18,3.89
2016-10-24,002199,15.42,15.6,15.84,15.36,37362,58181847.0,3.11,1.17,0.18,2.56
2016-10-25,002199,15.65,15.7,15.81,15.51,35974,56486108.0,1.92,0.64,0.1,2.46
2016-10-26,002199,15.73,16.25,16.42,15.71,57526,92909263.0,4.52,3.5,0.55,3.94
2016-10-27,002199,16.24,16.4,16.54,16.2,43708,71588445.0,2.09,0.92,0.15,2.99
2016-10-28,002199,16.4,15.58,16.41,15.58,94713,149446901.0,5.06,-5.0,-0.82,6.49
2016-10-31,002199,15.49,15.3,15.49,15.14,49406,75583012.0,2.25,-1.8,-0.28,3.38
2016-11-01,002199,15.42,15.85,15.85,15.42,51328,80700596.0,2.81,3.59,0.55,3.52
2016-11-02,002199,15.79,16.37,16.43,15.78,69652,112300212.0,4.1,3.28,0.52,4.77
2016-11-03,002199,16.36,16.76,17.05,16.22,66548,111497484.0,5.07,2.38,0.39,4.56
2016-11-04,002199,16.61,16.82,17.05,16.57,56294,94877645.0,2.86,0.36,0.06,3.86
2016-11-07,002199,16.82,16.97,17.33,16.81,46837,80116886.0,3.09,0.89,0.15,3.21
2016-11-08,002199,17.0,16.96,17.27,16.74,39818,67460200.0,3.12,-0.06,-0.01,2.73
2016-11-09,002199,17.2,17.45,17.49,16.81,84153,144508933.0,4.01,2.89,0.49,5.76
2016-11-10,002199,17.46,18.02,18.16,17.3,69347,124182759.0,4.93,3.27,0.57,4.75
2016-11-11,002199,18.12,18.18,18.37,17.85,55865,101136915.0,2.89,0.89,0.16,3.83
2016-11-14,002199,18.2,18.95,19.02,18.2,82539,155209641.0,4.51,4.24,0.77,5.65
2016-11-15,002199,18.75,18.59,19.29,18.51,71307,133873425.0,4.12,-1.9,-0.36,4.88
2016-11-30,002199,17.66,17.66,18.0,17.66,74087,131040298.0,1.83,-5.0,-0.93,5.07
2016-12-01,002199,17.11,16.93,17.32,16.78,169483,286217424.0,3.06,-4.13,-0.73,11.61
2016-12-02,002199,16.96,17.72,17.78,16.8,88916,153472079.0,5.79,4.67,0.79,6.09
2016-12-05,002199,17.38,18.27,18.49,17.38,86783,158519727.0,6.26,3.1,0.55,5.94
2016-12-06,002199,18.28,19.03,19.18,18.28,106647,202242982.0,4.93,4.16,0.76,7.3
2016-12-07,002199,19.1,18.76,19.16,18.4,57442,108353231.0,3.99,-1.42,-0.27,3.93
2016-12-08,002199,18.83,19.23,19.49,18.7,64812,123836738.0,4.21,2.51,0.47,4.44
2016-12-09,002199,19.29,19.15,19.29,18.89,31275,59633663.0,2.08,-0.42,-0.08,2.14
2016-12-12,002199,18.87,18.19,19.03,18.19,46843,85857856.0,4.39,-5.01,-0.96,3.21
2016-12-13,002199,17.8,18.02,18.37,17.28,40704,72065510.0,5.99,-0.93,-0.17,2.79
2016-12-14,002199,17.93,18.03,18.55,17.73,33145,60430903.0,4.55,0.06,0.01,2.27
2016-12-15,002199,18.1,17.5,18.25,17.49,44278,78999477.0,4.22,-2.94,-0.53,3.03
2016-12-16,002199,17.58,17.55,17.78,17.3,31973,56072999.0,2.74,0.29,0.05,2.19
2016-12-19,002199,17.53,17.83,18.12,17.47,32323,57950427.0,3.7,1.6,0.28,2.21
2016-12-20,002199,17.98,17.63,17.98,17.31,18742,33035924.0,3.76,-1.12,-0.2,1.28
2016-12-21,002199,17.77,17.21,17.79,17.16,24688,42933677.0,3.57,-2.38,-0.42,1.69
2016-12-22,002199,17.2,17.02,17.35,16.83,33453,57036066.0,3.02,-1.1,-0.19,2.29
2016-12-23,002199,17.06,16.48,17.06,16.42,34662,57787212.0,3.76,-3.17,-0.54,2.37
2016-12-26,002199,16.59,16.63,16.65,15.91,31318,51181603.0,4.49,0.91,0.15,2.14
2016-12-27,002199,16.69,17.01,17.14,16.69,41230,70135832.0,2.71,2.29,0.38,2.82
2016-12-28,002199,17.07,17.33,17.62,17.05,48158,83940489.0,3.35,1.88,0.32,3.35
2016-12-29,002199,17.33,17.44,17.68,17.15,22614,39515041.0,3.06,0.63,0.11,1.72
2016-12-30,002199,17.44,17.62,17.75,17.35,25850,45347724.0,2.29,1.03,0.18,1.97
2017-01-03,002199,17.78,17.44,17.97,17.35,21629,37888130.0,3.52,-1.02,-0.18,1.64
2017-01-04,002199,17.31,17.56,17.61,17.1,25332,44256892.0,2.92,0.69,0.12,1.93
2017-01-05,002199,17.3,17.4,17.62,17.3,23578,41218670.0,1.82,-0.91,-0.16,1.79
2017-01-06,002199,17.07,16.87,17.25,16.87,32501,55306511.0,2.18,-3.05,-0.53,2.47
2017-01-09,002199,16.78,17.1,17.1,16.73,18731,31614017.0,2.19,1.36,0.23,1.42
2017-01-10,002199,17.15,17.29,17.46,17.13,22710,39340444.0,1.93,1.11,0.19,1.73
2017-01-11,002199,17.31,16.9,17.38,16.88,17780,30358728.0,2.89,-2.26,-0.39,1.35
2017-01-12,002199,16.9,16.57,16.98,16.57,20456,34284464.0,2.43,-1.95,-0.33,1.56
2017-01-13,002199,16.58,16.58,16.89,16.52,12573,20958389.0,2.23,0.06,0.01,0.96
2017-01-16,002199,16.58,16.1,16.68,15.75,26321,42176917.0,5.61,-2.9,-0.48,2.0
2017-01-17,002199,16.17,16.11,16.25,15.64,13605,21623214.0,3.79,0.06,0.01,1.03
2017-01-18,002199,16.22,15.88,16.27,15.3,13483,21478557.0,6.02,-1.43,-0.23,1.02
2017-01-19,002199,15.96,15.6,16.49,15.44,31613,50162984.0,6.61,-1.76,-0.28,2.4
2017-01-20,002199,15.59,16.0,16.01,15.31,11695,18550161.0,4.49,2.56,0.4,0.89
2017-01-23,002199,16.06,16.16,16.25,15.82,11751,18952448.0,2.69,1.0,0.16,0.89
2017-01-24,002199,16.19,16.15,16.3,16.1,13548,21936383.0,1.24,-0.06,-0.01,1.03
2017-01-25,002199,16.26,16.19,16.29,16.12,9478,15354576.0,1.05,0.25,0.04,0.72
2017-01-26,002199,16.16,16.31,16.32,16.1,8476,13761233.0,1.36,0.74,0.12,0.64
2017-02-03,002199,16.3,16.62,16.72,16.25,11756,19366890.0,2.88,1.9,0.31,0.89
2017-02-06,002199,16.66,16.87,16.96,16.66,13814,23281847.0,1.81,1.5,0.25,1.05
2017-02-07,002199,16.97,17.11,17.3,16.88,12076,20677098.0,2.49,1.42,0.24,0.92
2017-02-08,002199,17.11,17.58,17.59,17.11,19038,33079852.0,2.81,2.75,0.47,1.45
2017-02-09,002199,17.6,18.08,18.46,17.55,64640,117871231.0,5.18,2.84,0.5,4.91
2017-02-10,002199,18.1,17.89,18.43,17.65,36119,64837269.0,4.31,-1.05,-0.19,2.75
2017-02-13,002199,17.8,18.18,18.18,17.73,24838,44491754.0,2.52,1.62,0.29,1.89
2017-02-14,002199,18.2,18.06,18.2,17.89,19715,35481950.0,1.71,-0.66,-0.12,1.5
2017-02-15,002199,18.07,17.7,18.1,17.5,23966,42697829.0,3.32,-1.99,-0.36,1.82
2017-02-16,002199,17.7,17.8,17.96,17.7,10355,18456477.0,1.47,0.56,0.1,0.79
2017-02-17,002199,17.75,17.92,18.3,17.75,20090,36250261.0,3.09,0.67,0.12,1.53
2017-02-20,002199,17.95,18.2,18.26,17.9,23930,43382885.0,2.01,1.56,0.28,1.82
2017-02-21,002199,18.2,17.97,18.39,17.9,16771,30329633.0,2.69,-1.26,-0.23,1.27
2017-02-22,002199,17.87,17.96,18.14,17.87,7053,12677613.0,1.5,-0.06,-0.01,0.54
2017-02-23,002199,17.96,17.84,18.06,17.75,13204,23602165.0,1.73,-0.67,-0.12,1.0
2017-02-24,002199,17.8,18.26,18.27,17.52,23711,42807680.0,4.2,2.35,0.42,1.8
2017-02-27,002199,18.39,18.65,18.9,18.17,34213,63669007.0,4.0,2.14,0.39,2.6
2017-02-28,002199,18.61,18.77,18.95,18.22,24669,46018784.0,3.91,0.64,0.12,1.88
2017-03-01,002199,18.98,19.29,19.68,18.8,64699,124843942.0,4.69,2.77,0.52,4.92
2017-03-02,002199,19.23,19.43,19.65,19.11,48058,93267320.0,2.8,0.73,0.14,3.65
2017-03-03,002199,19.31,19.44,19.57,19.16,40973,79357992.0,2.11,0.05,0.01,3.11
2017-03-06,002199,19.47,20.06,20.33,19.39,53658,106927497.0,4.84,3.19,0.62,4.08
2017-03-07,002199,19.97,19.4,20.22,19.31,69542,137049419.0,4.54,-3.29,-0.66,5.29
2017-03-08,002199,19.39,19.05,19.63,18.86,38572,73877105.0,3.97,-1.8,-0.35,2.93
2017-03-09,002199,18.93,19.08,19.39,18.9,31218,59687914.0,2.57,0.16,0.03,2.37
2017-03-10,002199,18.82,19.01,19.28,18.82,24058,45930612.0,2.41,-0.37,-0.07,1.83
2017-03-13,002199,19.01,19.1,19.17,18.7,41142,77857375.0,2.47,0.47,0.09,3.13
2017-03-15,002199,19.3,19.6,20.5,19.11,136759,269797952.0,7.28,2.62,0.5,10.4
2017-03-16,002199,19.31,19.44,19.95,18.95,86551,167762484.0,5.1,-0.82,-0.16,6.58
2017-03-17,002199,19.05,18.54,19.28,18.52,61997,117620390.0,3.91,-4.63,-0.9,4.71
2017-03-20,002199,18.58,18.75,18.87,17.98,46397,85312589.0,4.8,1.13,0.21,3.53
2017-03-21,002199,18.46,18.95,19.14,18.46,39636,74818946.0,3.63,1.07,0.2,3.01
2017-03-22,002199,18.95,18.97,19.09,18.56,35911,68077541.0,2.8,0.11,0.02,2.73
2017-03-23,002199,19.08,19.35,19.57,19.04,73662,142807992.0,2.79,2.0,0.38,5.6
2017-03-24,002199,19.42,19.39,19.66,19.23,42986,83785944.0,2.22,0.21,0.04,3.27
2017-03-27,002199,19.38,19.05,19.59,18.9,42786,82367861.0,3.56,-1.75,-0.34,3.25
2017-03-28,002199,19.11,19.07,19.3,18.9,21019,40218639.0,2.1,0.1,0.02,1.6
2017-03-29,002199,19.01,18.65,19.17,18.64,25704,48373543.0,2.78,-2.2,-0.42,1.95
2017-03-30,002199,18.5,17.8,18.64,17.72,36715,66458741.0,4.93,-4.56,-0.85,2.79
2017-03-31,002199,17.81,17.73,17.99,17.58,23312,41365861.0,2.3,-0.39,-0.07,1.77
2017-04-05,002199,17.8,18.94,19.16,17.8,59561,110369425.0,7.67,6.82,1.21,4.53
2017-04-06,002199,18.94,19.7,19.89,18.85,88643,173410541.0,5.49,4.01,0.76,6.74
2017-04-07,002199,19.8,20.38,21.29,19.4,121867,249665113.0,9.59,3.45,0.68,9.26
2017-04-10,002199,20.92,20.6,21.26,20.01,67536,139357110.0,6.13,1.08,0.22,5.13
2017-04-11,002199,20.58,20.7,20.9,20.1,57739,118035145.0,3.88,0.49,0.1,4.39
2017-04-12,002199,20.39,20.0,20.89,20.0,52257,106227532.0,4.3,-3.38,-0.7,3.97
2017-04-13,002199,20.01,20.1,20.2,19.81,41143,82099555.0,1.95,0.5,0.1,3.13
2017-04-14,002199,20.09,19.86,20.3,19.83,29630,59402559.0,2.34,-1.19,-0.24,2.25
2017-04-17,002199,19.8,19.62,19.96,19.57,23657,46735023.0,1.96,-1.21,-0.24,1.8
2017-04-18,002199,19.62,19.3,19.86,19.3,20700,40507999.0,2.85,-1.63,-0.32,1.57
2017-04-19,002199,19.31,18.85,19.5,18.43,23079,43665583.0,5.54,-2.33,-0.45,1.75
2017-04-20,002199,18.88,19.15,19.26,18.63,27466,51969927.0,3.34,1.59,0.3,2.09
2017-04-21,002199,18.95,18.46,19.16,18.4,29923,55866217.0,3.97,-3.6,-0.69,2.27
2017-04-24,002199,18.38,16.61,18.39,16.61,105961,177779026.0,9.64,-10.02,-1.85,8.05
2017-04-25,002199,16.4,15.7,16.67,15.57,51054,82115642.0,6.62,-5.48,-0.91,3.88
2017-04-26,002199,15.7,16.5,16.65,15.7,29497,48111397.0,6.05,5.1,0.8,2.24
2017-04-27,002199,16.9,16.64,16.9,16.29,25421,42321975.0,3.7,0.85,0.14,1.93
2017-04-28,002199,16.67,17.0,17.16,16.42,17827,29996594.0,4.45,2.16,0.36,1.36
2017-05-02,002199,17.02,17.16,17.33,16.91,15144,25967163.0,2.47,0.94,0.16,1.15
2017-05-03,002199,17.19,17.05,17.45,16.9,15445,26544569.0,3.21,-0.64,-0.11,1.17
2017-05-04,002199,17.21,16.83,17.21,16.8,14494,24593163.0,2.4,-1.29,-0.22,1.1
2017-05-05,002199,16.93,16.51,17.0,16.5,9603,16032041.0,2.97,-1.9,-0.32,0.73
2017-05-08,002199,16.34,16.83,17.09,16.34,15899,26758307.0,4.54,1.94,0.32,1.21
2017-05-09,002199,16.83,16.92,17.17,16.72,9712,16407892.0,2.67,0.53,0.09,0.74
2017-05-10,002199,16.94,16.31,17.0,15.82,16494,27127752.0,6.97,-3.61,-0.61,1.25
2017-05-11,002199,16.31,15.95,16.33,15.71,15214,24229794.0,3.8,-2.21,-0.36,1.16
2017-05-12,002199,15.95,15.95,16.49,15.82,14521,23260997.0,4.2,0.0,0.0,1.1
2017-05-15,002199,16.08,16.0,16.47,15.92,23113,37416011.0,3.45,0.31,0.05,1.76
2017-05-16,002199,15.95,16.14,16.14,15.76,17840,28466289.0,2.38,0.88,0.14,1.36
2017-05-17,002199,16.14,16.14,16.44,15.91,11702,18984353.0,3.28,0.0,0.0,0.89
2017-05-18,002199,15.99,15.7,16.1,15.6,15988,25313583.0,3.1,-2.73,-0.44,1.22
2017-05-19,002199,15.74,15.65,15.89,15.5,11714,18363771.0,2.48,-0.32,-0.05,0.89
2017-05-22,002199,15.66,14.66,15.76,14.51,25083,37739102.0,7.99,-6.33,-0.99,1.91
2017-05-23,002199,14.63,14.92,15.09,14.32,23279,34338162.0,5.25,1.77,0.26,1.77
2017-05-24,002199,15.11,14.93,15.26,14.66,13943,20794621.0,4.02,0.07,0.01,1.06
2017-05-25,002199,14.96,14.82,15.02,14.74,10875,16177943.0,1.88,-0.74,-0.11,0.83
2017-05-26,002199,14.95,14.86,15.2,14.82,8110,12175743.0,2.56,0.27,0.04,0.62
2017-05-31,002199,15.09,14.66,15.2,14.64,8862,13148790.0,3.77,-1.35,-0.2,0.67
2017-06-01,002199,14.6,13.5,14.75,13.19,14272,20272393.0,10.64,-7.91,-1.16,1.08
2017-06-02,002199,13.3,13.75,13.75,12.5,28696,37416807.0,9.26,1.85,0.25,2.18
2017-06-05,002199,13.82,13.82,13.95,13.68,11944,16528558.0,1.96,0.51,0.07,0.91
2017-06-06,002199,14.13,14.24,14.4,13.99,13253,18876431.0,2.97,3.04,0.42,1.01
2017-06-07,002199,14.24,14.49,14.5,14.04,13956,20031900.0,3.23,1.76,0.25,1.06
2017-06-08,002199,14.49,14.89,15.04,14.49,15878,23630657.0,3.8,2.76,0.4,1.21
2017-06-09,002199,14.9,14.68,14.9,14.4,11105,16175410.0,3.36,-1.41,-0.21,0.84
2017-06-12,002199,14.68,14.35,14.68,14.0,14657,21063525.0,4.63,-2.25,-0.33,1.11
2017-06-13,002199,14.31,14.83,14.85,14.2,17768,26027128.0,4.53,3.34,0.48,1.35
2017-06-14,002199,14.83,14.79,14.94,14.7,10905,16168373.0,1.62,-0.27,-0.04,0.83
2017-06-15,002199,14.87,15.29,15.46,14.71,31480,47685353.0,5.07,3.38,0.5,2.39
2017-06-16,002199,15.24,15.67,15.95,15.08,38935,61057600.0,5.69,2.49,0.38,2.96
2017-06-19,002199,15.67,15.78,15.88,15.37,18702,29367448.0,3.25,0.7,0.11,1.42
2017-06-20,002199,15.68,15.59,16.04,15.59,19176,30355967.0,2.85,-1.2,-0.19,1.46
2017-06-21,002199,15.68,15.63,15.87,15.51,14143,22096694.0,2.31,0.26,0.04,1.08
2017-06-22,002199,15.7,15.33,15.7,15.3,14281,22066543.0,2.56,-1.92,-0.3,1.09
2017-06-23,002199,15.48,15.35,15.5,15.1,13156,20115704.0,2.61,0.13,0.02,1.0
2017-06-26,002199,15.31,15.37,15.63,15.15,14231,21890338.0,3.13,0.13,0.02,1.08
2017-06-27,002199,15.38,15.29,15.59,15.17,10630,16291950.0,2.73,-0.52,-0.08,0.81
2017-06-28,002199,15.26,15.17,15.46,15.12,6663,10171173.0,2.22,-0.78,-0.12,0.51
2017-06-29,002199,15.17,15.25,15.37,15.12,6940,10571870.0,1.65,0.53,0.08,0.53
2017-06-30,002199,15.17,15.45,15.52,15.0,7699,11783310.0,3.41,1.31,0.2,0.56
2017-07-03,002199,15.49,15.41,15.55,15.2,9582,14706494.0,2.27,-0.26,-0.04,0.7
2017-07-04,002199,15.22,15.31,15.5,15.22,7694,11837153.0,1.82,-0.65,-0.1,0.56
2017-07-05,002199,15.42,15.02,15.42,14.82,13924,20920497.0,3.92,-1.89,-0.29,1.02
2017-07-06,002199,15.01,15.1,15.16,14.8,13214,19788344.0,2.4,0.53,0.08,0.96
2017-07-07,002199,15.01,15.1,15.12,14.85,6818,10208673.0,1.79,0.0,0.0,0.5
2017-07-10,002199,15.11,14.9,15.11,14.5,10195,15216643.0,4.04,-1.32,-0.2,0.74
2017-07-11,002199,14.9,14.7,14.98,14.6,11060,16322604.0,2.55,-1.34,-0.2,0.81
2017-07-12,002199,14.47,14.65,14.85,14.47,9329,13682808.0,2.59,-0.34,-0.05,0.68
2017-07-13,002199,14.5,14.69,14.81,14.5,8217,12086778.0,2.12,0.27,0.04,0.6
2017-07-14,002199,14.55,14.45,14.75,14.24,8559,12413811.0,3.47,-1.63,-0.24,0.62
2017-07-17,002199,14.63,13.72,14.63,13.01,10337,14349029.0,11.21,-5.05,-0.73,0.75
2017-07-18,002199,14.0,13.72,14.0,13.3,7307,9931745.0,5.1,0.0,0.0,0.53
2017-07-19,002199,13.3,13.78,13.8,13.3,4663,6371202.0,3.64,0.44,0.06,0.34
2017-07-20,002199,13.51,15.16,15.16,13.51,16930,24353652.0,11.97,10.01,1.38,1.24
2017-07-21,002199,15.16,15.54,15.68,15.05,35402,54792775.0,4.16,2.51,0.38,2.58
2017-07-24,002199,15.54,15.12,15.54,15.0,16009,24438797.0,3.47,-2.7,-0.42,1.17
2017-07-25,002199,15.11,15.0,15.42,14.85,12737,19212416.0,3.77,-0.79,-0.12,0.93
2017-07-26,002199,14.93,15.12,15.17,14.8,8979,13508528.0,2.47,0.8,0.12,0.66
2017-07-27,002199,15.0,15.25,15.42,15.0,12864,19626674.0,2.78,0.86,0.13,0.94
2017-07-28,002199,15.35,14.95,15.37,14.88,10137,15185436.0,3.21,-1.97,-0.3,0.74
2017-07-31,002199,14.9,14.76,15.02,14.76,11157,16615963.0,1.74,-1.27,-0.19,0.81
2017-08-01,002199,14.77,14.65,14.93,14.47,13482,19666068.0,3.12,-0.75,-0.11,0.98
2017-08-02,002199,14.51,14.16,14.67,14.07,15846,22696204.0,4.1,-3.34,-0.49,1.16
2017-08-03,002199,14.1,14.4,14.55,13.95,11177,15959654.0,4.24,1.69,0.24,0.82
2017-08-04,002199,14.34,14.23,14.43,14.17,5558,7929228.0,1.81,-1.18,-0.17,0.41
2017-08-07,002199,14.15,14.28,14.39,14.15,5585,7983654.0,1.69,0.35,0.05,0.41
2017-08-08,002199,14.28,14.73,14.84,14.2,12424,18221450.0,4.48,3.15,0.45,0.91
2017-08-09,002199,14.89,14.61,14.89,14.45,5137,7524363.0,2.99,-0.81,-0.12,0.37
2017-08-10,002199,14.86,14.59,16.07,14.28,6294,9223449.0,12.25,-0.14,-0.02,0.46
2017-08-11,002199,14.67,14.16,14.85,14.16,7349,10543443.0,4.73,-2.95,-0.43,0.54
2017-08-14,002199,14.16,14.38,14.52,14.16,5888,8480030.0,2.54,1.55,0.22,0.43
2017-08-15,002199,14.48,14.59,14.59,14.28,7059,10193845.0,2.16,1.46,0.21,0.52
2017-08-16,002199,14.48,14.58,14.69,14.35,6552,9504481.0,2.33,-0.07,-0.01,0.48
2017-08-17,002199,14.5,15.23,15.48,14.5,18328,27357374.0,6.72,4.46,0.65,1.3
2017-08-18,002199,14.87,14.7,15.07,14.55,12853,18968024.0,3.41,-3.48,-0.53,0.91
2017-08-21,002199,14.61,14.71,14.84,14.53,8135,11923882.0,2.11,0.07,0.01,0.42
2017-08-22,002199,14.61,14.55,14.7,14.42,9228,13431887.0,1.9,-1.09,-0.16,0.47
2017-08-23,002199,14.57,15.0,15.04,14.34,18173,26779908.0,4.81,3.09,0.45,0.93
2017-08-24,002199,14.88,15.17,15.44,14.75,26640,40574745.0,4.6,1.13,0.17,1.36
2017-08-25,002199,15.17,15.26,15.29,15.08,17122,26086897.0,1.38,0.59,0.09,0.88
2017-08-28,002199,15.2,15.45,15.73,15.15,19543,30322938.0,3.8,1.25,0.19,1.0
2017-08-29,002199,15.4,15.54,15.74,15.34,16095,25131352.0,2.59,0.58,0.09,0.82
2017-08-30,002199,15.54,15.31,15.79,15.23,17536,27126488.0,3.6,-1.48,-0.23,0.9
2017-08-31,002199,15.26,15.53,15.55,15.26,10309,15879803.0,1.89,1.44,0.22,0.53
2017-09-01,002199,15.52,15.49,15.74,15.43,6750,10503122.0,2.0,-0.26,-0.04,0.35
2017-09-04,002199,15.48,15.3,15.6,15.2,8930,13698037.0,2.58,-1.23,-0.19,0.46
2017-09-05,002199,15.21,15.55,15.55,15.2,11491,17659460.0,2.29,1.63,0.25,0.59
2017-09-06,002199,15.55,16.18,16.39,15.38,25064,39995152.0,6.5,4.05,0.63,1.28
2017-09-07,002199,15.99,16.42,16.5,15.86,26270,42792354.0,3.96,1.48,0.24,1.34
2017-09-08,002199,16.3,16.8,16.95,16.25,42270,70108727.0,4.26,2.31,0.38,2.16
2017-09-11,002199,16.8,16.78,16.82,16.27,32824,54233218.0,3.27,-0.12,-0.02,1.68
2017-09-12,002199,16.6,16.6,16.97,16.43,31440,52533694.0,3.22,-1.07,-0.18,1.61
2017-09-13,002199,16.48,16.59,16.79,16.4,12126,20086043.0,2.35,-0.06,-0.01,0.62
2017-09-14,002199,16.59,16.91,17.99,16.42,69772,118368535.0,9.46,1.93,0.32,3.57
2017-09-15,002199,16.64,16.63,16.81,16.19,28316,46314420.0,3.67,-1.66,-0.28,1.45
2017-09-18,002199,16.47,17.19,17.24,16.2,44288,74820163.0,6.25,3.37,0.56,2.27
2017-09-19,002199,17.19,17.43,17.87,16.9,62128,108442051.0,5.64,1.4,0.24,3.18
2017-09-20,002199,17.28,17.65,17.86,17.2,42515,74376464.0,3.79,1.26,0.22,2.17
2017-09-21,002199,17.64,18.22,18.53,17.38,95844,173144504.0,6.52,3.23,0.57,4.9
2017-09-22,002199,18.15,18.06,18.44,17.95,46425,84277420.0,2.69,-0.88,-0.16,2.37
2017-09-25,002199,18.06,18.23,18.46,17.92,31550,57502119.0,2.99,0.94,0.17,1.61
2017-09-26,002199,18.2,18.47,18.68,18.0,34408,63285586.0,3.73,1.32,0.24,1.76
2017-09-27,002199,18.3,18.58,18.8,18.11,42213,77666323.0,3.74,0.6,0.11,2.16
2017-09-28,002199,18.46,17.97,18.63,17.89,32181,58783551.0,3.98,-3.28,-0.61,1.65
2017-09-29,002199,18.0,17.64,18.14,17.17,41653,73383100.0,5.4,-1.84,-0.33,2.13
2017-10-09,002199,17.9,17.63,17.9,17.49,16095,28415924.0,2.32,-0.06,-0.01,0.82
2017-10-10,002199,17.63,17.29,17.73,17.15,19053,33209604.0,3.29,-1.93,-0.34,0.97
2017-10-11,002199,17.36,17.23,17.37,17.13,13224,22827014.0,1.39,-0.35,-0.06,0.68
2017-10-12,002199,17.25,16.88,17.41,16.85,22173,37809818.0,3.25,-2.03,-0.35,1.13
2017-10-13,002199,16.89,17.03,17.44,16.8,19256,32963370.0,3.79,0.89,0.15,0.98
2017-10-16,002199,17.03,16.71,17.24,16.62,16720,28154424.0,3.64,-1.88,-0.32,0.86
2017-10-17,002199,16.57,16.7,16.84,16.07,15454,25444227.0,4.61,-0.06,-0.01,0.79
2017-10-18,002199,16.7,17.32,17.47,16.7,19396,33331443.0,4.61,3.71,0.62,0.99
2017-10-19,002199,17.5,17.61,17.61,17.01,18035,31199277.0,3.46,1.67,0.29,0.92
2017-10-20,002199,17.6,17.3,17.69,17.3,9638,16835550.0,2.21,-1.76,-0.31,0.49
2017-10-23,002199,17.25,16.9,17.3,16.82,9011,15278985.0,2.77,-2.31,-0.4,0.46
2017-10-24,002199,16.9,16.96,17.0,16.66,7303,12270171.0,2.01,0.36,0.06,0.37
2017-10-25,002199,16.98,16.76,16.98,16.67,7197,12044919.0,1.83,-1.18,-0.2,0.37
2017-10-26,002199,16.88,16.63,16.88,16.5,7457,12412013.0,2.27,-0.78,-0.13,0.38
2017-10-27,002199,16.68,16.23,16.68,16.2,11656,19046938.0,2.89,-2.41,-0.4,0.6
2017-10-30,002199,16.23,16.9,17.44,16.23,30780,51987244.0,7.46,4.13,0.67,1.57
2017-10-31,002199,16.8,18.04,18.15,16.75,83365,147242986.0,8.28,6.75,1.14,4.26
2017-11-01,002199,18.35,18.6,18.69,18.04,107051,196908768.0,3.6,3.1,0.56,5.48
2017-11-02,002199,18.59,18.34,18.62,18.12,83050,152717401.0,2.69,-1.4,-0.26,4.25
2017-11-03,002199,18.56,16.92,18.56,16.51,92663,159256119.0,11.18,-7.74,-1.42,4.74
2017-11-06,002199,16.2,16.9,17.47,15.75,36265,59957411.0,10.17,-0.12,-0.02,1.85
2017-11-07,002199,16.9,16.8,17.04,16.66,15886,26797921.0,2.25,-0.59,-0.1,0.81
2017-11-08,002199,16.81,17.16,17.45,16.81,22634,38893818.0,3.81,2.14,0.36,1.16
2017-11-09,002199,17.17,17.19,17.32,16.99,17407,29838750.0,1.92,0.17,0.03,0.89
2017-11-10,002199,17.45,17.12,17.45,16.95,13443,22990301.0,2.91,-0.41,-0.07,0.69
2017-11-13,002199,17.28,16.72,17.28,16.56,24708,41556863.0,4.21,-2.34,-0.4,1.26
2017-11-14,002199,16.54,16.24,16.75,16.04,24668,40199094.0,4.25,-2.87,-0.48,1.26
2017-11-15,002199,16.0,16.2,16.4,15.98,19890,32141577.0,2.59,-0.25,-0.04,1.02
2017-11-16,002199,16.25,16.01,16.5,16.0,30385,49376338.0,3.09,-1.17,-0.19,1.55
2017-11-17,002199,15.97,15.47,16.16,15.4,14357,22576878.0,4.75,-3.37,-0.54,0.73
2017-11-20,002199,15.49,15.36,15.49,14.4,10489,15823615.0,7.05,-0.71,-0.11,0.54
2017-11-21,002199,15.36,15.06,16.05,14.91,12428,19066183.0,7.42,-1.95,-0.3,0.64
2017-11-22,002199,15.04,14.9,15.26,14.75,14064,21035807.0,3.39,-1.06,-0.16,0.72
2017-11-23,002199,14.89,14.1,14.91,13.85,25578,36537929.0,7.11,-5.37,-0.8,1.31
2017-11-24,002199,14.0,15.51,15.51,13.45,78797,114386668.0,14.61,10.0,1.41,4.03
2017-11-27,002199,15.51,15.11,15.99,15.04,44631,68073644.0,6.13,-2.58,-0.4,2.28
2017-11-28,002199,15.0,14.88,15.14,14.64,20958,31094040.0,3.31,-1.52,-0.23,1.07
2017-11-29,002199,15.0,15.4,15.96,15.0,35639,55347341.0,6.45,3.49,0.52,1.82
2017-11-30,002199,15.12,15.58,15.65,15.01,21438,32863497.0,4.16,1.17,0.18,1.1
2017-12-01,002199,15.58,15.32,15.84,15.27,17969,28049718.0,3.66,-1.67,-0.26,0.92
2017-12-04,002199,15.08,14.71,15.25,14.68,19050,28305666.0,3.72,-3.98,-0.61,0.97
2017-12-05,002199,14.55,14.37,14.83,14.13,10926,15880041.0,4.76,-2.31,-0.34,0.56
2017-12-06,002199,14.13,14.69,14.75,14.11,6927,10073696.0,4.45,2.23,0.32,0.35
2017-12-07,002199,14.57,14.6,14.9,14.57,4686,6912824.0,2.25,-0.61,-0.09,0.24
2017-12-08,002199,14.6,14.64,14.8,14.4,4527,6642313.0,2.74,0.27,0.04,0.23
2017-12-11,002199,14.8,14.36,14.8,14.22,15387,22080080.0,3.96,-1.91,-0.28,0.79
2017-12-12,002199,14.45,14.18,14.47,14.07,7502,10682864.0,2.79,-1.25,-0.18,0.38
2017-12-13,002199,14.32,14.28,14.33,14.14,4549,6462010.0,1.34,0.71,0.1,0.23
2017-12-14,002199,14.38,14.39,14.47,14.21,7526,10820547.0,1.82,0.77,0.11,0.36
2017-12-15,002199,14.39,14.25,14.39,14.02,5914,8372774.0,2.57,-0.97,-0.14,0.28
2017-12-18,002199,14.38,14.26,14.39,14.06,4825,6839357.0,2.32,0.07,0.01,0.23
2017-12-19,002199,14.32,14.26,14.42,14.2,2791,3992486.0,1.54,0.0,0.0,0.13
2017-12-20,002199,14.26,14.12,14.31,14.11,2548,3608246.0,1.4,-0.98,-0.14,0.12
2017-12-21,002199,14.11,13.94,14.17,13.81,4804,6698237.0,2.55,-1.27,-0.18,0.22
2017-12-22,002199,13.99,15.01,15.3,13.89,18659,27286638.0,10.11,7.68,1.07,0.85
2017-12-25,002199,14.83,14.4,15.0,14.35,10749,15707556.0,4.33,-4.06,-0.61,0.49
2017-12-26,002199,14.26,14.57,14.89,14.26,7163,10462576.0,4.38,1.18,0.17,0.32
2017-12-27,002199,14.69,14.54,14.8,14.46,7250,10592818.0,2.33,-0.21,-0.03,0.33
2017-12-28,002199,14.39,14.9,15.13,14.39,18038,26718691.0,5.09,2.48,0.36,0.82
2017-12-29,002199,14.71,15.35,15.5,14.71,16877,25738773.0,5.3,3.02,0.45,0.76
2018-01-02,002199,15.35,15.2,15.48,15.07,17397,26339863.0,2.67,-0.98,-0.15,0.81
2018-01-03,002199,15.19,15.16,15.25,15.02,11835,17903875.0,1.51,-0.26,-0.04,0.55
2018-01-04,002199,15.18,15.2,15.57,15.1,11890,18195551.0,3.1,0.26,0.04,0.55
2018-01-05,002199,15.05,15.23,15.33,15.05,11304,17212516.0,1.84,0.2,0.03,0.52
2018-01-08,002199,15.16,15.06,15.29,14.95,9201,13866460.0,2.23,-1.12,-0.17,0.43
2018-01-09,002199,15.2,15.16,15.28,14.8,5657,8544882.0,3.19,0.66,0.1,0.26
2018-01-10,002199,15.11,15.08,15.27,15.02,8016,12122481.0,1.65,-0.53,-0.08,0.37
2018-01-11,002199,15.18,14.97,15.18,14.92,3882,5824190.0,1.72,-0.73,-0.11,0.18
2018-01-12,002199,15.09,14.98,15.09,14.9,3480,5210205.0,1.27,0.07,0.01,0.16
2018-01-15,002199,15.08,14.61,15.08,14.61,6338,9378736.0,3.14,-2.47,-0.37,0.29
2018-01-16,002199,14.51,14.63,14.72,14.4,3253,4749205.0,2.19,0.14,0.02,0.15
2018-01-17,002199,14.61,14.46,14.75,14.31,4306,6224377.0,3.01,-1.16,-0.17,0.2
2018-01-18,002199,14.46,14.47,14.59,14.4,5905,8553235.0,1.31,0.07,0.01,0.27
2018-01-19,002199,14.47,14.46,14.57,14.33,2670,3849709.0,1.66,-0.07,-0.01,0.12
2018-01-22,002199,14.15,14.28,14.46,14.15,3567,5067475.0,2.14,-1.24,-0.18,0.17
2018-01-23,002199,14.28,14.51,14.71,14.24,11181,16041419.0,3.29,1.61,0.23,0.52
2018-01-24,002199,14.5,14.32,14.51,14.25,5229,7490517.0,1.79,-1.31,-0.19,0.24
2018-01-25,002199,14.29,14.37,14.53,14.29,3697,5327290.0,1.68,0.35,0.05,0.17
2018-01-26,002199,14.39,14.49,14.54,14.08,5745,8169320.0,3.2,0.84,0.12,0.27
2018-01-29,002199,14.36,14.6,14.67,14.21,13141,18898733.0,3.17,0.76,0.11,0.61
2018-01-30,002199,14.55,15.1,15.2,14.42,16606,24692743.0,5.34,3.42,0.5,0.77
2018-01-31,002199,15.04,15.3,15.38,14.9,21250,32392562.0,3.18,1.32,0.2,0.99
2018-02-01,002199,15.15,14.92,15.31,14.5,9306,13914705.0,5.29,-2.48,-0.38,0.43
2018-02-02,002199,14.72,15.3,15.3,13.43,31001,43483615.0,12.53,2.55,0.38,1.44
2018-02-05,002199,15.05,15.0,15.23,14.9,5377,8073899.0,2.16,-1.96,-0.3,0.25
2018-02-06,002199,15.0,14.6,15.0,13.88,14385,20582150.0,7.47,-2.67,-0.4,0.67
2018-02-07,002199,13.66,14.4,14.48,13.66,15137,21241414.0,5.62,-1.37,-0.2,0.7
2018-02-08,002199,14.14,14.2,14.2,13.58,19581,26945364.0,4.31,-1.39,-0.2,0.91
2018-02-09,002199,13.75,13.99,14.01,13.01,46189,62157476.0,7.04,-1.48,-0.21,2.14
2018-02-12,002199,13.68,13.8,13.94,13.67,6424,8866406.0,1.93,-1.36,-0.19,0.3
2018-02-13,002199,13.69,13.8,13.89,13.48,6008,8241288.0,2.97,0.0,0.0,0.28
2018-02-14,002199,13.83,13.88,13.9,13.63,2334,3213156.0,1.96,0.58,0.08,0.11
2018-02-22,002199,13.89,14.11,14.4,13.89,4142,5837800.0,3.67,1.66,0.23,0.19
2018-02-23,002199,14.02,13.88,14.13,13.7,4250,5908068.0,3.05,-1.63,-0.23,0.2
2018-02-26,002199,13.8,13.82,13.92,13.49,7981,10923461.0,3.1,-0.43,-0.06,0.37
2018-02-27,002199,13.83,13.84,13.91,13.58,6412,8831320.0,2.39,0.14,0.02,0.3
2018-02-28,002199,13.74,13.75,13.85,13.65,4319,5956404.0,1.45,-0.65,-0.09,0.2
2018-03-01,002199,13.63,13.72,13.81,13.63,4704,6463581.0,1.31,-0.22,-0.03,0.22
2018-03-02,002199,13.58,14.02,14.34,13.56,16817,23469399.0,5.69,2.19,0.3,0.78
2018-03-05,002199,14.03,13.87,14.23,13.75,7346,10199150.0,3.42,-1.07,-0.15,0.34
2018-03-06,002199,13.87,13.78,13.96,13.69,7750,10676059.0,1.95,-0.65,-0.09,0.36
2018-03-07,002199,13.78,14.18,14.66,13.66,16912,23818798.0,7.26,2.9,0.4,0.78
2018-03-08,002199,14.05,14.03,14.15,13.92,6718,9417380.0,1.62,-1.06,-0.15,0.31
2018-03-09,002199,14.03,14.04,14.1,13.81,9206,12823481.0,2.07,0.07,0.01,0.43
2018-03-12,002199,14.03,14.2,14.27,14.01,12215,17255456.0,1.85,1.14,0.16,0.57
2018-03-13,002199,14.17,14.1,14.24,14.03,6877,9701683.0,1.48,-0.7,-0.1,0.32
2018-03-14,002199,14.1,14.25,14.45,14.0,15349,21831536.0,3.19,1.06,0.15,0.71
2018-03-15,002199,14.25,14.12,14.25,14.05,6180,8738395.0,1.4,-0.91,-0.13,0.29
2018-03-16,002199,14.15,14.41,14.42,14.1,9430,13459743.0,2.27,2.05,0.29,0.44
2018-03-19,002199,14.41,14.31,14.41,14.17,8182,11678705.0,1.67,-0.69,-0.1,0.38
2018-03-20,002199,14.31,14.18,14.34,14.1,4278,6050363.0,1.68,-0.91,-0.13,0.2
2018-03-21,002199,14.28,14.13,14.36,14.02,7420,10543581.0,2.4,-0.35,-0.05,0.34
2018-03-22,002199,14.29,14.03,14.29,13.71,4331,6115885.0,4.1,-0.71,-0.1,0.2
2018-03-23,002199,13.7,14.0,14.05,13.18,16722,22914019.0,6.2,-0.21,-0.03,0.78
2018-03-26,002199,13.5,13.97,13.97,13.5,5182,7122372.0,3.36,-0.21,-0.03,0.24
2018-03-27,002199,13.9,13.96,14.18,13.85,5479,7669469.0,2.36,-0.07,-0.01,0.25
2018-03-28,002199,13.72,13.81,13.94,13.72,3253,4496343.0,1.58,-1.07,-0.15,0.15
2018-03-29,002199,13.78,13.82,13.91,13.75,3292,4553356.0,1.16,0.07,0.01,0.15
2018-03-30,002199,13.79,13.88,13.88,13.65,4296,5919513.0,1.66,0.43,0.06,0.2
2018-04-02,002199,13.93,14.12,14.2,13.77,8478,11915506.0,3.1,1.73,0.24,0.39
2018-04-03,002199,14.12,14.0,14.12,13.85,5456,7632646.0,1.91,-0.85,-0.12,0.25
2018-04-04,002199,13.88,14.0,14.0,13.72,5716,7929255.0,2.0,0.0,0.0,0.27
2018-04-09,002199,13.98,14.18,14.19,13.8,9845,13848343.0,2.79,1.29,0.18,0.46
2018-04-10,002199,14.18,14.07,14.29,14.04,6754,9544343.0,1.76,-0.78,-0.11,0.31
2018-04-11,002199,13.95,13.98,14.1,13.9,6269,8777804.0,1.42,-0.64,-0.09,0.29
2018-04-12,002199,14.0,13.97,14.09,13.86,7212,10077682.0,1.65,-0.07,-0.01,0.33
2018-04-13,002199,13.98,13.93,14.05,13.85,4996,6969227.0,1.43,-0.29,-0.04,0.23
2018-04-16,002199,13.8,13.6,13.94,13.52,11384,15583878.0,3.02,-2.37,-0.33,0.53
2018-04-17,002199,13.58,13.34,13.78,13.2,3361,4531096.0,4.26,-1.91,-0.26,0.16
2018-04-18,002199,13.4,13.44,13.6,13.25,5237,7008516.0,2.62,0.75,0.1,0.24
2018-04-19,002199,13.45,13.97,14.21,13.41,15274,21254397.0,5.95,3.94,0.53,0.71
2018-04-20,002199,14.09,13.79,14.18,13.65,6230,8655859.0,3.79,-1.29,-0.18,0.29
2018-04-23,002199,13.76,13.53,13.89,13.52,5410,7384383.0,2.68,-1.89,-0.26,0.25
2018-04-24,002199,13.78,13.61,13.78,13.53,3290,4487096.0,1.85,0.59,0.08,0.15
2018-04-25,002199,13.71,13.43,13.71,13.36,5609,7542059.0,2.57,-1.32,-0.18,0.26
2018-04-26,002199,13.53,13.16,13.53,13.1,5436,7212008.0,3.2,-2.01,-0.27,0.25
2018-04-27,002199,13.16,13.13,13.29,13.02,4650,6096660.0,2.05,-0.23,-0.03,0.22
2018-05-02,002199,13.13,12.81,13.25,12.81,4748,6149931.0,3.35,-2.44,-0.32,0.22
2018-05-03,002199,12.81,12.77,12.96,12.6,4969,6385539.0,2.81,-0.31,-0.04,0.23
2018-05-04,002199,12.77,12.79,12.94,12.73,3382,4327807.0,1.64,0.16,0.02,0.16
2018-05-07,002199,12.88,12.71,12.88,12.6,5499,6981260.0,2.19,-0.63,-0.08,0.26
2018-05-08,002199,12.64,13.24,13.98,12.07,38668,49283300.0,15.03,4.17,0.53,1.79
2018-05-09,002199,12.84,12.64,12.99,12.5,10138,12897637.0,3.7,-4.53,-0.6,0.47
2018-05-10,002199,12.68,12.58,12.7,12.45,6569,8242234.0,1.98,-0.47,-0.06,0.3
2018-05-11,002199,12.62,12.3,12.67,12.21,7543,9272732.0,3.66,-2.23,-0.28,0.35
2018-05-14,002199,12.4,11.07,12.4,11.07,36130,41437722.0,10.81,-10.0,-1.23,1.68
2018-05-15,002199,10.84,10.43,10.84,9.96,37818,38821087.0,7.95,-5.78,-0.64,1.75
2018-05-16,002199,10.18,10.2,10.33,10.12,19447,19864255.0,2.01,-2.21,-0.23,0.9
2018-05-17,002199,10.19,10.16,10.32,10.12,11192,11459399.0,1.96,-0.39,-0.04,0.52
2018-05-18,002199,10.2,10.29,10.33,10.06,8579,8758953.0,2.66,1.28,0.13,0.4
2018-05-21,002199,10.33,10.39,10.46,10.25,13945,14496792.0,2.04,0.97,0.1,0.65
2018-05-22,002199,10.4,10.3,10.4,10.23,8010,8246517.0,1.64,-0.87,-0.09,0.37
2018-05-23,002199,10.21,9.99,10.28,9.75,19093,19041717.0,5.15,-3.01,-0.31,0.89
2018-05-24,002199,9.95,9.82,9.95,9.78,9817,9659710.0,1.7,-1.7,-0.17,0.46
2018-05-25,002199,9.82,8.95,9.86,8.93,32830,30341064.0,9.47,-8.86,-0.87,1.52
2018-05-28,002199,9.15,9.25,9.3,8.95,23696,21664236.0,3.91,3.35,0.3,1.1
2018-05-29,002199,9.34,9.58,9.85,9.3,26475,25266089.0,5.95,3.57,0.33,1.23
2018-05-30,002199,9.39,8.62,9.55,8.62,29012,25919245.0,9.71,-10.02,-0.96,1.35
2018-05-31,002199,8.73,8.7,9.08,8.64,17981,15901131.0,5.1,0.93,0.08,0.83
2018-06-01,002199,8.81,8.99,9.25,8.72,23973,21532199.0,6.09,3.33,0.29,1.11
2018-06-04,002199,9.04,8.93,9.26,8.82,12772,11586444.0,4.89,-0.67,-0.06,0.59
2018-06-05,002199,9.02,9.06,9.1,8.93,14054,12686581.0,1.9,1.46,0.13,0.65
2018-06-06,002199,9.09,9.53,9.86,9.09,33350,31165726.0,8.5,5.19,0.47,1.55
2018-06-07,002199,9.43,9.29,9.48,9.22,17339,16201011.0,2.73,-2.52,-0.24,0.8
2018-06-08,002199,9.2,9.28,9.31,9.2,9018,8353368.0,1.18,-0.11,-0.01,0.42
2018-06-11,002199,9.22,9.6,9.66,9.22,28959,27331660.0,4.74,3.45,0.32,1.34
2018-06-12,002199,9.57,9.97,10.2,9.45,36022,35721171.0,7.81,3.85,0.37,1.67
2018-06-13,002199,9.9,10.3,10.5,9.76,34709,35519942.0,7.42,3.31,0.33,1.61
2018-06-14,002199,10.3,9.86,10.38,9.8,30408,30443977.0,5.63,-4.27,-0.44,1.41
2018-06-15,002199,9.92,9.53,10.08,9.1,34135,32872074.0,9.94,-3.35,-0.33,1.58
2018-06-19,002199,9.24,8.69,9.24,8.66,28314,25035279.0,6.09,-8.81,-0.84,1.31
2018-06-20,002199,8.3,8.7,8.79,8.3,10394,8894469.0,5.64,0.12,0.01,0.48
2018-06-21,002199,8.62,8.48,8.96,8.31,8035,7055313.0,7.47,-2.53,-0.22,0.37
2018-06-22,002199,8.48,8.69,8.73,8.45,6886,5922914.0,3.3,2.48,0.21,0.32
2018-06-25,002199,8.77,8.31,8.78,8.2,17533,14904110.0,6.67,-4.37,-0.38,0.81
2018-06-26,002199,8.01,8.31,8.31,7.51,12607,10081127.0,9.63,0.0,0.0,0.58
2018-06-27,002199,8.17,8.32,8.47,8.13,9345,7804687.0,4.09,0.12,0.01,0.43
2018-06-28,002199,8.37,8.61,8.8,8.3,11473,9843161.0,6.01,3.49,0.29,0.53
2018-06-29,002199,8.6,9.47,9.47,8.6,25598,23420508.0,10.1,9.99,0.86,1.19
2018-07-02,002199,9.51,9.79,10.05,9.34,30266,29374981.0,7.5,3.38,0.32,1.34
2018-07-03,002199,9.7,9.74,9.8,9.36,18005,17374270.0,4.49,-0.51,-0.05,0.8
2018-07-04,002199,9.67,9.58,10.28,9.38,19227,18949923.0,9.24,-1.64,-0.16,0.85
2018-07-05,002199,9.47,9.01,9.74,9.0,13234,12271817.0,7.72,-5.95,-0.57,0.59
2018-07-06,002199,9.19,9.57,9.85,8.63,20311,18705156.0,13.54,6.22,0.56,0.9
2018-07-09,002199,9.5,9.62,9.76,9.45,12700,12184072.0,3.24,0.52,0.05,0.56
2018-07-10,002199,9.55,9.53,9.78,9.42,13147,12564705.0,3.74,-0.94,-0.09,0.58
2018-07-11,002199,9.48,9.22,9.48,9.1,8748,8066725.0,3.99,-3.25,-0.31,0.39
2018-07-12,002199,9.06,9.32,9.39,9.06,10321,9620797.0,3.58,1.08,0.1,0.46
2018-07-13,002199,9.51,9.39,9.51,9.26,6600,6167273.0,2.68,0.75,0.07,0.29
2018-07-16,002199,9.42,9.2,9.47,9.19,4919,4552004.0,2.98,-2.02,-0.19,0.22
2018-07-17,002199,9.16,9.14,9.2,9.05,4302,3923182.0,1.63,-0.65,-0.06,0.19
2018-07-18,002199,9.2,9.7,10.05,9.11,24892,24108885.0,10.28,6.13,0.56,1.1
2018-07-19,002199,9.81,10.67,10.67,9.81,45902,48671291.0,8.87,10.0,0.97,2.03
2018-07-20,002199,11.11,10.58,11.46,10.38,135827,148171380.0,10.12,-0.84,-0.09,6.01
2018-07-23,002199,10.03,10.09,10.32,9.89,64167,64674766.0,4.06,-4.63,-0.49,2.84
2018-07-24,002199,9.95,10.05,10.1,9.8,43259,43071708.0,2.97,-0.4,-0.04,1.91
2018-07-25,002199,9.94,9.94,10.18,9.88,32949,32987041.0,2.99,-1.09,-0.11,1.46
2018-07-26,002199,9.91,9.85,9.98,9.7,28033,27471052.0,2.82,-0.91,-0.09,1.24
2018-07-27,002199,9.8,9.48,9.8,9.46,23268,22345532.0,3.45,-3.76,-0.37,1.03
2018-07-30,002199,9.55,8.96,9.55,8.85,29344,26915018.0,7.38,-5.49,-0.52,1.3
2018-07-31,002199,8.85,8.9,8.96,8.7,11771,10445359.0,2.9,-0.67,-0.06,0.52
2018-08-01,002199,9.1,9.79,9.79,9.08,82405,80430168.0,7.98,10.0,0.89,3.64
2018-08-02,002199,9.77,9.33,10.08,9.14,99804,96705089.0,9.6,-4.7,-0.46,4.41
2018-08-03,002199,8.97,8.6,9.18,8.6,60781,54138017.0,6.22,-7.82,-0.73,2.69
2018-08-06,002199,8.59,7.74,8.59,7.74,64267,51325563.0,9.88,-10.0,-0.86,2.84
2018-08-07,002199,7.7,7.86,7.97,7.52,28645,22332127.0,5.81,1.55,0.12,1.27
2018-08-08,002199,7.77,7.81,8.05,7.74,21710,17057991.0,3.94,-0.64,-0.05,0.96
2018-08-09,002199,7.74,7.9,7.98,7.61,21512,17002575.0,4.74,1.15,0.09,0.95
2018-08-10,002199,7.83,8.03,8.16,7.83,20855,16742097.0,4.18,1.65,0.13,0.92
2018-08-13,002199,8.05,8.1,8.1,7.8,21359,16985992.0,3.74,0.87,0.07,0.94
2018-08-14,002199,8.02,8.06,8.11,7.94,14690,11786751.0,2.1,-0.49,-0.04,0.65
2018-08-15,002199,8.08,7.83,8.09,7.8,12122,9615290.0,3.6,-2.85,-0.23,0.54
2018-08-16,002199,7.75,7.73,7.83,7.57,10996,8486822.0,3.32,-1.28,-0.1,0.49
2018-08-17,002199,7.8,7.56,7.91,7.54,11845,9136268.0,4.79,-2.2,-0.17,0.52
2018-08-20,002199,7.56,7.46,7.59,7.19,12403,9212585.0,5.29,-1.32,-0.1,0.55
2018-08-21,002199,7.42,7.49,7.57,7.42,8827,6621751.0,2.01,0.4,0.03,0.39
2018-08-22,002199,7.46,7.41,7.53,7.35,4947,3685410.0,2.4,-1.07,-0.08,0.22
2018-08-23,002199,7.4,7.38,7.48,7.22,8307,6139076.0,3.51,-0.4,-0.03,0.37
2018-08-24,002199,7.38,7.5,7.55,7.3,10032,7472243.0,3.39,1.63,0.12,0.44
2018-08-27,002199,7.61,7.8,7.85,7.46,17998,13668143.0,5.2,4.0,0.3,0.8
2018-08-28,002199,7.78,7.64,7.78,7.55,14093,10762208.0,2.95,-2.05,-0.16,0.62
2018-08-29,002199,7.6,7.48,7.6,7.42,8557,6414851.0,2.36,-2.09,-0.16,0.38
2018-08-30,002199,7.4,7.28,7.46,7.28,9766,7186695.0,2.41,-2.67,-0.2,0.43
2018-08-31,002199,7.29,7.25,7.51,7.05,11648,8419888.0,6.32,-0.41,-0.03,0.52
2018-09-03,002199,7.1,7.09,7.2,6.85,6059,4287449.0,4.83,-2.21,-0.16,0.27
2018-09-04,002199,7.2,7.8,7.8,7.1,31185,24083963.0,9.87,10.01,0.71,1.38
2018-09-05,002199,7.9,7.63,8.05,7.6,45524,35589959.0,5.77,-2.18,-0.17,2.01
2018-09-06,002199,7.43,7.48,7.8,7.43,24361,18522756.0,4.85,-1.97,-0.15,1.08
2018-09-07,002199,7.66,7.38,7.69,7.35,15056,11360352.0,4.55,-1.34,-0.1,0.67
2018-09-10,002199,7.35,7.33,7.51,7.31,13806,10216250.0,2.71,-0.68,-0.05,0.61
2018-09-11,002199,7.36,7.4,7.41,7.15,9854,7219242.0,3.55,0.95,0.07,0.44
2018-09-12,002199,7.34,7.34,7.44,7.3,10255,7563357.0,1.89,-0.81,-0.06,0.45
2018-09-13,002199,7.39,7.51,7.58,7.35,11434,8489929.0,3.13,2.32,0.17,0.51
2018-09-14,002199,7.49,7.71,8.05,7.36,21538,16458160.0,9.19,2.66,0.2,0.95
2018-09-17,002199,7.62,7.31,7.71,7.21,13527,10077989.0,6.49,-5.19,-0.4,0.6
2018-09-18,002199,7.16,7.4,7.49,7.16,8053,5921758.0,4.51,1.23,0.09,0.36
2018-09-19,002199,7.38,7.45,7.53,7.32,10877,8075584.0,2.84,0.68,0.05,0.48
2018-09-20,002199,7.4,7.34,7.47,7.31,7957,5893009.0,2.15,-1.48,-0.11,0.35
2018-09-21,002199,7.34,7.43,7.5,7.33,9366,6962831.0,2.32,1.23,0.09,0.41
2018-09-25,002199,7.44,7.39,7.57,7.37,9979,7422051.0,2.69,-0.54,-0.04,0.44
2018-09-26,002199,7.39,7.41,7.45,7.36,7200,5335846.0,1.22,0.27,0.02,0.32
2018-09-27,002199,7.42,7.1,7.43,7.01,12368,8949877.0,5.67,-4.18,-0.31,0.55
2018-09-28,002199,7.06,7.1,7.19,7.0,12709,8986129.0,2.68,0.0,0.0,0.56
2018-10-08,002199,7.09,6.8,7.09,6.71,10605,7290687.0,5.35,-4.23,-0.3,0.47
2018-10-09,002199,6.79,7.48,7.48,6.79,25775,19109218.0,10.15,10.0,0.68,1.14
2018-10-10,002199,7.69,7.65,7.89,7.5,57572,44334307.0,5.21,2.27,0.17,2.55
2018-10-11,002199,7.43,7.75,8.22,6.9,60295,45240215.0,17.25,1.31,0.1,2.67
2018-10-12,002199,7.42,7.84,8.16,7.3,56045,44005930.0,11.1,1.16,0.09,2.48
2018-10-15,002199,7.85,7.9,8.01,7.72,22608,17749636.0,3.7,0.77,0.06,1.0
2018-10-16,002199,7.7,7.75,7.88,7.53,22491,17368934.0,4.43,-1.9,-0.15,0.99
2018-10-17,002199,8.06,7.84,8.23,7.68,19216,15157299.0,7.1,1.16,0.09,0.85
2018-10-18,002199,7.63,7.2,7.8,7.06,21258,15820074.0,9.44,-8.16,-0.64,0.94
2018-10-19,002199,7.2,7.45,7.45,6.9,15131,11027342.0,7.64,3.47,0.25,0.67
2018-10-22,002199,7.9,7.85,7.99,7.51,35578,27504512.0,6.44,5.37,0.4,1.57
2018-10-23,002199,7.73,7.8,7.88,7.62,19984,15494686.0,3.31,-0.64,-0.05,0.88
2018-10-24,002199,7.74,8.58,8.58,7.73,62832,52481253.0,10.9,10.0,0.78,2.78
2018-10-25,002199,8.35,8.82,9.07,8.06,66118,56057673.0,11.77,2.8,0.24,2.92
2018-10-26,002199,8.63,8.32,8.8,8.31,38772,33162399.0,5.56,-5.67,-0.5,1.71
2018-10-29,002199,8.27,8.22,8.39,8.13,18662,15358382.0,3.13,-1.2,-0.1,0.83
2018-10-30,002199,8.28,8.45,8.45,8.04,23726,19650981.0,4.99,2.8,0.23,1.05
2018-10-31,002199,8.45,8.34,8.63,8.24,18107,15127312.0,4.62,-1.3,-0.11,0.8
2018-11-01,002199,8.38,8.35,8.43,8.25,16039,13353495.0,2.16,0.12,0.01,0.71
2018-11-02,002199,8.5,8.43,8.54,8.26,22993,19249713.0,3.35,0.96,0.08,1.02
2018-11-05,002199,8.42,8.91,8.91,8.31,38872,33710562.0,7.12,5.69,0.48,1.72
2018-11-06,002199,8.75,8.8,8.99,8.7,26610,23408121.0,3.25,-1.23,-0.11,1.18
2018-11-07,002199,8.75,8.79,8.98,8.68,18104,15963528.0,3.41,-0.11,-0.01,0.8
2018-11-08,002199,8.73,8.79,9.05,8.73,23170,20581282.0,3.64,0.0,0.0,1.02
2018-11-09,002199,8.73,8.45,8.8,8.35,17810,15285385.0,5.12,-3.87,-0.34,0.79
2018-11-12,002199,8.45,8.71,8.8,8.33,15116,13009580.0,5.56,3.08,0.26,0.67
2018-11-13,002199,8.6,8.91,8.97,8.5,22350,19701856.0,5.4,2.3,0.2,0.99
2018-11-14,002199,8.84,8.83,8.97,8.66,16455,14462627.0,3.48,-0.9,-0.08,0.73
2018-11-15,002199,8.74,8.78,8.87,8.66,11665,10202980.0,2.38,-0.57,-0.05,0.52
2018-11-16,002199,8.73,8.82,8.87,8.67,16368,14371550.0,2.28,0.46,0.04,0.72
2018-11-19,002199,8.78,8.55,8.8,8.47,14928,12825107.0,3.74,-3.06,-0.27,0.66
2018-11-20,002199,8.44,8.0,8.44,7.89,39275,31897454.0,6.43,-6.43,-0.55,1.74
2018-11-21,002199,7.89,8.8,8.8,7.88,41281,34779399.0,11.5,10.0,0.8,1.83
2018-11-22,002199,8.96,8.8,9.08,8.7,49782,44249722.0,4.32,0.0,0.0,2.2
2018-11-23,002199,8.82,8.3,8.85,8.3,30747,26018184.0,6.25,-5.68,-0.5,1.36
2018-11-26,002199,8.3,8.21,8.37,8.07,17888,14642220.0,3.61,-1.08,-0.09,0.79
2018-11-27,002199,8.38,8.18,8.38,8.06,11235,9159879.0,3.9,-0.37,-0.03,0.5
2018-11-28,002199,8.1,8.24,8.28,7.95,14931,12161322.0,4.03,0.73,0.06,0.66
2018-11-29,002199,8.28,7.91,8.28,7.9,17242,13908255.0,4.61,-4.0,-0.33,0.76
2018-11-30,002199,7.88,7.89,7.93,7.69,14135,11053684.0,3.03,-0.25,-0.02,0.63
2018-12-03,002199,7.92,8.28,8.66,7.92,28825,23834106.0,9.38,4.94,0.39,1.27
2018-12-04,002199,8.16,8.23,8.37,8.12,18190,14972737.0,3.02,-0.6,-0.05,0.8
2018-12-05,002199,8.11,8.13,8.37,7.82,18270,14718385.0,6.68,-1.22,-0.1,0.81
2018-12-06,002199,8.03,7.93,8.07,7.91,12772,10203326.0,1.97,-2.46,-0.2,0.56
2018-12-07,002199,7.93,8.03,8.16,7.93,9320,7490244.0,2.9,1.26,0.1,0.41
2018-12-10,002199,8.0,7.93,8.19,7.9,9845,7921752.0,3.61,-1.25,-0.1,0.44
2018-12-11,002199,7.91,8.16,8.28,7.91,15219,12382181.0,4.67,2.9,0.23,0.67
2018-12-12,002199,8.18,8.06,8.28,7.97,13405,10850681.0,3.8,-1.23,-0.1,0.59
2018-12-13,002199,8.13,8.1,8.17,8.01,6978,5654040.0,1.99,0.5,0.04,0.31
2018-12-14,002199,8.11,7.93,8.12,7.88,9689,7726444.0,2.96,-2.1,-0.17,0.43
2018-12-17,002199,7.83,7.83,7.95,7.81,9329,7327474.0,1.77,-1.26,-0.1,0.41
2018-12-18,002199,7.77,7.81,7.89,7.76,10022,7843711.0,1.66,-0.26,-0.02,0.44
2018-12-19,002199,7.89,7.85,7.99,7.82,7527,5932039.0,2.18,0.51,0.04,0.33
2018-12-20,002199,7.83,7.8,7.94,7.71,12048,9453029.0,2.93,-0.64,-0.05,0.53
2018-12-21,002199,7.8,7.91,7.91,7.7,9741,7594761.0,2.69,1.41,0.11,0.43
2018-12-24,002199,7.9,8.7,8.7,7.88,59175,50551033.0,10.37,9.99,0.79,2.62
2018-12-25,002199,8.51,9.57,9.57,8.51,114220,106662991.0,12.18,10.0,0.87,5.05
2018-12-26,002199,9.9,9.56,10.17,9.1,131641,125711495.0,11.18,-0.1,-0.01,5.82
2018-12-27,002199,9.32,9.55,9.92,9.26,102930,98837990.0,6.9,-0.1,-0.01,4.55
2018-12-28,002199,9.43,9.17,9.51,9.06,43546,40194823.0,4.71,-3.98,-0.38,1.93
2019-01-02,002199,9.27,9.15,9.33,9.05,30385,27850766.0,3.05,-0.22,-0.02,1.25
2019-01-03,002199,9.2,8.86,9.22,8.83,31604,28326735.0,4.26,-3.17,-0.29,1.3
2019-01-04,002199,8.9,8.96,9.02,8.59,24735,21968799.0,4.85,1.13,0.1,1.02
2019-01-07,002199,9.05,9.12,9.26,8.87,35889,32583702.0,4.35,1.79,0.16,1.47
2019-01-08,002199,9.15,9.17,9.2,8.77,25860,23353552.0,4.71,0.55,0.05,1.06
2019-01-09,002199,9.1,9.01,9.23,8.91,24490,22234297.0,3.49,-1.74,-0.16,1.01
2019-01-10,002199,8.99,9.12,9.16,8.89,28321,25687197.0,3.0,1.22,0.11,1.16
2019-01-11,002199,9.2,9.09,9.21,8.97,14828,13462121.0,2.63,-0.33,-0.03,0.61
2019-01-14,002199,9.1,9.14,9.2,9.04,15188,13815649.0,1.76,0.55,0.05,0.62
2019-01-15,002199,8.99,9.08,9.12,8.95,17631,15963924.0,1.86,-0.66,-0.06,0.72
2019-01-16,002199,9.08,9.06,9.16,9.01,10030,9101467.0,1.65,-0.22,-0.02,0.41
2019-01-17,002199,9.11,8.84,9.14,8.76,15408,13783727.0,4.19,-2.43,-0.22,0.63
2019-01-18,002199,8.87,8.67,8.9,8.55,14898,12937045.0,3.96,-1.92,-0.17,0.61
2019-01-21,002199,8.74,9.02,9.5,8.71,18651,16958186.0,9.11,4.04,0.35,0.77
2019-01-22,002199,9.0,8.75,9.0,8.7,12060,10616231.0,3.33,-2.99,-0.27,0.5
2019-01-23,002199,8.77,8.82,8.9,8.62,9249,8103975.0,3.2,0.8,0.07,0.38
2019-01-24,002199,8.74,9.0,9.14,8.74,17420,15701701.0,4.54,2.04,0.18,0.72
2019-01-25,002199,9.04,9.06,9.19,9.0,14437,13146533.0,2.11,0.67,0.06,0.59
2019-01-28,002199,9.15,9.29,9.45,9.05,20261,18777177.0,4.42,2.54,0.23,0.83
2019-01-29,002199,9.29,9.22,9.38,8.63,14602,13341069.0,8.07,-0.75,-0.07,0.6
2019-01-30,002199,8.89,8.94,9.15,8.89,9886,8917908.0,2.82,-3.04,-0.28,0.41
2019-01-31,002199,8.88,8.9,9.14,8.88,6453,5823756.0,2.91,-0.45,-0.04,0.27
2019-02-01,002199,8.74,8.97,9.05,8.74,5748,5161871.0,3.48,0.79,0.07,0.24
2019-02-11,002199,8.9,9.21,9.29,8.9,8455,7760701.0,4.35,2.68,0.24,0.35
2019-02-12,002199,9.17,9.5,9.5,9.1,14373,13374042.0,4.34,3.15,0.29,0.59
2019-02-13,002199,9.51,10.45,10.45,9.37,30066,30639652.0,11.37,10.0,0.95,1.24
2019-02-14,002199,10.45,10.3,10.98,10.21,49635,51977678.0,7.37,-1.44,-0.15,2.04
2019-02-15,002199,10.3,9.92,10.31,9.92,29344,29518088.0,3.79,-3.69,-0.38,1.21
2019-02-18,002199,10.0,10.17,10.23,9.83,35782,36068957.0,4.03,2.52,0.25,1.47
2019-02-19,002199,10.1,10.16,10.25,9.93,24293,24441731.0,3.15,-0.1,-0.01,1.0
2019-02-20,002199,10.15,10.06,10.16,9.95,14318,14370104.0,2.07,-0.98,-0.1,0.59
2019-02-21,002199,10.01,10.25,10.33,10.01,34940,35625647.0,3.18,1.89,0.19,1.44
2019-02-22,002199,10.11,10.35,10.4,10.05,24913,25571249.0,3.41,0.98,0.1,1.02
2019-02-25,002199,10.34,10.73,11.33,10.28,51578,54707613.0,10.14,3.67,0.38,2.12
2019-02-26,002199,10.68,10.59,10.84,10.32,35468,37300757.0,4.85,-1.3,-0.14,1.46
2019-02-27,002199,10.35,10.51,10.79,10.35,23766,24936754.0,4.15,-0.76,-0.08,0.98
2019-02-28,002199,10.42,10.41,10.58,10.32,13010,13603551.0,2.47,-0.95,-0.1,0.53
2019-03-01,002199,10.41,10.44,10.58,10.35,9735,10145218.0,2.21,0.29,0.03,0.4
2019-03-04,002199,10.47,10.71,11.06,10.4,38515,41453955.0,6.32,2.59,0.27,1.58
2019-03-05,002199,10.67,10.6,10.7,10.56,27809,29497741.0,1.31,-1.03,-0.11,1.14
2019-03-06,002199,10.63,10.63,10.9,10.44,29123,30800312.0,4.34,0.28,0.03,1.2
2019-03-07,002199,10.6,11.1,11.19,10.49,49718,53535695.0,6.59,4.42,0.47,2.04
2019-03-08,002199,10.85,10.82,12.2,10.6,65398,73475838.0,14.41,-2.52,-0.28,2.69
2019-03-11,002199,10.68,11.25,11.32,10.67,43221,47550946.0,6.01,3.97,0.43,1.78
2019-03-12,002199,11.34,12.05,12.16,11.26,70560,83799802.0,8.0,7.11,0.8,2.9
2019-03-13,002199,11.98,12.3,12.55,11.85,58096,70939020.0,5.81,2.07,0.25,2.39
2019-03-14,002199,12.42,13.02,13.5,11.99,77622,98070637.0,12.28,5.85,0.72,3.19
2019-03-15,002199,13.0,14.01,14.19,12.71,54079,73981503.0,11.37,7.6,0.99,2.22
2019-03-18,002199,13.6,14.0,14.59,13.6,40538,56903174.0,7.07,-0.07,-0.01,1.67
2019-03-19,002199,14.1,13.65,14.19,13.18,38949,52918077.0,7.21,-2.5,-0.35,1.6
2019-03-20,002199,13.62,14.23,14.5,13.5,44146,62297559.0,7.33,4.25,0.58,1.81
2019-03-21,002199,14.22,14.19,14.3,13.8,32732,45949155.0,3.51,-0.28,-0.04,1.34
2019-03-22,002199,14.09,13.9,14.12,13.8,19018,26541061.0,2.26,-2.04,-0.29,0.78
2019-03-25,002199,14.09,14.08,14.47,13.8,33608,47399785.0,4.82,1.29,0.18,1.38
2019-03-26,002199,14.26,13.58,14.26,13.28,38760,53397186.0,6.96,-3.55,-0.5,1.59
2019-03-27,002199,13.68,13.61,13.9,13.31,29569,40407475.0,4.34,0.22,0.03,1.21
2019-03-28,002199,13.73,13.84,14.2,13.66,42569,59572045.0,3.97,1.69,0.23,1.75
2019-03-29,002199,13.97,13.77,13.97,13.53,32594,45004037.0,3.18,-0.51,-0.07,1.34
2019-04-01,002199,14.08,14.0,14.34,13.7,37865,53430501.0,4.65,1.67,0.23,1.56
2019-04-02,002199,14.28,13.97,14.35,13.95,32420,45834780.0,2.86,-0.21,-0.03,1.33
2019-04-03,002199,14.0,13.88,14.16,13.77,37640,52339195.0,2.79,-0.64,-0.09,1.55
2019-04-04,002199,13.88,13.87,14.08,13.6,26076,36059502.0,3.46,-0.07,-0.01,1.07
2019-04-08,002199,13.96,14.16,14.97,13.9,60233,85916304.0,7.71,2.09,0.29,2.47
2019-04-09,002199,14.17,13.92,14.26,13.72,33991,47402146.0,3.81,-1.69,-0.24,1.4
2019-04-10,002199,14.1,14.2,14.43,13.77,24490,34575549.0,4.74,2.01,0.28,1.01
2019-04-11,002199,14.28,14.1,14.38,13.93,17523,24664007.0,3.17,-0.7,-0.1,0.72
2019-04-12,002199,13.93,13.65,14.08,13.3,22407,30616703.0,5.53,-3.19,-0.45,0.92
2019-04-15,002199,13.7,13.71,14.68,13.7,28282,39617810.0,7.18,0.44,0.06,1.16
2019-04-16,002199,13.71,13.85,13.94,13.36,26720,36480741.0,4.23,1.02,0.14,1.1
2019-04-17,002199,14.13,13.66,14.13,13.61,19964,27471236.0,3.75,-1.37,-0.19,0.82
2019-04-18,002199,13.6,13.62,13.79,13.4,20377,27815680.0,2.86,-0.29,-0.04,0.84
2019-04-19,002199,13.7,13.15,13.7,13.01,30624,40530972.0,5.07,-3.45,-0.47,1.26
2019-04-22,002199,13.15,13.12,13.46,13.01,25441,33681408.0,3.42,-0.23,-0.03,1.05
2019-04-23,002199,13.4,12.88,13.4,12.85,32218,41927580.0,4.19,-1.83,-0.24,1.32
2019-04-24,002199,12.68,12.8,13.11,12.6,29434,37527571.0,3.96,-0.62,-0.08,1.21
2019-04-25,002199,13.05,12.38,13.05,12.23,39003,49046773.0,6.41,-3.28,-0.42,1.6
2019-04-26,002199,12.5,12.34,12.5,12.05,21320,26200043.0,3.63,-0.32,-0.04,0.88
2019-04-29,002199,12.37,11.77,12.43,11.51,28818,34156091.0,7.46,-4.62,-0.57,1.18
2019-04-30,002199,11.56,12.44,12.69,11.56,22895,28326908.0,9.6,5.69,0.67,0.94
2019-05-06,002199,12.44,11.35,12.44,11.2,26393,30467357.0,9.97,-8.76,-1.09,1.08
2019-05-07,002199,11.49,11.44,11.65,11.32,13757,15776711.0,2.91,0.79,0.09,0.57
2019-05-08,002199,11.22,11.49,11.7,10.9,17142,19688039.0,6.99,0.44,0.05,0.7
2019-05-09,002199,11.38,12.14,12.64,11.38,34325,41887688.0,10.97,5.66,0.65,1.41
2019-05-10,002199,12.12,12.35,13.3,12.12,68139,85100877.0,9.72,1.73,0.21,2.8
2019-05-27,002199,13.59,13.59,13.59,13.59,782,1062751.0,0.0,10.04,1.24,0.03
2019-05-28,002199,14.95,14.95,14.95,14.95,597,892694.0,0.0,10.01,1.36,0.02
2019-05-29,002199,16.45,16.45,16.45,16.45,940,1546300.0,0.0,10.03,1.5,0.04
2019-05-30,002199,18.1,18.1,18.1,18.1,1046,1893260.0,0.0,10.03,1.65,0.04
2019-05-31,002199,19.91,16.6,19.91,16.32,555271,1019408784.0,19.83,-8.29,-1.5,22.81
2019-06-03,002199,15.94,16.88,17.93,15.94,352926,596295840.0,11.99,1.69,0.28,14.5
2019-06-04,002199,15.3,15.19,15.79,15.19,66087,101477220.0,3.55,-10.01,-1.69,2.71
2019-06-05,002199,13.67,13.67,13.67,13.67,11895,16260465.0,0.0,-10.01,-1.52,0.49
2019-06-06,002199,12.3,12.3,12.3,12.3,9340,11488200.0,0.0,-10.02,-1.37,0.38
2019-06-10,002199,12.0,11.4,13.1,11.07,315003,373691328.0,16.5,-7.32,-0.9,12.94
2019-06-11,002199,11.09,11.79,11.98,10.54,282082,316420416.0,12.63,3.42,0.39,11.59
2019-06-12,002199,11.56,11.34,11.8,11.22,188969,217564823.0,4.92,-3.82,-0.45,7.76
2019-06-13,002199,11.39,11.4,11.78,11.3,141400,162792168.0,4.23,0.53,0.06,5.81
2019-06-14,002199,11.21,10.82,11.5,10.64,135408,148938182.0,7.54,-5.09,-0.58,5.56
2019-06-17,002199,10.76,11.4,11.64,10.55,146088,163354315.0,10.07,5.36,0.58,6.0
2019-06-18,002199,11.4,12.54,12.54,11.26,215267,259965351.0,11.23,10.0,1.14,8.84
2019-06-19,002199,12.2,13.79,13.79,12.2,251075,330543200.0,12.68,9.97,1.25,10.31
2019-06-20,002199,13.5,15.17,15.17,13.42,246896,359732016.0,12.69,10.01,1.38,10.14
2019-06-21,002199,15.99,14.9,16.69,14.81,361110,579918192.0,12.39,-1.78,-0.27,14.83
2019-06-24,002199,15.09,14.01,15.6,13.45,310920,450404880.0,14.43,-5.97,-0.89,12.77
2019-06-25,002199,14.95,15.41,15.41,14.68,283712,431338880.0,5.21,9.99,1.4,11.65
2019-06-26,002199,14.5,15.74,16.95,14.21,325403,520566944.0,17.78,2.14,0.33,13.37
2019-06-27,002199,15.74,15.31,16.6,15.01,273400,429820784.0,10.1,-2.73,-0.43,11.23
2019-06-28,002199,15.49,14.61,15.49,14.24,189567,279756544.0,8.16,-4.57,-0.7,7.79
2019-07-01,002199,15.03,14.88,15.55,14.77,183406,277532528.0,5.34,1.85,0.27,7.53
2019-07-02,002199,14.99,14.48,15.07,14.17,156161,226527430.0,6.05,-2.69,-0.4,6.41
2019-07-03,002199,14.52,14.0,14.62,13.87,107171,151720181.0,5.18,-3.31,-0.48,4.4
2019-07-04,002199,14.21,14.02,14.6,13.76,127461,180054032.0,6.0,0.14,0.02,5.24
2019-07-05,002199,13.7,13.99,14.4,13.63,97307,137246754.0,5.49,-0.21,-0.03,4.0
2019-07-08,002199,13.7,12.6,13.7,12.59,156618,201965179.0,7.93,-9.94,-1.39,6.43
2019-07-09,002199,12.88,13.08,13.15,12.35,114396,146681218.0,6.35,3.81,0.48,4.7
2019-07-10,002199,13.04,12.71,13.29,12.56,88187,113722866.0,5.58,-2.83,-0.37,3.62
2019-07-11,002199,12.83,12.53,12.9,12.24,82157,103470621.0,5.19,-1.42,-0.18,3.37
2019-07-12,002199,12.59,12.48,12.66,12.36,59504,74431387.0,2.39,-0.4,-0.05,2.44
2019-07-15,002199,12.48,12.49,12.63,12.07,60539,75098405.0,4.49,0.08,0.01,2.49
2019-07-16,002199,12.5,12.23,12.52,12.14,57140,70141870.0,3.04,-2.08,-0.26,2.35
2019-07-17,002199,12.15,12.24,12.49,12.13,69054,84961066.0,2.94,0.08,0.01,2.84
2019-07-18,002199,12.0,11.57,12.06,11.53,98532,115122487.0,4.33,-5.47,-0.67,4.05
2019-07-19,002199,11.7,12.73,12.73,11.6,87093,108054982.0,9.77,10.03,1.16,3.58
2019-07-22,002199,12.73,13.67,13.99,12.71,270087,363807312.0,10.05,7.38,0.94,11.09
2019-07-23,002199,13.21,13.4,13.63,13.03,157902,210087808.0,4.39,-1.98,-0.27,6.49
2019-07-24,002199,13.33,14.19,14.74,13.07,193877,265861806.0,12.46,5.9,0.79,7.96
2019-07-25,002199,13.8,13.79,14.12,13.57,145925,202150125.0,3.88,-2.82,-0.4,5.99
2019-07-26,002199,13.55,13.28,13.58,13.15,107773,143850598.0,3.12,-3.7,-0.51,4.43
2019-07-29,002199,13.05,13.5,13.65,12.89,107674,142705765.0,5.72,1.66,0.22,4.42
2019-07-30,002199,13.33,13.81,14.23,13.3,138953,191843277.0,6.89,2.3,0.31,5.71
2019-07-31,002199,13.62,13.5,13.84,13.43,84695,115094238.0,2.97,-2.24,-0.31,3.48
2019-08-01,002199,13.23,13.96,14.18,13.12,139774,194385150.0,7.85,3.41,0.46,5.74
2019-08-02,002199,13.59,13.46,13.74,13.3,96107,129461106.0,3.15,-3.58,-0.5,3.95
2019-08-05,002199,13.33,12.96,13.53,12.87,80735,106163276.0,4.9,-3.71,-0.5,3.32
2019-08-06,002199,12.45,12.24,12.5,11.77,102144,124213501.0,5.63,-5.56,-0.72,4.2
2019-08-07,002199,12.28,12.6,13.13,12.15,105441,133883401.0,8.01,2.94,0.36,4.33
2019-08-08,002199,12.78,12.65,13.03,12.5,69334,88219451.0,4.21,0.4,0.05,2.85
2019-08-09,002199,12.75,12.38,12.9,12.31,58212,73425607.0,4.66,-2.13,-0.27,2.39
2019-08-12,002199,12.5,13.04,13.05,12.5,81119,104124948.0,4.44,5.33,0.66,3.33
2019-08-13,002199,12.78,12.63,12.88,12.44,79908,100879733.0,3.37,-3.14,-0.41,3.28
2019-08-14,002199,12.88,12.48,12.88,12.35,61080,76802201.0,4.2,-1.19,-0.15,2.51
2019-08-15,002199,11.75,12.51,12.6,11.75,62640,76817605.0,6.81,0.24,0.03,2.57
2019-08-16,002199,12.57,12.4,12.63,12.31,48887,60870361.0,2.56,-0.88,-0.11,2.01
2019-08-19,002199,12.4,12.64,12.75,12.37,62941,79310562.0,3.06,1.94,0.24,2.59
2019-08-20,002199,12.66,13.9,13.9,12.66,123490,167517681.0,9.81,9.97,1.26,5.07
2019-08-21,002199,14.0,14.07,14.48,13.61,195782,276514624.0,6.26,1.22,0.17,8.04
2019-08-22,002199,14.25,13.87,14.4,13.63,106475,147627140.0,5.47,-1.42,-0.2,4.37
2019-08-23,002199,13.82,14.01,14.34,13.67,106734,149207555.0,4.83,1.01,0.14,4.38
2019-08-26,002199,13.44,13.65,13.9,13.35,74393,101052281.0,3.93,-2.57,-0.36,3.06
2019-08-27,002199,13.74,13.83,14.18,13.54,79884,110415923.0,4.69,1.32,0.18,3.28
2019-08-28,002199,13.79,13.48,13.8,13.46,56775,77105599.0,2.46,-2.53,-0.35,2.33
2019-08-29,002199,13.6,13.31,13.6,13.27,55180,74020669.0,2.45,-1.26,-0.17,2.27
2019-08-30,002199,13.41,13.55,14.36,13.39,100620,138615440.0,7.29,1.8,0.24,4.13
2019-09-02,002199,13.35,13.83,14.1,13.27,87440,118953011.0,6.13,2.07,0.28,3.59
2019-09-03,002199,13.83,13.87,14.2,13.7,78846,109787409.0,3.62,0.29,0.04,3.24
2019-09-04,002199,13.62,13.76,13.95,13.51,62540,85709862.0,3.17,-0.79,-0.11,2.57
2019-09-05,002199,13.86,14.38,14.98,13.69,172111,246203788.0,9.38,4.51,0.62,7.07
2019-09-06,002199,14.41,14.27,14.67,14.11,98860,141850554.0,3.89,-0.76,-0.11,4.06
2019-09-09,002199,14.3,14.77,15.0,14.13,135246,196192653.0,6.1,3.5,0.5,5.56
2019-09-10,002199,14.55,15.11,15.11,14.4,129449,190366297.0,4.81,2.3,0.34,5.32
2019-09-11,002199,14.98,15.56,15.56,14.91,144075,221010194.0,4.3,2.98,0.45,5.92
2019-09-12,002199,15.57,15.87,16.58,15.28,162480,260516946.0,8.35,1.99,0.31,6.67
2019-09-16,002199,15.7,15.74,16.09,15.51,96990,152362295.0,3.65,-0.82,-0.13,3.98
2019-09-17,002199,15.56,14.8,15.6,14.62,103673,155888530.0,6.23,-5.97,-0.94,4.26
2019-09-18,002199,14.98,15.82,16.28,14.73,144348,227783676.0,10.47,6.89,1.02,5.93
2019-09-19,002199,15.77,15.51,15.9,15.0,108309,168283135.0,5.69,-1.96,-0.31,4.45
2019-09-20,002199,15.56,15.07,16.08,14.95,121006,185640413.0,7.29,-2.84,-0.44,4.97
2019-09-23,002199,15.0,14.61,15.02,14.05,85053,123920574.0,6.44,-3.05,-0.46,3.49
2019-09-24,002199,14.75,14.36,14.77,14.3,73635,106406109.0,3.22,-1.71,-0.25,3.02
2019-09-25,002199,14.25,13.88,14.29,13.83,63124,88522453.0,3.2,-3.34,-0.48,2.59
2019-09-26,002199,13.88,13.01,13.96,12.95,90860,120940639.0,7.28,-6.27,-0.87,3.73
2019-09-27,002199,12.93,13.01,13.39,12.91,63502,83544551.0,3.69,0.0,0.0,2.61
2019-09-30,002199,12.99,13.51,14.09,12.97,82226,110215477.0,8.61,3.84,0.5,3.38
2019-10-08,002199,13.26,13.19,13.49,13.04,54329,71745795.0,3.33,-2.37,-0.32,2.23
2019-10-09,002199,12.7,13.38,13.54,12.7,51840,68369844.0,6.37,1.44,0.19,2.13
2019-10-10,002199,13.38,13.64,13.78,13.23,57397,77718052.0,4.11,1.94,0.26,2.36
2019-10-11,002199,13.73,13.72,13.99,13.5,64105,88327440.0,3.59,0.59,0.08,2.63
2019-10-14,002199,13.8,13.68,13.98,13.56,61599,84778451.0,3.06,-0.29,-0.04,2.53
2019-10-15,002199,13.66,13.9,13.97,13.16,79819,108117467.0,5.92,1.61,0.22,3.28
2019-10-16,002199,13.69,13.75,13.96,13.63,48057,66138978.0,2.37,-1.08,-0.15,1.97
2019-10-17,002199,13.65,13.63,13.85,13.61,27612,37877165.0,1.75,-0.87,-0.12,1.13
2019-10-18,002199,13.52,13.18,13.65,13.15,37488,50221819.0,3.67,-3.3,-0.45,1.54
2019-10-21,002199,13.5,13.27,13.79,13.21,44115,59415048.0,4.4,0.68,0.09,1.81
2019-10-22,002199,13.03,13.38,13.53,13.0,33737,44907488.0,3.99,0.83,0.11,1.39
2019-10-23,002199,13.37,13.27,13.55,13.21,37054,49627339.0,2.54,-0.82,-0.11,1.52
2019-10-24,002199,13.34,13.31,13.45,13.14,28854,38354859.0,2.34,0.3,0.04,1.19
2019-10-25,002199,13.39,13.46,13.55,13.28,38209,51303767.0,2.03,1.13,0.15,1.57
2019-10-28,002199,13.38,13.67,13.77,13.27,59553,81013403.0,3.71,1.56,0.21,2.45
2019-10-29,002199,13.72,13.31,13.76,13.26,49155,66423270.0,3.66,-2.63,-0.36,2.02
2019-10-30,002199,13.2,13.04,13.33,12.9,41160,53861901.0,3.23,-2.03,-0.27,1.69
2019-10-31,002199,13.04,12.91,13.15,12.9,33691,43853033.0,1.92,-1.0,-0.13,1.38
2019-11-01,002199,12.9,13.05,13.12,12.62,30556,39445046.0,3.87,1.08,0.14,1.26
2019-11-04,002199,13.1,12.7,13.1,12.7,42828,55155914.0,3.07,-2.68,-0.35,1.76
2019-11-05,002199,12.69,12.47,12.85,12.42,47262,59749515.0,3.39,-1.81,-0.23,1.94
2019-11-06,002199,12.44,11.85,12.56,11.55,107226,127868273.0,8.1,-4.97,-0.62,4.4
2019-11-07,002199,11.92,11.95,12.45,11.7,106471,127894902.0,6.33,0.84,0.1,4.37
2019-11-08,002199,11.97,11.91,12.18,11.85,63399,76214075.0,2.76,-0.33,-0.04,2.6
2019-11-11,002199,11.8,11.42,11.95,11.3,57043,65920549.0,5.46,-4.11,-0.49,2.34
2019-11-12,002199,11.5,11.62,11.98,11.13,85246,99222286.0,7.44,1.75,0.2,3.5
2019-11-13,002199,11.11,11.17,11.37,10.8,96417,107052560.0,4.91,-3.87,-0.45,3.96
2019-11-14,002199,11.2,11.25,11.42,10.99,73995,83142905.0,3.85,0.72,0.08,3.04
2019-11-15,002199,11.34,12.38,12.38,11.34,127886,151939038.0,9.24,10.04,1.13,5.25
2019-11-18,002199,12.34,12.11,12.78,11.95,171059,210534393.0,6.7,-2.18,-0.27,7.03
2019-11-19,002199,12.09,12.66,13.05,11.83,187731,234010223.0,10.07,4.54,0.55,7.71
2019-11-20,002199,12.54,12.29,12.72,12.23,121688,150910007.0,3.87,-2.92,-0.37,5.0
2019-11-21,002199,12.05,12.09,12.21,11.97,77959,94191242.0,1.95,-1.63,-0.2,3.2
2019-11-22,002199,12.09,12.81,13.1,11.76,164819,205710562.0,11.08,5.96,0.72,6.77
2019-11-25,002199,11.53,11.53,11.53,11.53,14221,16396813.0,0.0,-9.99,-1.28,0.58
2019-11-26,002199,10.38,10.38,10.38,10.38,3853,3999414.0,0.0,-9.97,-1.15,0.16
2019-11-27,002199,9.34,9.34,9.88,9.34,279913,264711637.0,5.2,-10.02,-1.04,11.5
2019-11-28,002199,9.2,9.28,9.47,9.01,153997,142684092.0,4.93,-0.64,-0.06,6.33
2019-11-29,002199,9.22,8.99,9.22,8.71,156551,140568324.0,5.5,-3.13,-0.29,6.43
2019-12-02,002199,9.0,8.76,9.05,8.7,140971,124811084.0,3.89,-2.56,-0.23,5.79
2019-12-03,002199,8.7,8.9,8.96,8.57,123480,108816004.0,4.45,1.6,0.14,5.07
2019-12-04,002199,8.87,9.79,9.79,8.8,108413,102649173.0,11.12,10.0,0.89,4.45
2019-12-05,002199,10.2,9.78,10.3,9.71,323922,323669728.0,6.03,-0.1,-0.01,13.31
2019-12-06,002199,9.58,9.59,9.95,9.51,182605,176428456.0,4.5,-1.94,-0.19,7.5
2019-12-09,002199,9.63,9.53,9.7,9.45,122499,116969344.0,2.61,-0.63,-0.06,5.03
2019-12-10,002199,9.49,9.49,9.5,9.28,121092,113720878.0,2.31,-0.42,-0.04,4.97
2019-12-11,002199,9.54,9.59,9.8,9.45,150160,144160535.0,3.69,1.05,0.1,6.17
2019-12-12,002199,9.47,9.72,9.8,9.42,164292,158854213.0,3.96,1.36,0.13,6.75
2019-12-13,002199,9.66,9.58,9.76,9.48,117476,112510104.0,2.88,-1.44,-0.14,4.83
2019-12-16,002199,9.6,9.7,9.7,9.46,129402,124479771.0,2.51,1.25,0.12,5.32
2019-12-17,002199,9.53,9.63,9.68,9.2,244858,231655215.0,4.95,-0.72,-0.07,10.06
2019-12-18,002199,9.6,9.84,10.39,9.56,274901,273144352.0,8.62,2.18,0.21,11.29
2019-12-19,002199,9.85,9.81,9.98,9.67,156381,153121131.0,3.15,-0.3,-0.03,6.42
2019-12-20,002199,9.81,9.45,9.86,9.43,135735,131263967.0,4.38,-3.67,-0.36,5.58
2019-12-23,002199,9.41,9.02,9.43,8.99,110779,101751329.0,4.66,-4.55,-0.43,4.55
2019-12-24,002199,9.02,9.24,9.28,9.02,81645,74882291.0,2.88,2.44,0.22,3.35
2019-12-25,002199,9.34,9.52,9.63,9.26,136370,129468898.0,4.0,3.03,0.28,5.6
2019-12-26,002199,9.56,9.7,9.86,9.36,162879,156940570.0,5.25,1.89,0.18,6.69
2019-12-27,002199,9.75,9.62,9.84,9.52,141330,136980916.0,3.3,-0.82,-0.08,5.81
2019-12-30,002199,9.44,9.42,9.47,9.12,95066,88709143.0,3.64,-2.08,-0.2,3.91
2019-12-31,002199,9.42,9.25,9.48,9.21,82969,77173812.0,2.87,-1.8,-0.17,3.41
2020-01-02,002199,9.32,9.69,9.73,9.23,143629,136765321.0,5.41,4.76,0.44,5.9
2020-01-03,002199,9.76,9.67,9.82,9.57,110222,106674519.0,2.58,-0.21,-0.02,4.53
2020-01-06,002199,9.58,9.87,9.87,9.48,144554,140930494.0,4.03,2.07,0.2,5.94
2020-01-07,002199,9.94,9.88,9.98,9.74,108369,106459956.0,2.43,0.1,0.01,4.45
2020-01-08,002199,9.87,9.68,10.12,9.66,151990,150260925.0,4.66,-2.02,-0.2,6.24
2020-01-09,002199,9.77,9.9,10.05,9.74,130291,129084616.0,3.2,2.27,0.22,5.35
2020-01-10,002199,10.01,10.09,10.36,9.87,195034,196910273.0,4.95,1.92,0.19,8.01
2020-01-13,002199,10.08,10.04,10.1,9.9,104725,104683854.0,1.98,-0.5,-0.05,4.3
2020-01-14,002199,10.04,9.86,10.08,9.83,103894,103043036.0,2.49,-1.79,-0.18,4.27
2020-01-15,002199,9.86,9.78,9.87,9.64,80397,78380963.0,2.33,-0.81,-0.08,3.3
2020-01-16,002199,9.86,9.75,9.97,9.73,87506,86109080.0,2.45,-0.31,-0.03,3.59
2020-01-17,002199,9.77,9.52,9.83,9.5,86067,83134151.0,3.38,-2.36,-0.23,3.54
2020-01-20,002199,9.57,9.9,9.94,9.44,135634,132532364.0,5.25,3.99,0.38,5.57
2020-01-21,002199,9.82,9.65,9.91,9.65,100912,98333897.0,2.63,-2.53,-0.25,4.15
2020-01-22,002199,9.64,9.56,9.73,9.13,100233,94692389.0,6.22,-0.93,-0.09,4.12
2020-01-23,002199,9.57,9.22,9.73,9.07,96137,90837072.0,6.9,-3.56,-0.34,3.95
2020-02-03,002199,8.3,8.3,8.3,8.3,5316,4412280.0,0.0,-9.98,-0.92,0.22
2020-02-04,002199,7.47,7.56,7.8,7.47,148460,112914475.0,3.98,-8.92,-0.74,6.1
2020-02-05,002199,7.58,8.06,8.06,7.58,128556,101006962.0,6.35,6.61,0.5,5.28
2020-02-06,002199,8.06,8.21,8.38,8.0,86557,71097393.0,4.71,1.86,0.15,3.56
2020-02-07,002199,8.24,8.38,8.42,8.15,85063,70547618.0,3.29,2.07,0.17,3.49
2020-02-10,002199,8.35,8.41,8.65,8.27,93154,78117294.0,4.53,0.36,0.03,3.83
2020-02-11,002199,8.43,8.38,8.57,8.32,77299,65121878.0,2.97,-0.36,-0.03,3.18
2020-02-12,002199,8.46,8.65,8.68,8.39,99662,85095184.0,3.46,3.22,0.27,4.09
2020-02-13,002199,8.64,8.69,8.81,8.49,101762,88265793.0,3.7,0.46,0.04,4.18
2020-02-14,002199,8.68,9.31,9.56,8.56,290294,269820192.0,11.51,7.13,0.62,11.92
2020-02-17,002199,9.13,9.65,9.68,9.07,292817,275416112.0,6.55,3.65,0.34,12.03
2020-02-18,002199,9.54,10.13,10.5,9.48,292907,288381200.0,10.57,4.97,0.48,12.03
2020-02-19,002199,10.03,11.14,11.14,9.86,404422,429546384.0,12.64,9.97,1.01,16.61
2020-02-20,002199,10.87,11.2,11.59,10.72,362458,403254752.0,7.81,0.54,0.06,14.89
2020-02-21,002199,11.08,10.95,11.38,10.88,264061,293044992.0,4.46,-2.23,-0.25,10.85
2020-02-24,002199,10.76,11.26,11.38,10.5,290188,319012032.0,8.04,2.83,0.31,11.92
2020-02-25,002199,10.88,12.39,12.39,10.31,407845,468951024.0,18.47,10.04,1.13,16.75
2020-02-26,002199,12.35,11.58,12.85,11.51,363487,444020192.0,10.82,-6.54,-0.81,14.93
2020-02-27,002199,11.45,11.05,11.79,10.72,196237,219457178.0,9.24,-4.58,-0.53,8.06
2020-02-28,002199,10.4,9.95,10.58,9.95,201754,204620892.0,5.7,-9.95,-1.1,8.29
2020-03-02,002199,10.15,10.53,10.73,10.0,154593,159842513.0,7.34,5.83,0.58,6.35
2020-03-03,002199,10.75,10.44,10.95,10.29,155224,165340986.0,6.27,-0.85,-0.09,6.38
2020-03-04,002199,10.38,10.52,10.6,10.18,99376,103504043.0,4.02,0.77,0.08,4.08
2020-03-05,002199,10.73,10.53,10.78,10.28,119814,125890653.0,4.75,0.1,0.01,4.92
2020-03-06,002199,10.38,10.33,10.43,10.25,78700,81485192.0,1.71,-1.9,-0.2,3.23
2020-03-09,002199,10.16,9.58,10.16,9.55,119528,117725938.0,5.91,-7.26,-0.75,4.91
2020-03-10,002199,9.31,10.0,10.05,9.31,131026,128084313.0,7.72,4.38,0.42,5.38
2020-03-11,002199,10.14,9.78,10.17,9.78,112796,112506206.0,3.9,-2.2,-0.22,4.63
2020-03-12,002199,9.55,9.52,9.76,9.4,79837,76322362.0,3.68,-2.66,-0.26,3.28
2020-03-13,002199,9.0,9.47,9.58,8.88,88716,81922715.0,7.35,-0.53,-0.05,3.64
2020-03-16,002199,9.57,8.92,9.64,8.9,83252,77331376.0,7.81,-5.81,-0.55,3.42
2020-03-17,002199,9.12,8.91,9.16,8.39,77444,68600234.0,8.63,-0.11,-0.01,3.18
2020-03-18,002199,9.04,8.83,9.26,8.8,78301,70919739.0,5.16,-0.9,-0.08,3.22
2020-03-19,002199,8.75,9.06,9.08,8.7,62669,55887730.0,4.3,2.6,0.23,2.57
2020-03-20,002199,9.15,9.05,9.23,8.9,55249,50031374.0,3.64,-0.11,-0.01,2.27
2020-03-23,002199,8.85,8.66,8.98,8.58,44350,39044884.0,4.42,-4.31,-0.39,1.82
2020-03-24,002199,8.86,9.0,9.05,8.77,74877,66727278.0,3.23,3.93,0.34,3.08
2020-03-25,002199,9.26,9.08,9.29,9.0,76383,69596143.0,3.22,0.89,0.08,3.14
2020-03-26,002199,8.97,8.81,9.05,8.81,59465,52995224.0,2.64,-2.97,-0.27,2.44
2020-03-27,002199,8.96,8.67,8.98,8.66,39242,34557511.0,3.63,-1.59,-0.14,1.61
2020-03-30,002199,8.53,8.24,8.53,8.02,52736,43678609.0,5.88,-4.96,-0.43,2.17
2020-03-31,002199,8.38,8.16,8.46,8.15,39024,32389026.0,3.76,-0.97,-0.08,1.6
2020-04-01,002199,8.14,8.28,8.42,8.05,55270,45832252.0,4.53,1.47,0.12,2.27
2020-04-02,002199,8.32,8.58,8.59,8.19,51979,43904152.0,4.83,3.62,0.3,2.14
2020-04-03,002199,8.59,8.4,8.67,8.35,42655,36225463.0,3.73,-2.1,-0.18,1.75
2020-04-07,002199,8.61,8.72,8.83,8.56,49148,42740443.0,3.21,3.81,0.32,2.02
2020-04-08,002199,8.67,9.04,9.07,8.66,72744,65021984.0,4.7,3.67,0.32,2.99
2020-04-09,002199,9.01,9.01,9.13,8.92,59011,53195841.0,2.32,-0.33,-0.03,2.42
2020-04-10,002199,9.03,8.69,9.05,8.58,54031,47326746.0,5.22,-3.55,-0.32,2.22
2020-04-13,002199,8.62,8.47,8.68,8.42,34103,29064149.0,2.99,-2.53,-0.22,1.4
2020-04-14,002199,8.57,8.62,8.65,8.47,33698,28824498.0,2.13,1.77,0.15,1.38
2020-04-15,002199,8.65,8.49,8.74,8.47,46567,39993545.0,3.13,-1.51,-0.13,1.91
2020-04-16,002199,8.44,8.51,8.59,8.34,40676,34440653.0,2.94,0.24,0.02,1.67
2020-04-17,002199,8.57,8.46,8.69,8.44,52012,44631085.0,2.94,-0.59,-0.05,2.14
2020-04-20,002199,8.35,8.4,8.45,8.31,46070,38592112.0,1.65,-0.71,-0.06,1.89
2020-04-21,002199,8.35,8.55,8.59,8.11,84337,70154319.0,5.71,1.79,0.15,3.46
2020-04-22,002199,8.45,8.71,8.78,8.31,105738,91536975.0,5.5,1.87,0.16,4.34
2020-04-23,002199,8.71,8.79,8.95,8.61,108141,94885194.0,3.9,0.92,0.08,4.44
2020-04-24,002199,8.73,8.36,8.81,8.33,69282,59147117.0,5.46,-4.89,-0.43,2.85
2020-04-27,002199,8.35,8.13,8.35,8.13,49859,40977395.0,2.63,-2.75,-0.23,2.05
2020-04-28,002199,8.15,7.82,8.22,7.58,58730,46226708.0,7.87,-3.81,-0.31,2.41
2020-04-29,002199,7.74,7.84,7.94,7.72,28360,22255249.0,2.81,0.26,0.02,1.16
2020-04-30,002199,7.87,8.13,8.18,7.86,43931,35354193.0,4.08,3.7,0.29,1.8
2020-05-06,002199,8.0,8.36,8.4,7.98,51341,42360612.0,5.17,2.83,0.23,2.11
2020-05-07,002199,8.41,8.27,8.47,8.27,47979,40092679.0,2.39,-1.08,-0.09,1.97
2020-05-08,002199,8.42,8.4,8.6,8.33,50018,42178203.0,3.26,1.57,0.13,2.05
2020-05-11,002199,8.41,8.39,8.54,8.3,36952,31152146.0,2.86,-0.12,-0.01,1.52
2020-05-12,002199,8.39,8.32,8.44,8.13,30243,24992453.0,3.69,-0.83,-0.07,1.24
2020-05-13,002199,8.35,8.42,8.44,8.25,32163,26926679.0,2.28,1.2,0.1,1.32
2020-05-14,002199,8.3,8.38,8.49,8.27,39194,32968700.0,2.61,-0.48,-0.04,1.61
2020-05-15,002199,8.41,8.5,8.58,8.35,54576,46371236.0,2.74,1.43,0.12,2.24
2020-05-18,002199,8.59,8.17,8.61,8.15,77368,64289399.0,5.41,-3.88,-0.33,3.18
2020-05-19,002199,8.22,8.54,8.56,8.22,64870,54623102.0,4.16,4.53,0.37,2.66
2020-05-20,002199,8.53,8.59,8.78,8.42,72667,62572816.0,4.22,0.59,0.05,2.98
2020-05-21,002199,8.66,8.36,8.72,8.33,47847,40543422.0,4.54,-2.68,-0.23,1.97
2020-05-22,002199,8.32,8.29,8.45,8.15,38582,32019285.0,3.59,-0.84,-0.07,1.58
2020-05-25,002199,8.23,8.05,8.28,7.98,47099,38065607.0,3.62,-2.9,-0.24,1.93
2020-05-26,002199,8.08,8.35,8.71,8.07,82106,68843243.0,7.95,3.73,0.3,3.37
2020-05-27,002199,8.38,8.44,8.57,8.31,67764,57197665.0,3.11,1.08,0.09,2.78
2020-05-28,002199,8.45,8.29,8.53,8.13,57144,47372124.0,4.74,-1.78,-0.15,2.35
2020-05-29,002199,8.13,8.24,8.36,8.13,27051,22407225.0,2.77,-0.6,-0.05,1.11
2020-06-01,002199,8.3,8.51,8.53,8.24,52523,44406414.0,3.52,3.28,0.27,2.16
2020-06-02,002199,8.55,8.6,8.66,8.49,61654,52931452.0,2.0,1.06,0.09,2.53
2020-06-03,002199,8.67,8.52,8.69,8.51,46935,40357327.0,2.09,-0.93,-0.08,1.93
2020-06-04,002199,8.53,8.57,8.64,8.42,42534,36238665.0,2.58,0.59,0.05,1.75
2020-06-05,002199,8.56,8.46,8.56,8.39,36575,30953346.0,1.98,-1.28,-0.11,1.5
2020-06-08,002199,8.56,8.35,8.62,8.33,59470,50313079.0,3.43,-1.3,-0.11,2.44
2020-06-09,002199,8.37,8.35,8.4,8.28,32257,26939569.0,1.44,0.0,0.0,1.33
2020-06-10,002199,8.36,8.3,8.38,8.18,33263,27464789.0,2.4,-0.6,-0.05,1.37
2020-06-11,002199,8.19,8.25,8.36,8.19,36058,29841831.0,2.05,-0.6,-0.05,1.48
2020-06-12,002199,8.09,8.19,8.24,7.97,35147,28587254.0,3.27,-0.73,-0.06,1.44
2020-06-15,002199,8.08,8.09,8.21,8.08,34497,28093510.0,1.59,-1.22,-0.1,1.42
2020-06-16,002199,8.17,8.27,8.3,8.15,37208,30558441.0,1.85,2.22,0.18,1.53
2020-06-17,002199,8.28,8.2,8.3,8.11,35368,28942731.0,2.3,-0.85,-0.07,1.45
2020-06-18,002199,8.18,8.21,8.27,8.17,30572,25148105.0,1.22,0.12,0.01,1.26
2020-06-19,002199,8.21,8.2,8.25,8.16,28817,23609292.0,1.1,-0.12,-0.01,1.18
2020-06-22,002199,8.22,8.3,8.3,8.19,43281,35692103.0,1.34,1.22,0.1,1.78
2020-06-23,002199,8.28,8.14,8.28,8.14,33047,27039711.0,1.69,-1.93,-0.16,1.36
2020-06-24,002199,8.15,8.08,8.18,8.05,31421,25424578.0,1.6,-0.74,-0.06,1.29
2020-06-29,002199,8.05,7.9,8.05,7.83,35967,28469684.0,2.72,-2.23,-0.18,1.48
2020-06-30,002199,7.79,8.11,8.18,7.79,47888,38272100.0,4.94,2.66,0.21,1.97
2020-07-01,002199,8.07,7.98,8.11,7.95,34651,27746626.0,1.97,-1.6,-0.13,1.42
2020-07-02,002199,7.98,8.07,8.15,7.91,43177,34844432.0,3.01,1.13,0.09,1.77
2020-07-03,002199,8.1,8.19,8.2,8.08,44512,36255213.0,1.49,1.49,0.12,1.83
2020-07-06,002199,8.22,8.5,8.58,8.21,96017,80962227.0,4.52,3.79,0.31,3.94
2020-07-07,002199,8.58,8.82,9.09,8.48,131146,115650282.0,7.18,3.76,0.32,5.39
2020-07-08,002199,8.8,8.85,8.9,8.64,86390,75927552.0,2.95,0.34,0.03,3.55
2020-07-09,002199,8.86,9.15,9.19,8.8,105640,95189405.0,4.41,3.39,0.3,4.34
2020-07-10,002199,9.14,8.95,9.24,8.95,84277,76500181.0,3.17,-2.19,-0.2,3.46
2020-07-13,002199,8.86,9.16,9.19,8.85,75519,68560757.0,3.8,2.35,0.21,3.1
2020-07-14,002199,9.19,9.03,9.25,8.83,69225,62576901.0,4.59,-1.42,-0.13,2.84
2020-07-15,002199,9.2,9.02,9.25,8.75,78841,71048008.0,5.54,-0.11,-0.01,3.24
2020-07-16,002199,9.0,8.54,9.03,8.51,67481,59327212.0,5.76,-5.32,-0.48,2.77
2020-07-17,002199,8.54,8.46,8.68,8.41,52817,45106699.0,3.16,-0.94,-0.08,2.17
2020-07-20,002199,8.5,8.77,8.78,8.5,45003,38931354.0,3.31,3.66,0.31,1.85
2020-07-21,002199,8.79,8.68,8.85,8.59,41882,36433492.0,2.96,-1.03,-0.09,1.72
2020-07-22,002199,8.63,8.78,8.94,8.63,56478,49736037.0,3.57,1.15,0.1,2.32
2020-07-23,002199,8.71,8.52,8.75,8.38,64828,55295991.0,4.21,-2.96,-0.26,2.66
2020-07-24,002199,8.48,8.17,8.67,8.11,71608,59861374.0,6.57,-4.11,-0.35,2.94
2020-07-27,002199,8.2,8.25,8.29,8.01,42605,34851549.0,3.43,0.98,0.08,1.75
2020-07-28,002199,8.3,8.29,8.45,8.21,37837,31491863.0,2.91,0.48,0.04,1.55
2020-07-29,002199,8.27,8.44,8.49,8.13,48293,40238050.0,4.34,1.81,0.15,1.98
2020-07-30,002199,8.44,8.3,8.52,8.27,48382,40478183.0,2.96,-1.66,-0.14,1.99
2020-07-31,002199,8.31,8.4,8.47,8.23,47651,39845623.0,2.89,1.2,0.1,1.96
2020-08-03,002199,8.44,8.64,8.64,8.44,65401,56023957.0,2.38,2.86,0.24,2.69
2020-08-04,002199,8.66,8.9,9.18,8.43,158280,139286102.0,8.68,3.01,0.26,6.5
2020-08-05,002199,9.1,8.87,9.14,8.78,134702,119996182.0,4.04,-0.34,-0.03,5.53
2020-08-06,002199,8.85,9.33,9.74,8.67,221806,203697406.0,12.06,5.19,0.46,9.11
2020-08-07,002199,9.12,9.01,9.17,8.9,140387,126789050.0,2.89,-3.43,-0.32,5.77
2020-08-10,002199,8.96,9.01,9.18,8.85,85998,77846168.0,3.66,0.0,0.0,3.53
2020-08-11,002199,8.95,8.63,8.99,8.57,82037,72197101.0,4.66,-4.22,-0.38,3.37
2020-08-12,002199,8.63,8.85,8.86,8.52,63027,54855826.0,3.94,2.55,0.22,2.59
2020-08-13,002199,8.8,8.8,8.91,8.75,50862,44892254.0,1.81,-0.56,-0.05,2.09
2020-08-14,002199,8.77,8.83,8.85,8.62,53310,46626732.0,2.61,0.34,0.03,2.19
2020-08-17,002199,8.84,9.01,9.04,8.74,67040,59889953.0,3.4,2.04,0.18,2.75
2020-08-18,002199,9.01,9.03,9.13,8.91,75644,68240918.0,2.44,0.22,0.02,3.11
2020-08-19,002199,9.03,8.86,9.03,8.82,58866,52510923.0,2.33,-1.88,-0.17,2.42
2020-08-20,002199,8.8,9.08,9.25,8.73,103370,93274239.0,5.87,2.48,0.22,4.25
2020-08-21,002199,9.08,9.1,9.31,9.03,73830,67492871.0,3.08,0.22,0.02,3.03
2020-08-24,002199,9.1,9.01,9.15,8.9,53885,48620952.0,2.75,-0.99,-0.09,2.21
2020-08-25,002199,9.02,9.03,9.1,8.96,51776,46755123.0,1.55,0.22,0.02,2.13
2020-08-26,002199,9.03,8.69,9.04,8.61,67698,59698445.0,4.76,-3.77,-0.34,2.78
2020-08-27,002199,8.65,8.92,8.93,8.61,51391,45385361.0,3.68,2.65,0.23,2.11
2020-08-28,002199,8.93,8.97,9.0,8.8,46283,41149144.0,2.24,0.56,0.05,1.9
2020-08-31,002199,9.03,8.86,9.14,8.84,61064,55035992.0,3.34,-1.23,-0.11,2.51
2020-09-01,002199,8.82,9.14,9.17,8.78,85209,76898309.0,4.4,3.16,0.28,3.5
2020-09-02,002199,9.17,9.09,9.19,9.01,70107,63781764.0,1.97,-0.55,-0.05,2.88
2020-09-03,002199,9.07,9.32,9.43,9.06,139015,128712854.0,4.07,2.53,0.23,5.71
2020-09-04,002199,9.2,9.65,9.7,9.16,191120,181448296.0,5.79,3.54,0.33,7.85
2020-09-07,002199,9.65,9.59,9.9,9.44,187089,180562741.0,4.77,-0.62,-0.06,7.69
2020-09-08,002199,9.52,9.57,9.67,9.34,119484,113670425.0,3.44,-0.21,-0.02,4.91
2020-09-09,002199,9.43,9.04,9.44,8.93,149820,138092002.0,5.33,-5.54,-0.53,6.15
2020-09-10,002199,9.1,8.41,9.15,8.25,124479,107784568.0,9.96,-6.97,-0.63,5.11
2020-09-11,002199,8.29,8.43,8.46,8.15,58302,48428842.0,3.69,0.24,0.02,2.39
2020-09-14,002199,8.47,8.47,8.55,8.34,50242,42488467.0,2.49,0.47,0.04,2.06
2020-09-15,002199,8.46,8.41,8.5,8.3,37808,31774037.0,2.36,-0.71,-0.06,1.55
2020-09-16,002199,8.39,8.25,8.4,8.16,49995,41365135.0,2.85,-1.9,-0.16,2.05
2020-09-17,002199,8.29,8.28,8.33,8.16,36605,30191095.0,2.06,0.36,0.03,1.5
2020-09-18,002199,8.26,8.38,8.38,8.2,37320,30943625.0,2.17,1.21,0.1,1.53
2020-09-21,002199,8.38,8.32,8.42,8.26,33513,27950136.0,1.91,-0.72,-0.06,1.38
2020-09-22,002199,8.24,8.11,8.28,8.1,36047,29519490.0,2.16,-2.52,-0.21,1.48
2020-09-23,002199,8.12,8.14,8.17,8.06,24741,20085900.0,1.36,0.37,0.03,1.02
2020-09-24,002199,8.07,7.84,8.08,7.82,41585,32888540.0,3.19,-3.69,-0.3,1.71
2020-09-25,002199,7.88,7.74,7.92,7.68,30909,24013049.0,3.06,-1.28,-0.1,1.27
2020-09-28,002199,7.74,7.58,7.78,7.57,24953,19121490.0,2.71,-2.07,-0.16,1.03
2020-09-29,002199,7.6,7.76,7.8,7.56,32327,24963489.0,3.17,2.37,0.18,1.33
2020-09-30,002199,7.76,7.73,7.79,7.65,19519,15055475.0,1.8,-0.39,-0.03,0.8
2020-10-09,002199,7.81,7.94,7.96,7.81,25954,20503444.0,1.94,2.72,0.21,1.07
2020-10-12,002199,8.03,8.16,8.2,7.95,31439,25489554.0,3.15,2.77,0.22,1.29
2020-10-13,002199,8.16,8.13,8.16,8.02,30848,24983160.0,1.72,-0.37,-0.03,1.27
2020-10-14,002199,8.08,7.98,8.13,7.93,25669,20562624.0,2.46,-1.85,-0.15,1.05
2020-10-15,002199,7.93,7.8,7.98,7.77,30656,24072607.0,2.63,-2.26,-0.18,1.26
2020-10-16,002199,7.85,7.81,7.85,7.71,23865,18552047.0,1.79,0.13,0.01,0.98
2020-10-19,002199,7.83,7.78,7.94,7.77,25094,19720517.0,2.18,-0.38,-0.03,1.03
2020-10-20,002199,7.74,7.91,7.92,7.7,21260,16617037.0,2.83,1.67,0.13,0.87
2020-10-21,002199,7.9,7.74,7.95,7.71,28300,22000325.0,3.03,-2.15,-0.17,1.16
2020-10-22,002199,7.7,7.71,7.78,7.63,18571,14296103.0,1.94,-0.39,-0.03,0.76
2020-10-23,002199,7.71,7.63,7.79,7.62,19424,14949053.0,2.2,-1.04,-0.08,0.8
2020-10-26,002199,7.62,7.58,7.66,7.51,16347,12400921.0,1.97,-0.66,-0.05,0.67
2020-10-27,002199,7.56,7.64,7.7,7.52,25019,19107431.0,2.37,0.79,0.06,1.03
2020-10-28,002199,7.64,7.57,7.68,7.47,22152,16741515.0,2.75,-0.92,-0.07,0.91
2020-10-29,002199,7.5,7.34,7.5,7.33,35894,26549484.0,2.25,-3.04,-0.23,1.47
2020-10-30,002199,7.33,7.06,7.34,7.04,59436,42432979.0,4.09,-3.81,-0.28,2.44
2020-11-02,002199,7.05,6.92,7.05,6.88,25730,17875770.0,2.41,-1.98,-0.14,1.06
2020-11-03,002199,7.03,7.15,7.36,6.99,52764,38015786.0,5.35,3.32,0.23,2.17
2020-11-04,002199,7.16,7.13,7.25,7.05,31054,22146271.0,2.8,-0.28,-0.02,1.28
2020-11-05,002199,7.18,7.25,7.33,7.17,32999,23919819.0,2.24,1.68,0.12,1.36
2020-11-06,002199,7.29,7.15,7.31,7.12,28559,20517696.0,2.62,-1.38,-0.1,1.17
2020-11-09,002199,7.22,7.43,7.49,7.19,52260,38543014.0,4.2,3.92,0.28,2.15
2020-11-10,002199,7.42,7.33,7.42,7.3,29935,22006623.0,1.62,-1.35,-0.1,1.23
2020-11-11,002199,7.34,7.2,7.36,7.17,22020,15913538.0,2.59,-1.77,-0.13,0.9
2020-11-12,002199,7.19,7.23,7.26,7.16,21739,15675660.0,1.39,0.42,0.03,0.89
2020-11-13,002199,7.2,7.31,7.34,7.09,24429,17680761.0,3.46,1.11,0.08,1.0
2020-11-16,002199,7.32,7.32,7.33,7.23,24862,18085002.0,1.37,0.14,0.01,1.02
2020-11-17,002199,7.32,7.26,7.34,7.17,26137,18883707.0,2.32,-0.82,-0.06,1.07
2020-11-18,002199,7.26,7.37,7.44,7.24,23017,16906655.0,2.75,1.52,0.11,0.95
2020-11-19,002199,7.36,7.46,7.52,7.3,34771,25964732.0,2.99,1.22,0.09,1.43
2020-11-20,002199,7.45,7.47,7.49,7.35,22208,16485164.0,1.88,0.13,0.01,0.91
2020-11-23,002199,7.45,7.48,7.55,7.38,22910,17088816.0,2.28,0.13,0.01,0.94
2020-11-24,002199,7.47,7.46,7.53,7.42,19485,14568603.0,1.47,-0.27,-0.02,0.8
2020-11-25,002199,7.46,7.33,7.49,7.32,24169,17913053.0,2.28,-1.74,-0.13,0.99
2020-11-26,002199,7.33,7.25,7.44,7.25,19709,14421483.0,2.59,-1.09,-0.08,0.81
2020-11-27,002199,7.27,7.28,7.32,7.15,21796,15759817.0,2.34,0.41,0.03,0.9
2020-11-30,002199,7.3,7.35,7.44,7.24,24392,17932701.0,2.75,0.96,0.07,1.0
2020-12-01,002199,7.33,7.49,7.54,7.31,26740,19957782.0,3.13,1.9,0.14,1.1
2020-12-02,002199,7.55,7.68,7.8,7.51,70583,54158010.0,3.87,2.54,0.19,2.9
2020-12-03,002199,7.59,7.6,7.74,7.57,42808,32705803.0,2.21,-1.04,-0.08,1.76
2020-12-04,002199,7.59,7.96,8.14,7.54,103105,81477447.0,7.89,4.74,0.36,4.24
2020-12-07,002199,7.91,7.91,8.08,7.78,70576,55812138.0,3.77,-0.63,-0.05,2.9
2020-12-08,002199,7.84,7.81,7.91,7.73,41300,32250332.0,2.28,-1.26,-0.1,1.7
2020-12-09,002199,7.79,7.5,7.79,7.46,52368,39900101.0,4.23,-3.97,-0.31,2.15
2020-12-10,002199,7.49,7.6,7.72,7.37,38678,29168633.0,4.67,1.33,0.1,1.59
2020-12-11,002199,7.6,7.36,7.67,7.3,42412,31537848.0,4.87,-3.16,-0.24,1.74
2020-12-14,002199,7.36,7.31,7.37,7.23,20133,14693507.0,1.9,-0.68,-0.05,0.83
2020-12-15,002199,7.28,7.43,7.49,7.25,25821,19025886.0,3.28,1.64,0.12,1.06
2020-12-16,002199,7.39,7.07,7.46,7.06,40031,28821851.0,5.38,-4.85,-0.36,1.64
2020-12-17,002199,7.03,7.12,7.19,6.95,29348,20725742.0,3.39,0.71,0.05,1.21
2020-12-18,002199,7.13,7.12,7.2,7.02,21199,15064388.0,2.53,0.0,0.0,0.87
2020-12-21,002199,7.08,7.24,7.35,7.05,24202,17472939.0,4.21,1.69,0.12,0.99
2020-12-22,002199,7.24,7.04,7.24,7.0,30934,21916790.0,3.31,-2.76,-0.2,1.27
2020-12-23,002199,7.04,7.01,7.08,6.95,22577,15863359.0,1.85,-0.43,-0.03,0.93
2020-12-24,002199,7.06,7.05,7.2,6.97,23178,16360217.0,3.28,0.57,0.04,0.95
2020-12-25,002199,7.03,6.99,7.08,6.93,18077,12673027.0,2.13,-0.85,-0.06,0.74
2020-12-28,002199,6.99,6.87,6.99,6.75,30394,20760508.0,3.43,-1.72,-0.12,1.25
2020-12-29,002199,6.85,6.92,7.07,6.82,20371,14169101.0,3.64,0.73,0.05,0.84
2020-12-30,002199,6.88,6.88,6.92,6.83,13401,9205356.0,1.3,-0.58,-0.04,0.55
2020-12-31,002199,6.88,6.96,7.03,6.88,15244,10605731.0,2.18,1.16,0.08,0.63
2021-01-04,002199,6.97,7.02,7.03,6.94,22195,15531708.0,1.29,0.86,0.06,0.91
2021-01-05,002199,7.03,6.94,7.06,6.89,23677,16458642.0,2.42,-1.14,-0.08,0.97
2021-01-06,002199,6.95,6.6,6.95,6.57,45740,30470639.0,5.48,-4.9,-0.34,1.88
2021-01-07,002199,6.6,6.21,6.6,6.2,46982,29642210.0,6.06,-5.91,-0.39,1.93
2021-01-08,002199,6.2,6.26,6.4,5.98,28745,17811216.0,6.76,0.81,0.05,1.18
2021-01-11,002199,6.25,6.02,6.3,6.0,26116,15998555.0,4.79,-3.83,-0.24,1.07
2021-01-12,002199,6.06,6.05,6.18,6.0,21618,13096254.0,2.99,0.5,0.03,0.89
2021-01-13,002199,6.06,5.93,6.06,5.8,25727,15190917.0,4.3,-1.98,-0.12,1.06
2021-01-14,002199,5.9,5.91,6.06,5.83,22225,13206399.0,3.88,-0.34,-0.02,0.91
2021-01-15,002199,5.91,6.02,6.03,5.9,22827,13649292.0,2.2,1.86,0.11,0.94
2021-01-18,002199,6.03,6.19,6.3,5.98,27110,16704228.0,5.32,2.82,0.17,1.11
2021-01-19,002199,6.19,6.23,6.29,6.18,23762,14797418.0,1.78,0.65,0.04,0.98
2021-01-20,002199,6.24,6.2,6.29,6.15,14661,9103917.0,2.25,-0.48,-0.03,0.6
2021-01-21,002199,6.19,6.25,6.29,6.14,16954,10546565.0,2.42,0.81,0.05,0.7
2021-01-22,002199,6.24,6.15,6.24,6.08,20663,12667185.0,2.56,-1.6,-0.1,0.85
2021-01-25,002199,6.09,6.0,6.11,5.95,16941,10172067.0,2.6,-2.44,-0.15,0.7
2021-01-26,002199,6.34,6.14,6.34,6.02,29985,18477826.0,5.33,2.33,0.14,1.23
2021-01-27,002199,6.04,5.99,6.12,5.89,21742,12975541.0,3.75,-2.44,-0.15,0.89
2021-01-28,002199,5.91,5.97,6.13,5.9,20973,12649783.0,3.84,-0.33,-0.02,0.86
2021-01-29,002199,6.03,5.82,6.03,5.8,19822,11638018.0,3.85,-2.51,-0.15,0.81
2021-02-01,002199,5.88,5.66,5.89,5.62,21219,12099394.0,4.64,-2.75,-0.16,0.87
2021-02-02,002199,5.65,5.65,5.71,5.5,18032,10091515.0,3.71,-0.18,-0.01,0.74
2021-02-03,002199,5.79,5.56,5.9,5.21,24648,14036333.0,12.21,-1.59,-0.09,1.01
2021-02-04,002199,5.42,5.28,5.5,5.24,30216,16120887.0,4.68,-5.04,-0.28,1.24
2021-02-05,002199,5.45,5.24,5.45,5.24,17503,9371516.0,3.98,-0.76,-0.04,0.72
2021-02-08,002199,5.19,5.37,5.41,5.17,22535,11890183.0,4.58,2.48,0.13,0.93
2021-02-09,002199,5.44,5.3,5.44,5.22,26332,13963805.0,4.1,-1.3,-0.07,1.08
2021-02-10,002199,5.25,5.32,5.33,5.24,14990,7930260.0,1.7,0.38,0.02,0.62
2021-02-18,002199,5.37,5.52,5.68,5.36,31622,17380515.0,6.02,3.76,0.2,1.3
2021-02-19,002199,5.52,5.78,5.83,5.49,26002,14802870.0,6.16,4.71,0.26,1.07
2021-02-22,002199,5.83,5.97,6.09,5.81,34022,20408735.0,4.84,3.29,0.19,1.4
2021-02-23,002199,5.99,5.87,5.99,5.81,16217,9557653.0,3.02,-1.68,-0.1,0.67
2021-02-24,002199,5.98,6.06,6.13,5.9,34779,21050031.0,3.92,3.24,0.19,1.43
2021-02-25,002199,6.08,5.96,6.1,5.94,24545,14676081.0,2.64,-1.65,-0.1,1.01
2021-02-26,002199,5.86,5.98,6.07,5.82,15371,9198245.0,4.19,0.34,0.02,0.63
2021-03-01,002199,5.98,6.0,6.07,5.97,19735,11857514.0,1.67,0.33,0.02,0.81
2021-03-02,002199,6.09,6.0,6.09,5.96,23572,14196742.0,2.17,0.0,0.0,0.97
2021-03-03,002199,5.98,6.0,6.05,5.98,19799,11893377.0,1.17,0.0,0.0,0.81
2021-03-04,002199,5.93,5.97,6.06,5.93,19268,11570814.0,2.17,-0.5,-0.03,0.79
2021-03-05,002199,5.96,6.09,6.13,5.96,24869,15046129.0,2.85,2.01,0.12,1.02
2021-03-08,002199,6.12,6.07,6.25,6.05,23172,14227423.0,3.28,-0.33,-0.02,0.95
2021-03-09,002199,6.08,5.92,6.17,5.81,21996,13143639.0,5.93,-2.47,-0.15,0.9
2021-03-10,002199,5.99,5.74,6.02,5.73,17982,10469130.0,4.9,-3.04,-0.18,0.74
2021-03-11,002199,5.75,5.88,5.88,5.62,21167,12151588.0,4.53,2.44,0.14,0.87
2021-03-12,002199,5.87,5.94,5.94,5.73,19722,11477491.0,3.57,1.02,0.06,0.81
2021-03-15,002199,5.93,5.97,5.97,5.83,14037,8293236.0,2.36,0.51,0.03,0.58
2021-03-16,002199,6.0,5.97,6.05,5.92,25876,15452550.0,2.18,0.0,0.0,1.06
2021-03-17,002199,5.99,5.98,6.01,5.93,20661,12349532.0,1.34,0.17,0.01,0.85
2021-03-18,002199,5.95,5.9,6.0,5.88,15847,9392431.0,2.01,-1.34,-0.08,0.65
2021-03-19,002199,5.88,5.89,5.99,5.83,12896,7641132.0,2.71,-0.17,-0.01,0.53
2021-03-22,002199,5.93,5.96,5.96,5.88,13713,8137671.0,1.36,1.19,0.07,0.56
2021-03-23,002199,5.96,6.56,6.56,5.87,48590,30833048.0,11.58,10.07,0.6,2.0
2021-03-24,002199,7.22,7.22,7.22,7.22,21182,15293404.0,0.0,10.06,0.66,0.87
2021-03-25,002199,7.94,6.78,7.94,6.66,219242,156043821.0,17.73,-6.09,-0.44,9.01
2021-03-26,002199,6.57,6.59,6.76,6.38,125651,81861117.0,5.6,-2.8,-0.19,5.16
2021-03-29,002199,6.48,6.42,6.55,6.38,85526,55384601.0,2.58,-2.58,-0.17,3.51
2021-03-30,002199,6.45,6.25,6.5,6.18,63067,39354687.0,4.98,-2.65,-0.17,2.59
2021-03-31,002199,6.2,6.23,6.32,6.14,47104,29286057.0,2.88,-0.32,-0.02,1.93
2021-04-01,002199,6.24,6.13,6.27,6.09,44022,27071202.0,2.89,-1.61,-0.1,1.81
2021-04-02,002199,6.13,6.31,6.31,6.07,64637,40293864.0,3.92,2.94,0.18,2.66
2021-04-06,002199,6.3,6.28,6.32,6.21,49712,31159878.0,1.74,-0.48,-0.03,2.04
2021-04-07,002199,6.25,6.24,6.27,6.17,43524,27017090.0,1.59,-0.64,-0.04,1.79
2021-04-08,002199,6.21,6.09,6.3,6.08,52310,32410583.0,3.53,-2.4,-0.15,2.15
2021-04-09,002199,6.03,6.16,6.28,6.02,60079,36824523.0,4.27,1.15,0.07,2.47
2021-04-12,002199,6.16,6.78,6.78,6.15,145523,95445740.0,10.23,10.06,0.62,5.98
2021-04-13,002199,6.8,6.77,7.24,6.59,218476,151906641.0,9.59,-0.15,-0.01,8.97
2021-04-14,002199,6.66,6.8,6.95,6.61,119684,81324903.0,5.02,0.44,0.03,4.92
2021-04-15,002199,6.59,6.69,6.83,6.51,89387,59695599.0,4.71,-1.62,-0.11,3.67
2021-04-16,002199,6.57,6.98,7.06,6.57,112832,77325552.0,7.32,4.33,0.29,4.63
2021-04-19,002199,6.86,6.79,6.88,6.7,96298,65376387.0,2.58,-2.72,-0.19,3.96
2021-04-20,002199,6.8,6.77,6.92,6.65,66902,45307094.0,3.98,-0.29,-0.02,2.75
2021-04-21,002199,6.71,6.55,6.74,6.55,59531,39522472.0,2.81,-3.25,-0.22,2.45
2021-04-22,002199,6.68,6.7,6.78,6.55,45429,30179187.0,3.51,2.29,0.15,1.87
2021-04-23,002199,6.66,6.63,6.66,6.5,37965,24974664.0,2.39,-1.04,-0.07,1.56
2021-04-26,002199,6.62,6.52,6.63,6.45,40080,26089583.0,2.71,-1.66,-0.11,1.65
2021-04-27,002199,6.4,6.32,6.5,6.26,31284,19863536.0,3.68,-3.07,-0.2,1.29
2021-04-28,002199,6.32,6.58,6.67,6.32,54052,35219658.0,5.54,4.11,0.26,2.22
2021-04-29,002199,6.55,6.7,6.85,6.4,72353,48467769.0,6.84,1.82,0.12,2.97
2021-04-30,002199,6.63,6.47,6.7,6.43,41741,27233890.0,4.03,-3.43,-0.23,1.71
2021-05-06,002199,6.47,6.7,6.78,6.47,65524,43876174.0,4.79,3.55,0.23,2.69
2021-05-07,002199,6.68,6.67,6.9,6.64,62606,42331501.0,3.88,-0.45,-0.03,2.57
2021-05-10,002199,6.7,6.82,6.84,6.53,52711,35306951.0,4.65,2.25,0.15,2.17
2021-05-11,002199,6.79,6.77,6.88,6.7,38146,25849353.0,2.64,-0.73,-0.05,1.57
2021-05-12,002199,6.73,6.89,6.89,6.63,51033,34744340.0,3.84,1.77,0.12,2.1
2021-05-13,002199,6.83,6.71,6.94,6.67,50892,34558706.0,3.92,-2.61,-0.18,2.09
2021-05-14,002199,6.72,6.66,6.84,6.62,44392,29858848.0,3.28,-0.75,-0.05,1.82
2021-05-17,002199,6.64,6.37,6.64,6.37,59256,38312566.0,4.05,-4.35,-0.29,2.43
2021-05-18,002199,6.37,6.77,6.8,6.36,63138,41706920.0,6.91,6.28,0.4,2.59
2021-05-19,002199,6.74,6.6,6.75,6.55,37345,24639787.0,2.95,-2.51,-0.17,1.53
2021-05-20,002199,6.55,6.79,6.85,6.51,52108,34898057.0,5.15,2.88,0.19,2.14
2021-05-21,002199,6.76,6.9,6.96,6.69,65607,45117061.0,3.98,1.62,0.11,2.69
2021-05-24,002199,6.85,7.15,7.17,6.84,86401,61008606.0,4.78,3.62,0.25,3.55
2021-05-25,002199,7.15,7.07,7.28,6.97,67194,47561539.0,4.34,-1.12,-0.08,2.76
2021-05-26,002199,7.05,7.05,7.11,6.99,36915,25983656.0,1.7,-0.28,-0.02,1.52
2021-05-27,002199,7.07,7.1,7.17,7.0,42513,30213447.0,2.41,0.71,0.05,1.75
2021-05-28,002199,7.03,7.06,7.11,7.03,32118,22709894.0,1.13,-0.56,-0.04,1.32
2021-05-31,002199,7.09,7.06,7.15,7.0,32302,22808102.0,2.12,0.0,0.0,1.33
2021-06-01,002199,7.05,7.15,7.17,7.0,44219,31418633.0,2.41,1.27,0.09,1.82
2021-06-02,002199,7.15,6.98,7.15,6.96,37701,26498085.0,2.66,-2.38,-0.17,1.55
2021-06-03,002199,6.99,7.16,7.25,6.94,80447,57285337.0,4.44,2.58,0.18,3.3
2021-06-04,002199,7.1,7.16,7.23,7.04,58252,41537773.0,2.65,0.0,0.0,2.39
2021-06-07,002199,7.15,7.35,7.46,7.1,77368,56641053.0,5.03,2.65,0.19,3.18
2021-06-08,002199,7.31,7.36,7.43,7.28,40895,30020301.0,2.04,0.14,0.01,1.68
2021-06-09,002199,7.36,7.59,7.67,7.33,65589,49413440.0,4.62,3.13,0.23,2.69
2021-06-10,002199,7.51,7.63,7.64,7.44,52746,39753309.0,2.64,0.53,0.04,2.17
2021-06-11,002199,7.68,7.4,7.69,7.4,60610,45637082.0,3.8,-3.01,-0.23,2.49
2021-06-15,002199,7.34,7.14,7.5,7.13,78835,57712740.0,5.0,-3.51,-0.26,3.24
2021-06-16,002199,7.21,7.15,7.35,7.11,52691,37996373.0,3.36,0.14,0.01,2.16
2021-06-17,002199,7.17,7.19,7.33,7.03,46158,33196866.0,4.2,0.56,0.04,1.9
2021-06-18,002199,7.18,7.32,7.36,7.09,33759,24331901.0,3.76,1.81,0.13,1.39
2021-06-21,002199,7.41,7.32,7.44,7.25,38728,28404612.0,2.6,0.0,0.0,1.59
2021-06-22,002199,7.32,7.11,7.32,7.1,44849,32150527.0,3.01,-2.87,-0.21,1.84
2021-06-23,002199,7.11,7.43,7.45,7.08,64231,46879626.0,5.2,4.5,0.32,2.64
2021-06-24,002199,7.58,7.19,7.7,7.17,78455,57854642.0,7.13,-3.23,-0.24,3.22
2021-06-25,002199,7.12,7.11,7.25,6.98,57495,40836517.0,3.76,-1.11,-0.08,2.36
2021-06-28,002199,7.07,7.06,7.14,7.02,40420,28609624.0,1.69,-0.7,-0.05,1.66
2021-06-29,002199,7.06,6.94,7.09,6.87,59090,41024062.0,3.12,-1.7,-0.12,2.43
2021-06-30,002199,6.94,7.09,7.21,6.93,60200,42683330.0,4.03,2.16,0.15,2.47
2021-07-01,002199,7.05,6.87,7.14,6.86,55710,38890675.0,3.95,-3.1,-0.22,2.29
2021-07-02,002199,6.86,6.94,6.97,6.8,26664,18387455.0,2.47,1.02,0.07,1.1
2021-07-05,002199,6.94,7.32,7.34,6.93,68822,49340562.0,5.91,5.48,0.38,2.83
2021-07-06,002199,7.3,7.53,7.65,7.24,91341,68476720.0,5.6,2.87,0.21,3.75
2021-07-07,002199,7.45,7.97,8.09,7.45,145807,114184054.0,8.5,5.84,0.44,5.99
2021-07-08,002199,7.97,7.88,8.16,7.84,136035,108690416.0,4.02,-1.13,-0.09,5.59
2021-07-09,002199,7.82,8.21,8.22,7.8,101339,82220569.0,5.33,4.19,0.33,4.16
2021-07-12,002199,8.23,8.77,8.85,8.13,154872,132981529.0,8.77,6.82,0.56,6.36
2021-07-13,002199,8.67,8.41,8.78,8.38,108217,92032566.0,4.56,-4.1,-0.36,4.45
2021-07-14,002199,8.46,8.41,8.65,8.35,65044,54989692.0,3.57,0.0,0.0,2.67
2021-07-15,002199,8.34,8.16,8.42,8.07,57881,47403035.0,4.16,-2.97,-0.25,2.38
2021-07-16,002199,8.2,8.08,8.29,8.08,52428,42789237.0,2.57,-0.98,-0.08,2.15
2021-07-19,002199,8.05,8.09,8.18,7.92,45535,36831358.0,3.22,0.12,0.01,1.87
2021-07-20,002199,8.01,8.12,8.16,8.01,35774,28985726.0,1.85,0.37,0.03,1.47
2021-07-21,002199,8.18,8.27,8.35,8.11,57376,47174269.0,2.96,1.85,0.15,2.36
2021-07-22,002199,8.36,8.51,8.68,8.2,87530,73942389.0,5.8,2.9,0.24,3.6
2021-07-23,002199,8.51,8.28,8.67,8.25,77461,65525162.0,4.94,-2.7,-0.23,3.18
2021-07-26,002199,8.26,8.12,8.34,7.94,64771,52751928.0,4.83,-1.93,-0.16,2.66
2021-07-27,002199,8.16,8.14,8.64,8.06,76402,63690807.0,7.14,0.25,0.02,3.14
2021-07-28,002199,8.1,7.74,8.32,7.52,73263,57666652.0,9.83,-4.91,-0.4,3.01
2021-07-29,002199,7.78,8.34,8.34,7.78,69483,56919634.0,7.24,7.75,0.6,2.85
2021-07-30,002199,8.13,8.23,8.55,8.13,62178,51664963.0,5.04,-1.32,-0.11,2.55
2021-08-02,002199,8.23,8.39,8.6,8.2,57492,48259822.0,4.86,1.94,0.16,2.36
2021-08-03,002199,8.41,8.02,8.42,8.02,54774,44970827.0,4.77,-4.41,-0.37,2.25
2021-08-04,002199,8.01,8.16,8.24,8.0,37847,30848303.0,2.99,1.75,0.14,1.55
2021-08-05,002199,8.16,8.21,8.31,8.04,47327,38798871.0,3.31,0.61,0.05,1.94
2021-08-06,002199,8.21,8.3,8.33,8.02,39603,32286087.0,3.78,1.1,0.09,1.63
2021-08-09,002199,8.36,8.32,8.57,8.21,58471,48708515.0,4.34,0.24,0.02,2.4
2021-08-10,002199,8.25,8.6,8.75,8.24,67950,57343931.0,6.13,3.37,0.28,2.79
2021-08-11,002199,8.79,8.38,8.79,8.28,135830,114518273.0,5.93,-2.56,-0.22,5.58
2021-08-12,002199,8.31,8.51,8.66,8.28,118912,101327560.0,4.53,1.55,0.13,4.88
2021-08-13,002199,8.45,8.34,8.46,8.2,74427,61980658.0,3.06,-2.0,-0.17,3.06
2021-08-16,002199,8.29,8.1,8.33,8.09,58246,47730720.0,2.88,-2.88,-0.24,2.39
2021-08-17,002199,8.05,7.94,8.13,7.85,52433,41879278.0,3.46,-1.98,-0.16,2.15
2021-08-18,002199,7.94,7.73,7.96,7.73,58272,45401860.0,2.9,-2.64,-0.21,2.39
2021-08-19,002199,7.72,7.74,7.79,7.67,32651,25265294.0,1.55,0.13,0.01,1.34
2021-08-20,002199,7.73,7.81,7.84,7.55,33689,26043083.0,3.75,0.9,0.07,1.38
2021-08-23,002199,7.82,8.05,8.08,7.82,53018,42462844.0,3.33,3.07,0.24,2.18
2021-08-24,002199,8.07,8.18,8.2,8.02,52910,42961556.0,2.24,1.61,0.13,2.17
2021-08-25,002199,8.17,8.19,8.22,8.06,38940,31669901.0,1.96,0.12,0.01,1.6
2021-08-26,002199,8.15,8.06,8.18,8.05,35116,28465934.0,1.59,-1.59,-0.13,1.44
2021-08-27,002199,8.06,7.93,8.12,7.89,38327,30574008.0,2.85,-1.61,-0.13,1.57
2021-08-30,002199,7.98,8.72,8.72,7.98,139257,118783578.0,9.33,9.96,0.79,5.72
2021-08-31,002199,8.88,8.43,8.97,8.24,193245,164386535.0,8.37,-3.33,-0.29,7.94
2021-09-01,002199,8.48,8.01,8.52,7.93,115838,93949563.0,7.0,-4.98,-0.42,4.76
2021-09-02,002199,7.85,8.0,8.01,7.74,77448,60939785.0,3.37,-0.12,-0.01,3.18
2021-09-03,002199,8.04,8.5,8.56,7.89,149625,124269618.0,8.38,6.25,0.5,6.15
2021-09-06,002199,8.5,8.45,8.69,8.29,100445,85225765.0,4.71,-0.59,-0.05,4.13
2021-09-07,002199,8.79,8.41,8.8,8.32,79144,66730784.0,5.68,-0.47,-0.04,3.25
2021-09-08,002199,8.61,8.81,8.95,8.36,152039,132954398.0,7.02,4.76,0.4,6.25
2021-09-09,002199,8.71,8.54,8.8,8.42,90598,77432753.0,4.31,-3.06,-0.27,3.72
2021-09-10,002199,8.5,8.34,8.58,8.33,63068,52997827.0,2.93,-2.34,-0.2,2.59
2021-09-13,002199,8.33,8.24,8.39,8.21,53397,44160669.0,2.16,-1.2,-0.1,2.19
2021-09-14,002199,8.26,8.13,8.33,8.07,59897,49083451.0,3.16,-1.33,-0.11,2.46
2021-09-15,002199,8.11,8.36,8.42,8.03,66253,54840656.0,4.8,2.83,0.23,2.72
2021-09-16,002199,8.37,8.1,8.43,8.08,56234,46252313.0,4.19,-3.11,-0.26,2.31
2021-09-17,002199,8.1,8.14,8.14,7.8,56930,45558409.0,4.2,0.49,0.04,2.34
2021-09-22,002199,8.08,7.93,8.1,7.9,49020,39077761.0,2.46,-2.58,-0.21,2.01
2021-09-23,002199,7.94,7.96,8.12,7.94,44627,35809869.0,2.27,0.38,0.03,1.83
2021-09-24,002199,7.95,7.59,8.02,7.55,76404,59046049.0,5.9,-4.65,-0.37,3.14
2021-09-27,002199,7.59,7.16,7.71,7.07,75632,55254468.0,8.43,-5.67,-0.43,3.11
2021-09-28,002199,7.14,7.32,7.4,7.14,39664,28901455.0,3.63,2.23,0.16,1.63
2021-09-29,002199,7.29,7.2,7.38,7.15,45623,33202975.0,3.14,-1.64,-0.12,1.87
2021-09-30,002199,7.21,7.47,7.53,7.21,37578,27822943.0,4.44,3.75,0.27,1.54
2021-10-08,002199,7.51,7.72,7.82,7.49,42281,32608991.0,4.42,3.35,0.25,1.74
2021-10-11,002199,7.73,7.63,7.9,7.58,31764,24386804.0,4.15,-1.17,-0.09,1.3
2021-10-12,002199,7.65,7.47,7.7,7.35,33107,24769929.0,4.59,-2.1,-0.16,1.36
2021-10-13,002199,7.44,7.45,7.49,7.32,25293,18722218.0,2.28,-0.27,-0.02,1.04
2021-10-14,002199,7.47,7.54,7.61,7.32,26425,19789611.0,3.89,1.21,0.09,1.09
2021-10-15,002199,7.57,8.29,8.29,7.57,119926,97376812.0,9.55,9.95,0.75,4.93
2021-10-18,002199,8.47,8.39,8.5,8.19,240868,201119705.0,3.74,1.21,0.1,9.89
2021-10-19,002199,8.22,8.3,8.39,8.05,118951,98518209.0,4.05,-1.07,-0.09,4.89
2021-10-20,002199,8.36,8.46,8.53,8.22,130182,109489355.0,3.73,1.93,0.16,5.35
2021-10-21,002199,8.41,8.39,8.47,8.24,93253,78012756.0,2.72,-0.83,-0.07,3.83
2021-10-22,002199,8.31,8.22,8.45,8.2,57131,47448628.0,2.98,-2.03,-0.17,2.35
2021-10-25,002199,8.3,8.16,8.3,7.91,61171,49432174.0,4.74,-0.73,-0.06,2.51
2021-10-26,002199,8.11,8.08,8.23,7.99,47258,38235986.0,2.94,-0.98,-0.08,1.94
2021-10-27,002199,8.06,7.87,8.13,7.8,58889,46523496.0,4.08,-2.6,-0.21,2.42
2021-10-28,002199,7.79,7.63,7.99,7.6,55306,42853964.0,4.96,-3.05,-0.24,2.27
2021-10-29,002199,7.63,7.66,7.78,7.43,55818,42848406.0,4.59,0.39,0.03,2.29
2021-11-01,002199,7.73,7.71,7.85,7.64,55727,43205689.0,2.74,0.65,0.05,2.29
2021-11-02,002199,7.76,7.58,7.93,7.5,72370,55888235.0,5.58,-1.69,-0.13,2.97
2021-11-03,002199,7.55,7.58,7.86,7.46,53919,41094540.0,5.28,0.0,0.0,2.21
2021-11-04,002199,7.59,7.71,7.71,7.57,47677,36528242.0,1.85,1.72,0.13,1.96
2021-11-05,002199,7.78,7.73,7.84,7.67,54938,42632279.0,2.2,0.26,0.02,2.26
2021-11-08,002199,7.7,7.56,7.73,7.47,56058,42318868.0,3.36,-2.2,-0.17,2.3
2021-11-09,002199,7.55,7.67,7.71,7.52,41691,31784473.0,2.51,1.46,0.11,1.71
2021-11-10,002199,7.66,7.81,7.82,7.6,60688,46911458.0,2.87,1.83,0.14,2.49
2021-11-11,002199,7.81,7.93,8.01,7.77,61277,48451556.0,3.07,1.54,0.12,2.52
2021-11-12,002199,7.92,8.13,8.15,7.87,59208,47725076.0,3.53,2.52,0.2,2.43
2021-11-15,002199,8.14,8.29,8.38,8.1,77193,63885960.0,3.44,1.97,0.16,3.17
2021-11-16,002199,8.37,8.23,8.43,8.21,91018,75584569.0,2.65,-0.72,-0.06,3.74
2021-11-17,002199,8.29,8.47,8.49,8.21,79915,67108611.0,3.4,2.92,0.24,3.28
2021-11-18,002199,8.46,8.53,8.7,8.4,92550,79182757.0,3.54,0.71,0.06,3.8
2021-11-19,002199,8.42,8.68,8.74,8.39,80837,69542363.0,4.1,1.76,0.15,3.32
2021-11-22,002199,8.68,8.79,8.83,8.58,61105,53350133.0,2.88,1.27,0.11,2.51
2021-11-23,002199,8.73,9.34,9.6,8.68,177149,163702181.0,10.47,6.26,0.55,7.28
2021-11-24,002199,9.29,9.09,9.32,9.05,101450,93001743.0,2.89,-2.68,-0.25,4.17
2021-11-25,002199,9.05,9.03,9.17,8.94,86333,78095473.0,2.53,-0.66,-0.06,3.55
2021-11-26,002199,9.03,8.89,9.03,8.73,83533,73819400.0,3.32,-1.55,-0.14,3.43
2021-11-29,002199,8.73,8.77,8.9,8.65,57616,50435917.0,2.81,-1.35,-0.12,2.37
2021-11-30,002199,8.74,8.81,8.94,8.72,63975,56505356.0,2.51,0.46,0.04,2.63
2021-12-01,002199,8.75,8.92,8.97,8.74,59764,53121004.0,2.61,1.25,0.11,2.45
2021-12-02,002199,8.88,8.65,8.97,8.6,56097,48943030.0,4.15,-3.03,-0.27,2.3
2021-12-03,002199,8.67,8.64,8.79,8.61,36372,31578876.0,2.08,-0.12,-0.01,1.49
2021-12-06,002199,8.64,8.3,8.64,8.26,70203,58891586.0,4.4,-3.94,-0.34,2.88
2021-12-07,002199,8.38,8.09,8.42,8.03,67394,54836943.0,4.7,-2.53,-0.21,2.77
2021-12-08,002199,8.09,8.12,8.24,8.09,53923,43949210.0,1.85,0.37,0.03,2.22
2021-12-09,002199,8.12,8.17,8.25,8.1,48317,39506998.0,1.85,0.62,0.05,1.98
2021-12-10,002199,8.14,8.23,8.25,8.11,54493,44678340.0,1.71,0.73,0.06,2.24
2021-12-13,002199,8.23,8.12,8.29,8.09,59111,48117183.0,2.43,-1.34,-0.11,2.43
2021-12-14,002199,8.08,8.14,8.21,7.99,50583,41127336.0,2.71,0.25,0.02,2.08
2021-12-15,002199,8.14,8.12,8.19,8.1,46395,37788243.0,1.11,-0.25,-0.02,1.91
2021-12-16,002199,8.1,8.2,8.24,8.1,50702,41401851.0,1.72,0.99,0.08,2.08
2021-12-17,002199,8.21,8.01,8.21,7.99,77133,62087179.0,2.68,-2.32,-0.19,3.17
2021-12-20,002199,8.01,7.88,8.05,7.87,49658,39545220.0,2.25,-1.62,-0.13,2.04
2021-12-21,002199,7.89,8.09,8.15,7.89,55134,44359014.0,3.3,2.66,0.21,2.26
2021-12-22,002199,8.18,8.14,8.19,8.1,49460,40282804.0,1.11,0.62,0.05,2.03
2021-12-23,002199,8.15,8.04,8.17,8.04,43194,34957537.0,1.6,-1.23,-0.1,1.77
2021-12-24,002199,8.05,7.86,8.15,7.85,54923,43683033.0,3.73,-2.24,-0.18,2.26
2021-12-27,002199,7.86,7.87,7.99,7.79,35489,28042599.0,2.54,0.13,0.01,1.46
2021-12-28,002199,7.87,7.95,7.98,7.87,37765,29963694.0,1.4,1.02,0.08,1.55
2021-12-29,002199,7.95,7.88,7.95,7.82,34459,27171242.0,1.64,-0.88,-0.07,1.42
2021-12-30,002199,7.87,8.02,8.08,7.85,43921,35147893.0,2.92,1.78,0.14,1.8
2021-12-31,002199,8.02,8.2,8.33,8.01,73126,59856903.0,3.99,2.24,0.18,3.0
2022-01-04,002199,8.28,8.3,8.4,8.24,74953,62191110.0,1.95,1.22,0.1,3.08
2022-01-05,002199,8.3,8.14,8.35,8.08,55522,45356107.0,3.25,-1.93,-0.16,2.28
2022-01-06,002199,8.11,8.2,8.23,8.1,53434,43675755.0,1.6,0.74,0.06,2.19
2022-01-07,002199,8.2,7.89,8.22,7.86,53277,42706927.0,4.39,-3.78,-0.31,2.19
2022-01-10,002199,7.85,8.05,8.08,7.72,52357,41520557.0,4.56,2.03,0.16,2.15
2022-01-11,002199,8.09,8.06,8.15,7.96,41249,33135897.0,2.36,0.12,0.01,1.69
2022-01-12,002199,8.0,8.15,8.21,8.0,57519,46640636.0,2.61,1.12,0.09,2.36
2022-01-13,002199,8.15,8.13,8.24,8.1,50559,41260020.0,1.72,-0.25,-0.02,2.08
2022-01-14,002199,8.12,8.09,8.28,8.06,48890,39903990.0,2.71,-0.49,-0.04,2.01
2022-01-17,002199,8.07,8.28,8.28,8.06,58439,48017778.0,2.72,2.35,0.19,2.4
2022-01-18,002199,8.28,8.06,8.31,8.04,59414,48348583.0,3.26,-2.66,-0.22,2.44
2022-01-19,002199,8.03,8.11,8.13,8.0,33704,27177251.0,1.61,0.62,0.05,1.38
2022-01-20,002199,8.1,7.7,8.11,7.66,89019,69561056.0,5.55,-5.06,-0.41,3.66
2022-01-21,002199,7.69,7.69,7.76,7.57,48405,37120089.0,2.47,-0.13,-0.01,1.99
2022-01-24,002199,7.67,7.66,7.76,7.59,31145,23912369.0,2.21,-0.39,-0.03,1.28
2022-01-25,002199,7.62,7.28,7.67,7.25,50257,37231900.0,5.48,-4.96,-0.38,2.06
2022-01-26,002199,7.34,7.32,7.38,7.22,39055,28548193.0,2.2,0.55,0.04,1.6
2022-01-27,002199,7.32,7.09,7.33,7.08,40279,28811099.0,3.42,-3.14,-0.23,1.65
2022-01-28,002199,7.1,7.23,7.3,7.05,32267,23234107.0,3.53,1.97,0.14,1.33
2022-02-07,002199,7.38,7.3,7.4,7.26,37688,27578761.0,1.94,0.97,0.07,1.55
2022-02-08,002199,7.3,7.44,7.44,7.24,36558,26852658.0,2.74,1.92,0.14,1.5
2022-02-09,002199,7.43,7.54,7.57,7.37,43220,32466261.0,2.69,1.34,0.1,1.78
2022-02-10,002199,7.52,7.53,7.57,7.44,36600,27434793.0,1.72,-0.13,-0.01,1.5
2022-02-11,002199,7.5,7.3,7.51,7.29,31245,23018642.0,2.92,-3.05,-0.23,1.28
2022-02-14,002199,7.3,7.34,7.41,7.25,27168,19960796.0,2.19,0.55,0.04,1.12
2022-02-15,002199,7.33,7.3,7.4,7.25,24916,18242168.0,2.04,-0.54,-0.04,1.02
2022-02-16,002199,7.37,7.5,7.54,7.36,46964,35003199.0,2.47,2.74,0.2,1.93
2022-02-17,002199,7.52,7.43,7.57,7.41,39380,29496399.0,2.13,-0.93,-0.07,1.62
2022-02-18,002199,7.43,7.48,7.49,7.38,22832,17004813.0,1.48,0.67,0.05,0.94
2022-02-21,002199,7.47,7.58,7.59,7.46,39436,29706741.0,1.74,1.34,0.1,1.62
2022-02-22,002199,7.57,7.5,7.57,7.4,33602,25100481.0,2.24,-1.06,-0.08,1.38
2022-02-23,002199,7.55,7.65,7.67,7.45,41587,31618442.0,2.93,2.0,0.15,1.71
2022-02-24,002199,7.6,7.43,7.71,7.31,56735,42793302.0,5.23,-2.88,-0.22,2.33
2022-02-25,002199,7.46,7.54,7.68,7.46,45074,34146624.0,2.96,1.48,0.11,1.85
2022-02-28,002199,7.51,7.43,7.59,7.35,33374,24785460.0,3.18,-1.46,-0.11,1.37
2022-03-01,002199,7.5,7.54,7.55,7.46,33225,24942714.0,1.21,1.48,0.11,1.36
2022-03-02,002199,7.47,7.56,7.56,7.45,24841,18699678.0,1.46,0.27,0.02,1.02
2022-03-03,002199,7.58,7.68,7.84,7.58,60839,46872981.0,3.44,1.59,0.12,2.5
2022-03-04,002199,7.61,7.57,7.75,7.56,36998,28248107.0,2.47,-1.43,-0.11,1.52
2022-03-07,002199,7.55,7.53,7.67,7.47,32715,24742848.0,2.64,-0.53,-0.04,1.34
2022-03-08,002199,7.51,7.35,7.59,7.28,29194,21627622.0,4.12,-2.39,-0.18,1.2
2022-03-09,002199,7.35,7.28,7.45,7.0,34188,24838334.0,6.12,-0.95,-0.07,1.4
2022-03-10,002199,7.39,7.41,7.49,7.35,33313,24786598.0,1.92,1.79,0.13,1.37
2022-03-11,002199,7.37,7.42,7.42,7.21,29700,21654480.0,2.83,0.13,0.01,1.22
2022-03-14,002199,7.4,7.33,7.45,7.31,36292,26791978.0,1.89,-1.21,-0.09,1.49
2022-03-15,002199,7.26,7.01,7.35,7.0,37524,27013249.0,4.77,-4.37,-0.32,1.54
2022-03-16,002199,7.06,7.21,7.25,6.9,29312,20788068.0,4.99,2.85,0.2,1.2
2022-03-17,002199,7.28,7.29,7.42,7.23,26171,19182176.0,2.64,1.11,0.08,1.08
2022-03-18,002199,7.21,7.44,7.46,7.21,31132,22982370.0,3.43,2.06,0.15,1.28
2022-03-21,002199,7.48,7.49,7.5,7.39,23287,17351637.0,1.48,0.67,0.05,0.96
2022-03-22,002199,7.49,7.49,7.62,7.41,24925,18704531.0,2.8,0.0,0.0,1.02
2022-03-23,002199,7.53,7.52,7.54,7.45,19895,14928339.0,1.2,0.4,0.03,0.82
2022-03-24,002199,7.49,7.4,7.49,7.39,22379,16613624.0,1.33,-1.6,-0.12,0.92
2022-03-25,002199,7.46,7.46,7.55,7.4,25884,19358152.0,2.03,0.81,0.06,1.06
2022-03-28,002199,7.41,7.41,7.48,7.31,20145,14886076.0,2.28,-0.67,-0.05,0.83
2022-03-29,002199,7.41,7.26,7.44,7.22,19408,14197101.0,2.97,-2.02,-0.15,0.8
2022-03-30,002199,7.22,7.3,7.36,7.21,19705,14390014.0,2.07,0.55,0.04,0.81
2022-03-31,002199,7.37,7.43,7.44,7.22,28375,20959382.0,3.01,1.78,0.13,1.17
2022-04-01,002199,7.34,7.37,7.48,7.34,21146,15629818.0,1.88,-0.81,-0.06,0.87
2022-04-06,002199,7.35,7.47,7.49,7.3,32834,24404285.0,2.58,1.36,0.1,1.35
2022-04-07,002199,7.46,7.26,7.46,7.25,26152,19179832.0,2.81,-2.81,-0.21,1.07
2022-04-08,002199,7.26,7.14,7.3,7.0,26221,18673385.0,4.13,-1.65,-0.12,1.08
2022-04-11,002199,7.09,6.94,7.13,6.91,24286,16996808.0,3.08,-2.8,-0.2,1.0
2022-04-12,002199,6.93,7.14,7.15,6.82,24599,17176231.0,4.76,2.88,0.2,1.01
2022-04-13,002199,7.13,7.04,7.15,7.0,18060,12747876.0,2.1,-1.4,-0.1,0.74
2022-04-14,002199,7.1,7.05,7.12,7.03,12446,8791020.0,1.28,0.14,0.01,0.51
2022-04-15,002199,7.03,6.98,7.06,6.92,18752,13114394.0,1.99,-0.99,-0.07,0.77
2022-04-18,002199,6.9,6.87,6.91,6.65,32449,22131414.0,3.72,-1.58,-0.11,1.33
2022-04-19,002199,6.83,6.84,6.88,6.73,31920,21759214.0,2.18,-0.44,-0.03,1.31
2022-04-20,002199,6.82,6.82,6.97,6.78,29565,20308472.0,2.78,-0.29,-0.02,1.21
2022-04-21,002199,6.82,6.7,6.85,6.68,28002,18952886.0,2.49,-1.76,-0.12,1.15
2022-04-22,002199,6.99,6.57,7.37,6.54,121776,85204897.0,12.39,-1.94,-0.13,5.0
2022-04-25,002199,5.91,5.91,5.91,5.91,33046,19530186.0,0.0,-10.05,-0.66,1.36
2022-04-26,002199,5.45,5.58,6.1,5.34,92622,51940382.0,12.86,-5.58,-0.33,3.8
2022-04-27,002199,5.41,5.7,5.72,5.3,60255,33417398.0,7.53,2.15,0.12,2.48
2022-04-28,002199,5.65,5.66,5.78,5.56,46862,26516568.0,3.86,-0.7,-0.04,1.92
2022-04-29,002199,5.66,5.78,5.83,5.63,42012,24116344.0,3.53,2.12,0.12,1.73
2022-05-05,002199,5.8,5.84,5.92,5.73,27064,15836686.0,3.29,1.04,0.06,1.11
2022-05-06,002199,5.71,5.78,5.85,5.61,17467,10072128.0,4.11,-1.03,-0.06,0.72
2022-05-09,002199,5.76,5.83,5.91,5.75,12578,7353725.0,2.77,0.87,0.05,0.52
2022-05-10,002199,5.8,5.92,5.92,5.73,21611,12701282.0,3.26,1.54,0.09,0.89
2022-05-11,002199,5.9,5.94,6.09,5.89,32667,19619356.0,3.38,0.34,0.02,1.34
2022-05-12,002199,5.95,5.97,6.06,5.88,23776,14170237.0,3.03,0.51,0.03,0.98
2022-05-13,002199,5.95,6.02,6.04,5.95,18670,11214962.0,1.51,0.84,0.05,0.77
2022-05-16,002199,6.02,6.08,6.17,6.02,21432,13046360.0,2.49,1.0,0.06,0.88
2022-05-17,002199,6.07,6.05,6.09,5.93,21665,13006871.0,2.63,-0.49,-0.03,0.89
2022-05-18,002199,6.08,6.17,6.24,6.02,22367,13769869.0,3.64,1.98,0.12,0.92
2022-05-19,002199,6.07,6.24,6.26,6.06,27054,16778496.0,3.24,1.13,0.07,1.11
2022-05-20,002199,6.24,6.33,6.37,6.21,26926,16967338.0,2.56,1.44,0.09,1.11
2022-05-23,002199,6.3,6.39,6.43,6.3,22230,14157290.0,2.05,0.95,0.06,0.91
2022-05-24,002199,6.38,6.13,6.46,6.12,25438,15971155.0,5.32,-4.07,-0.26,1.04
2022-05-25,002199,6.13,6.23,6.26,6.12,18671,11583641.0,2.28,1.63,0.1,0.77
2022-05-26,002199,6.23,6.28,6.35,6.09,22012,13729061.0,4.17,0.8,0.05,0.9
2022-05-27,002199,6.33,6.26,6.35,6.19,14105,8853617.0,2.55,-0.32,-0.02,0.58
2022-05-30,002199,6.25,6.26,6.33,6.22,13129,8217041.0,1.76,0.0,0.0,0.54
2022-05-31,002199,6.26,6.32,6.34,6.17,22541,14102955.0,2.72,0.96,0.06,0.93
2022-06-01,002199,6.35,6.45,6.51,6.28,25509,16431001.0,3.64,2.06,0.13,1.05
2022-06-02,002199,6.42,6.47,6.51,6.35,14614,9401213.0,2.48,0.31,0.02,0.6
2022-06-06,002199,6.53,6.54,6.57,6.47,16082,10500042.0,1.55,1.08,0.07,0.66
2022-06-07,002199,6.55,6.46,6.6,6.38,16002,10309235.0,3.36,-1.22,-0.08,0.66
2022-06-08,002199,6.48,6.38,6.48,6.27,22366,14260877.0,3.25,-1.24,-0.08,0.92
2022-06-09,002199,6.35,6.25,6.41,6.23,15605,9822780.0,2.82,-2.04,-0.13,0.64
2022-06-10,002199,6.24,6.34,6.36,6.14,13177,8312863.0,3.52,1.44,0.09,0.54
2022-06-13,002199,6.39,6.3,6.39,6.26,20740,13092227.0,2.05,-0.63,-0.04,0.85
2022-06-14,002199,6.26,6.29,6.3,6.12,17900,11112042.0,2.86,-0.16,-0.01,0.74
2022-06-15,002199,6.29,6.29,6.43,6.2,16068,10211778.0,3.66,0.0,0.0,0.66
2022-06-16,002199,6.28,6.38,6.42,6.27,18489,11804103.0,2.38,1.43,0.09,0.76
2022-06-17,002199,6.33,6.32,6.39,6.26,20655,13055446.0,2.04,-0.94,-0.06,0.85
2022-06-20,002199,6.33,6.42,6.43,6.32,16961,10820795.0,1.74,1.58,0.1,0.7
2022-06-21,002199,6.48,6.44,6.48,6.35,17478,11219169.0,2.02,0.31,0.02,0.72
2022-06-22,002199,6.45,6.36,6.47,6.34,14170,9070379.0,2.02,-1.24,-0.08,0.58
2022-06-23,002199,6.37,6.55,6.56,6.36,22897,14854771.0,3.14,2.99,0.19,0.94
2022-06-24,002199,6.55,6.57,6.64,6.53,22230,14639869.0,1.68,0.31,0.02,0.91
2022-06-27,002199,6.6,6.62,6.65,6.54,14199,9369687.0,1.67,0.76,0.05,0.58
2022-06-28,002199,6.65,6.83,6.86,6.58,29168,19743779.0,4.23,3.17,0.21,1.2
2022-06-29,002199,6.8,6.72,6.9,6.7,25302,17185683.0,2.93,-1.61,-0.11,1.04
2022-06-30,002199,6.75,6.74,6.86,6.69,18201,12305945.0,2.53,0.3,0.02,0.75
2022-07-01,002199,6.74,6.69,6.79,6.65,15606,10481155.0,2.08,-0.74,-0.05,0.64
2022-07-04,002199,6.69,6.69,6.78,6.58,15673,10472998.0,2.99,0.0,0.0,0.64
2022-07-05,002199,6.69,6.58,6.77,6.49,19547,12841401.0,4.19,-1.64,-0.11,0.8
2022-07-06,002199,6.59,6.56,6.69,6.49,16109,10595455.0,3.04,-0.3,-0.02,0.66
2022-07-07,002199,6.57,6.68,6.68,6.53,24625,16251327.0,2.29,1.83,0.12,1.01
2022-07-08,002199,6.68,6.65,6.81,6.62,23193,15566793.0,2.84,-0.45,-0.03,0.95
2022-07-11,002199,6.65,6.54,6.67,6.49,13659,8955120.0,2.71,-1.65,-0.11,0.56
2022-07-12,002199,6.54,6.58,6.72,6.41,29332,19336068.0,4.74,0.61,0.04,1.2
2022-07-13,002199,6.5,6.78,6.81,6.5,35579,23910279.54,4.71,3.04,0.2,1.46
2022-07-14,002199,6.83,6.86,6.88,6.72,23747,16102873.14,2.36,1.18,0.08,0.98
2022-07-15,002199,6.86,6.33,6.86,6.32,59885,38779106.8,7.87,-7.73,-0.53,2.46
2022-07-18,002199,6.3,6.67,6.7,6.28,44265,29112362.5,6.64,5.37,0.34,1.82
2022-07-19,002199,6.69,6.82,6.83,6.65,29273,19753874.5,2.7,2.25,0.15,1.2
2022-07-20,002199,6.87,6.95,7.0,6.78,33031,22892491.0,3.23,1.91,0.13,1.36
2022-07-21,002199,6.95,7.1,7.12,6.91,42734,30153459.04,3.02,2.16,0.15,1.76
2022-07-22,002199,7.05,7.1,7.14,6.96,32321,22769833.02,2.54,0.0,0.0,1.33
2022-07-25,002199,7.1,7.16,7.2,7.0,32861,23443844.0,2.82,0.85,0.06,1.35
2022-07-26,002199,7.11,7.26,7.27,7.1,27457,19715616.56,2.37,1.4,0.1,1.13
2022-07-27,002199,7.26,7.99,7.99,7.17,96385,74942689.53,11.29,10.06,0.73,3.96
2022-07-28,002199,8.5,8.79,8.79,8.4,298518,260353349.73,4.88,10.01,0.8,12.26
2022-07-29,002199,9.67,8.16,9.67,8.09,558932,498939616.03,17.97,-7.17,-0.63,22.96
2022-08-01,002199,7.92,7.6,7.95,7.59,362672,279596859.68,4.41,-6.86,-0.56,14.9
2022-08-02,002199,7.46,7.11,7.48,7.11,224335,162730623.04,4.87,-6.45,-0.49,9.22
2022-08-03,002199,7.11,7.21,7.32,7.07,173066,124648490.52,3.52,1.41,0.1,7.11
2022-08-04,002199,7.19,7.39,7.44,7.08,170711,124322812.61,4.99,2.5,0.18,7.01
2022-08-05,002199,7.24,7.62,7.89,7.24,254259,194072143.61,8.8,3.11,0.23,10.44
2022-08-08,002199,7.55,7.59,7.6,7.35,163250,122156873.52,3.28,-0.39,-0.03,6.71
2022-08-09,002199,7.5,7.49,7.55,7.37,117614,87528454.98,2.37,-1.32,-0.1,4.83
2022-08-10,002199,7.39,7.64,7.74,7.38,143682,109374419.11,4.81,2.0,0.15,5.9
2022-08-11,002199,7.57,8.4,8.4,7.57,145304,119539349.5,10.86,9.95,0.76,5.97
2022-08-12,002199,8.68,9.24,9.24,8.11,523700,453880006.21,13.45,10.0,0.84,21.51
2022-08-15,002199,9.0,10.16,10.16,8.81,536855,510483498.04,14.61,9.96,0.92,22.05
2022-08-16,002199,9.52,9.76,10.95,9.32,614861,618059270.35,16.04,-3.94,-0.4,25.26
2022-08-17,002199,9.8,9.01,9.96,8.99,414160,386151400.25,9.94,-7.68,-0.75,17.01
2022-08-18,002199,8.95,9.91,9.91,8.85,462610,449725836.4,11.76,9.99,0.9,19.0
2022-08-19,002199,9.92,10.05,10.67,9.91,635997,652521677.59,7.67,1.41,0.14,26.13
2022-08-22,002199,9.76,10.25,10.37,9.4,407306,399581360.23,9.65,1.99,0.2,16.73
2022-08-23,002199,9.97,9.85,10.84,9.8,365884,372529967.3,10.15,-3.9,-0.4,15.03
2022-08-24,002199,10.11,10.36,10.8,9.92,434104,445725518.91,8.93,5.18,0.51,17.83
2022-08-25,002199,9.8,9.32,9.89,9.32,324490,306956348.39,5.5,-10.04,-1.04,13.33
2022-08-26,002199,8.8,8.39,8.9,8.39,218219,185121476.33,5.47,-9.98,-0.93,8.96
2022-08-29,002199,7.82,7.77,7.95,7.55,254745,198364737.58,4.77,-7.39,-0.62,10.46
2022-08-30,002199,7.8,7.8,7.92,7.66,171149,133399597.55,3.35,0.39,0.03,7.03
2022-08-31,002199,7.81,7.28,7.85,7.28,177491,132339014.36,7.31,-6.67,-0.52,7.29
2022-09-01,002199,7.28,7.29,7.49,7.27,103699,76207044.72,3.02,0.14,0.01,4.26
2022-09-02,002199,7.29,7.57,7.65,7.26,156071,117231120.41,5.35,3.84,0.28,6.41
2022-09-05,002199,7.66,7.59,7.78,7.4,112665,85731877.6,5.02,0.26,0.02,4.63
2022-09-06,002199,7.67,7.68,7.7,7.44,109452,83052550.0,3.43,1.19,0.09,4.5
2022-09-07,002199,7.67,7.92,7.94,7.64,158932,124417651.8,3.91,3.13,0.24,6.53
2022-09-08,002199,7.93,7.7,7.96,7.69,111366,86468442.76,3.41,-2.78,-0.22,4.57
2022-09-09,002199,7.72,7.55,7.75,7.49,80188,60542586.6,3.38,-1.95,-0.15,3.29
2022-09-13,002199,7.6,7.62,7.74,7.49,81615,62004711.3,3.31,0.93,0.07,3.35
2022-09-14,002199,7.49,7.57,7.57,7.38,66750,49873940.0,2.49,-0.66,-0.05,2.74
2022-09-15,002199,7.6,7.21,7.62,7.11,99076,71943473.0,6.74,-4.76,-0.36,4.07
2022-09-16,002199,7.21,6.98,7.26,6.97,72209,51360632.0,4.02,-3.19,-0.23,2.97
2022-09-19,002199,7.02,6.83,7.04,6.77,72905,49986581.83,3.87,-2.15,-0.15,2.99
2022-09-20,002199,6.9,7.02,7.02,6.88,58936,41068121.0,2.05,2.78,0.19,2.42
2022-09-21,002199,7.03,7.03,7.09,6.87,48302,33754797.97,3.13,0.14,0.01,1.98
2022-09-22,002199,7.01,7.03,7.11,6.88,46743,32983327.0,3.27,0.0,0.0,1.92
2022-09-23,002199,7.1,6.75,7.14,6.7,67141,45952149.0,6.26,-3.98,-0.28,2.76
2022-09-26,002199,6.75,6.56,6.78,6.53,49453,32773903.0,3.7,-2.81,-0.19,2.03
2022-09-27,002199,6.56,6.75,6.78,6.53,53064,35487613.0,3.81,2.9,0.19,2.18
2022-09-28,002199,6.83,6.48,6.83,6.47,50793,33522305.0,5.33,-4.0,-0.27,2.09
2022-09-29,002199,6.59,6.38,6.64,6.33,41515,26801415.0,4.78,-1.54,-0.1,1.71
2022-09-30,002199,6.41,6.3,6.46,6.26,38259,24303110.0,3.13,-1.25,-0.08,1.57
2022-10-10,002199,6.3,6.16,6.35,6.07,42702,26554374.0,4.44,-2.22,-0.14,1.75
2022-10-11,002199,6.16,6.27,6.33,6.08,43398,26928637.0,4.06,1.79,0.11,1.78
2022-10-12,002199,6.28,6.5,6.5,6.24,49710,31650240.0,4.15,3.67,0.23,2.04
2022-10-13,002199,6.5,6.58,6.67,6.4,46141,30365849.5,4.15,1.23,0.08,1.9
2022-10-14,002199,6.7,6.74,6.8,6.6,49250,33088753.76,3.04,2.43,0.16,2.02
2022-10-17,002199,6.74,6.88,6.88,6.7,44239,30147379.44,2.67,2.08,0.14,1.82
2022-10-18,002199,6.89,6.91,6.95,6.78,41735,28680117.0,2.47,0.44,0.03,1.71
2022-10-19,002199,6.9,6.81,6.95,6.79,33747,23142816.0,2.32,-1.45,-0.1,1.39
2022-10-20,002199,6.79,6.89,6.99,6.66,58532,40234036.82,4.85,1.17,0.08,2.4
2022-10-21,002199,6.92,6.88,6.98,6.73,48098,33044656.0,3.63,-0.15,-0.01,1.98
2022-10-24,002199,6.88,6.85,7.09,6.79,48699,33829528.27,4.36,-0.44,-0.03,2.0
2022-10-25,002199,6.8,6.76,6.94,6.64,37208,25107476.04,4.38,-1.31,-0.09,1.53
2022-10-26,002199,6.83,6.96,6.99,6.76,48445,33537120.37,3.4,2.96,0.2,1.99
2022-10-27,002199,6.93,6.94,7.1,6.81,52096,36536082.0,4.17,-0.29,-0.02,2.14
2022-10-28,002199,6.89,6.5,6.99,6.5,57783,38968908.0,7.06,-6.34,-0.44,2.37
2022-10-31,002199,6.48,6.69,6.95,6.45,48087,32138369.31,7.69,2.92,0.19,1.98
2022-11-01,002199,6.66,6.83,6.87,6.63,41925,28375535.0,3.59,2.09,0.14,1.72
2022-11-02,002199,6.9,6.95,7.08,6.85,47204,32909640.0,3.37,1.76,0.12,1.94
2022-11-03,002199,6.92,7.08,7.15,6.9,54385,38126888.0,3.6,1.87,0.13,2.23
2022-11-04,002199,7.04,7.1,7.12,7.0,48608,34401874.62,1.69,0.28,0.02,2.0
2022-11-07,002199,7.08,7.24,7.26,7.08,47188,33939121.92,2.54,1.97,0.14,1.94
2022-11-08,002199,7.3,7.17,7.3,7.12,33847,24250845.0,2.49,-0.97,-0.07,1.39
2022-11-09,002199,7.17,7.12,7.18,7.1,26330,18797453.5,1.12,-0.7,-0.05,1.08
2022-11-10,002199,7.06,7.17,7.23,7.05,51707,36970118.0,2.53,0.7,0.05,2.12
2022-11-11,002199,7.25,7.08,7.3,7.06,48047,34507278.2,3.35,-1.26,-0.09,1.97
2022-11-14,002199,7.08,7.03,7.16,6.98,36589,25815597.0,2.54,-0.71,-0.05,1.5
2022-11-15,002199,7.0,7.33,7.37,7.0,72825,52847638.27,5.26,4.27,0.3,2.99
2022-11-16,002199,7.35,7.35,7.47,7.28,59676,43898047.0,2.59,0.27,0.02,2.45
2022-11-17,002199,7.33,7.44,7.44,7.16,54619,39902906.0,3.81,1.22,0.09,2.24
2022-11-18,002199,7.46,7.18,7.54,7.16,62316,45394184.0,5.11,-3.49,-0.26,2.56
2022-11-21,002199,7.19,7.15,7.22,7.05,36601,26062288.0,2.37,-0.42,-0.03,1.5
2022-11-22,002199,7.16,7.13,7.47,7.07,93806,68174288.0,5.59,-0.28,-0.02,3.85
2022-11-23,002199,7.07,7.01,7.1,6.77,80732,56048541.11,4.63,-1.68,-0.12,3.32
2022-11-24,002199,7.0,6.96,7.11,6.95,35515,24898469.0,2.28,-0.71,-0.05,1.46
2022-11-25,002199,6.92,6.82,7.03,6.81,38429,26423682.83,3.16,-2.01,-0.14,1.58
2022-11-28,002199,6.75,6.85,6.86,6.68,38319,26054406.0,2.64,0.44,0.03,1.57
2022-11-29,002199,6.85,6.99,7.01,6.82,39736,27535065.38,2.77,2.04,0.14,1.63
2022-11-30,002199,6.99,7.09,7.12,6.93,48156,33919373.0,2.72,1.43,0.1,1.98
2022-12-01,002199,7.13,7.08,7.23,7.05,39295,28053209.15,2.54,-0.14,-0.01,1.61
2022-12-02,002199,7.14,7.16,7.23,7.04,41718,29844127.17,2.68,1.13,0.08,1.71
2022-12-05,002199,7.18,7.3,7.41,7.15,77523,56473971.95,3.63,1.96,0.14,3.18
2022-12-06,002199,7.25,7.27,7.44,7.2,64992,47318339.75,3.29,-0.41,-0.03,2.67
2022-12-07,002199,7.27,7.16,7.27,7.1,54339,38976761.0,2.34,-1.51,-0.11,2.23
2022-12-08,002199,7.18,7.11,7.19,7.02,35182,24988982.0,2.37,-0.7,-0.05,1.45
2022-12-09,002199,7.1,7.08,7.17,7.03,27643,19559299.05,1.97,-0.42,-0.03,1.14
2022-12-12,002199,7.04,7.12,7.15,6.94,40692,28739398.36,2.97,0.56,0.04,1.67
2022-12-13,002199,7.16,7.05,7.16,7.03,31610,22389169.0,1.83,-0.98,-0.07,1.3
2022-12-14,002199,7.23,7.15,7.43,7.15,92821,67459631.23,3.97,1.42,0.1,3.81
2022-12-15,002199,7.08,7.39,7.44,7.02,152010,111607160.0,5.87,3.36,0.24,6.24
2022-12-16,002199,7.31,7.15,7.37,7.1,81365,58587343.0,3.65,-3.25,-0.24,3.34
2022-12-19,002199,7.12,6.83,7.16,6.79,66836,46237572.68,5.17,-4.48,-0.32,2.75
2022-12-20,002199,6.83,6.89,7.02,6.78,46034,31750549.91,3.51,0.88,0.06,1.89
2022-12-21,002199,6.87,6.7,6.9,6.66,42104,28481117.0,3.48,-2.76,-0.19,1.73
2022-12-22,002199,6.77,6.52,6.8,6.48,49232,32559261.0,4.78,-2.69,-0.18,2.02
2022-12-23,002199,6.49,6.47,6.57,5.9,51221,33122040.0,10.28,-0.77,-0.05,2.1
2022-12-26,002199,6.49,6.75,6.76,6.49,66271,44285800.0,4.17,4.33,0.28,2.72
2022-12-27,002199,6.8,6.61,6.8,6.5,49137,32543564.0,4.44,-2.07,-0.14,2.02
2022-12-28,002199,6.62,6.35,6.62,6.32,41826,26817305.0,4.54,-3.93,-0.26,1.72
2022-12-29,002199,6.47,6.29,6.47,6.28,35562,22502466.0,2.99,-0.94,-0.06,1.46
2022-12-30,002199,6.36,6.39,6.43,6.28,38684,24640014.0,2.38,1.59,0.1,1.59
2023-01-03,002199,6.37,6.82,6.87,6.37,69816,46629084.0,7.82,6.73,0.43,2.87
2023-01-04,002199,6.85,6.86,6.97,6.8,51455,35481001.0,2.49,0.59,0.04,2.11
2023-01-05,002199,6.85,6.77,6.92,6.74,40213,27339242.56,2.62,-1.31,-0.09,1.65
2023-01-06,002199,6.7,6.69,6.85,6.68,37651,25472294.5,2.51,-1.18,-0.08,1.55
2023-01-09,002199,6.75,6.73,6.8,6.67,23118,15545311.0,1.94,0.6,0.04,0.95
2023-01-10,002199,6.72,6.7,6.83,6.68,37271,25129987.01,2.23,-0.45,-0.03,1.53
2023-01-11,002199,6.74,6.66,6.92,6.62,42187,28494616.52,4.48,-0.6,-0.04,1.73
2023-01-12,002199,6.66,6.7,6.75,6.56,29114,19455788.47,2.85,0.6,0.04,1.2
2023-01-13,002199,6.74,6.61,6.74,6.52,36515,24153026.5,3.28,-1.34,-0.09,1.5
2023-01-16,002199,6.63,6.79,6.81,6.56,36956,24876193.0,3.78,2.72,0.18,1.52
2023-01-17,002199,6.8,6.89,6.95,6.74,29610,20357470.0,3.09,1.47,0.1,1.22
2023-01-18,002199,6.94,7.09,7.13,6.85,46131,32508079.0,4.06,2.9,0.2,1.89
2023-01-19,002199,7.09,7.29,7.32,7.05,63199,45695975.24,3.81,2.82,0.2,2.6
2023-01-20,002199,7.2,7.16,7.29,7.1,56004,40215306.0,2.61,-1.78,-0.13,2.3
2023-01-30,002199,7.17,7.31,7.37,7.16,55059,40036374.0,2.93,2.09,0.15,2.26
2023-01-31,002199,7.34,7.63,7.7,7.28,117143,88070015.3,5.75,4.38,0.32,4.81
2023-02-01,002199,7.6,7.84,8.34,7.5,214095,168248901.1,11.01,2.75,0.21,8.79
2023-02-02,002199,7.83,7.71,7.9,7.65,150484,116634288.76,3.19,-1.66,-0.13,6.18
2023-02-03,002199,7.68,7.95,8.48,7.68,317593,255632999.99,10.38,3.11,0.24,13.05
2023-02-06,002199,7.87,7.86,7.98,7.79,215349,169518521.02,2.39,-1.13,-0.09,8.85
2023-02-07,002199,7.84,7.8,7.91,7.67,106951,83057299.78,3.05,-0.76,-0.06,4.39
2023-02-08,002199,7.85,7.8,8.14,7.74,105828,83682225.98,5.13,0.0,0.0,4.35
2023-02-09,002199,7.75,7.96,8.07,7.75,104523,82877654.0,4.1,2.05,0.16,4.29
2023-02-10,002199,7.9,7.95,8.14,7.88,86949,69655379.2,3.27,-0.13,-0.01,3.57
2023-02-13,002199,8.0,7.9,8.0,7.83,67549,53166072.0,2.14,-0.63,-0.05,2.77
2023-02-14,002199,7.91,7.88,7.98,7.84,40459,31943203.53,1.77,-0.25,-0.02,1.66
2023-02-15,002199,7.83,7.91,7.95,7.82,39257,31012612.5,1.65,0.38,0.03,1.61
2023-02-16,002199,7.94,7.66,7.95,7.58,60556,47139827.0,4.68,-3.16,-0.25,2.49
2023-02-17,002199,7.63,7.63,7.73,7.59,37537,28749951.3,1.83,-0.39,-0.03,1.54
2023-02-20,002199,7.63,7.63,7.66,7.5,38328,28982476.0,2.1,0.0,0.0,1.57
2023-02-21,002199,7.67,7.69,7.8,7.62,38962,29982520.57,2.36,0.79,0.06,1.6
2023-02-22,002199,7.69,7.69,7.73,7.59,35598,27304969.0,1.82,0.0,0.0,1.46
2023-02-23,002199,7.69,7.63,7.76,7.59,25581,19599258.0,2.21,-0.78,-0.06,1.05
2023-02-24,002199,7.65,7.62,7.69,7.53,24579,18655513.1,2.1,-0.13,-0.01,1.01
2023-02-27,002199,7.58,7.52,7.65,7.42,34633,26074456.62,3.02,-1.31,-0.1,1.42
2023-02-28,002199,7.53,7.59,7.68,7.5,23080,17471676.7,2.39,0.93,0.07,0.95
2023-03-01,002199,7.56,7.82,7.84,7.55,41325,31981670.44,3.82,3.03,0.23,1.7
2023-03-02,002199,7.89,7.79,7.91,7.74,30081,23509257.52,2.17,-0.38,-0.03,1.24
2023-03-03,002199,7.83,7.79,7.94,7.76,35722,28028072.8,2.31,0.0,0.0,1.47
2023-03-06,002199,7.8,7.8,7.91,7.75,28501,22260201.0,2.05,0.13,0.01,1.17
2023-03-07,002199,7.81,7.57,7.82,7.54,32605,24954399.0,3.59,-2.95,-0.23,1.34
2023-03-08,002199,7.59,7.83,7.83,7.53,53816,41632484.0,3.96,3.43,0.26,2.21
2023-03-09,002199,7.83,7.79,7.83,7.67,30289,23471393.0,2.04,-0.51,-0.04,1.24
2023-03-10,002199,7.78,7.73,7.84,7.66,32235,24985966.0,2.31,-0.77,-0.06,1.32
2023-03-13,002199,7.69,7.6,7.77,7.5,33946,25772704.0,3.49,-1.68,-0.13,1.39
2023-03-14,002199,7.66,7.44,7.66,7.32,39896,29629814.0,4.47,-2.11,-0.16,1.64
2023-03-15,002199,7.44,7.63,7.76,7.44,47133,36121740.0,4.3,2.55,0.19,1.94
2023-03-16,002199,7.64,7.4,7.64,7.38,36839,27503693.0,3.41,-3.01,-0.23,1.51
2023-03-17,002199,7.48,7.56,7.65,7.41,30526,23080497.0,3.24,2.16,0.16,1.25
2023-03-20,002199,7.62,7.55,7.66,7.5,35936,27224804.0,2.12,-0.13,-0.01,1.48
2023-03-21,002199,7.55,7.72,7.75,7.53,26415,20255713.69,2.91,2.25,0.17,1.09
2023-03-22,002199,7.8,7.84,7.85,7.69,41467,32312215.3,2.07,1.55,0.12,1.7
2023-03-23,002199,7.83,7.87,7.95,7.77,40693,32017060.0,2.3,0.38,0.03,1.67
2023-03-24,002199,7.9,7.97,8.02,7.87,51985,41349945.0,1.91,1.27,0.1,2.14
2023-03-27,002199,8.07,7.94,8.07,7.86,40387,32122180.0,2.63,-0.38,-0.03,1.66
2023-03-28,002199,7.99,7.77,8.0,7.75,30766,24029061.0,3.15,-2.14,-0.17,1.26
2023-03-29,002199,7.81,7.82,7.87,7.68,25431,19777383.0,2.45,0.64,0.05,1.04
2023-03-30,002199,7.87,7.59,7.92,7.47,115328,89022221.26,5.75,-2.94,-0.23,4.74
2023-03-31,002199,7.62,7.67,7.7,7.42,69775,52846502.16,3.69,1.05,0.08,2.87
2023-04-03,002199,7.63,7.59,7.82,7.59,108496,83364078.07,3.0,-1.04,-0.08,4.46
2023-04-04,002199,7.63,7.24,7.63,7.2,82999,60940148.27,5.67,-4.61,-0.35,3.41
2023-04-06,002199,7.27,7.33,7.37,7.2,41082,29937852.72,2.35,1.24,0.09,1.69
2023-04-07,002199,7.31,7.28,7.33,7.19,34341,24887771.0,1.91,-0.68,-0.05,1.41
2023-04-10,002199,7.28,7.22,7.43,7.2,52326,38251648.0,3.16,-0.82,-0.06,2.15
2023-04-11,002199,7.15,7.12,7.26,7.12,32048,22977359.0,1.94,-1.39,-0.1,1.32
2023-04-12,002199,7.17,7.26,7.26,7.11,34686,24923249.0,2.11,1.97,0.14,1.42
2023-04-13,002199,7.27,7.06,7.28,7.05,40897,29093190.0,3.17,-2.75,-0.2,1.68
2023-04-14,002199,7.09,6.97,7.1,6.9,31260,21831770.0,2.83,-1.27,-0.09,1.28
2023-04-17,002199,6.97,7.01,7.07,6.87,34653,24227012.0,2.87,0.57,0.04,1.42
2023-04-18,002199,6.97,6.81,7.01,6.79,28098,19205381.0,3.14,-2.85,-0.2,1.15
2023-04-19,002199,6.82,7.03,7.22,6.78,67075,47055462.95,6.46,3.23,0.22,2.76
2023-04-20,002199,6.95,7.19,7.19,6.79,69153,48122323.0,5.69,2.28,0.16,2.84
2023-04-21,002199,7.19,6.7,7.48,6.68,167916,117246991.44,11.13,-6.82,-0.49,6.9
2023-04-24,002199,6.54,6.79,6.89,6.53,103042,69425695.0,5.37,1.34,0.09,4.23
2023-04-25,002199,6.71,6.52,6.8,6.41,70515,46449459.57,5.74,-3.98,-0.27,2.9
2023-04-26,002199,6.52,6.47,6.63,6.41,40875,26647069.0,3.37,-0.77,-0.05,1.68
2023-04-27,002199,6.43,6.44,6.56,6.39,35244,22810612.71,2.63,-0.46,-0.03,1.45
2023-04-28,002199,6.41,6.7,6.7,6.41,36102,23908100.0,4.5,4.04,0.26,1.48
2023-05-04,002199,6.67,6.69,6.82,6.64,30615,20539611.0,2.69,-0.15,-0.01,1.26
2023-05-05,002199,6.73,6.71,6.75,6.64,25597,17129644.97,1.64,0.3,0.02,1.05
2023-05-08,002199,6.72,6.76,6.78,6.69,31818,21426988.0,1.34,0.75,0.05,1.31
2023-05-09,002199,6.8,6.64,6.8,6.61,34033,22706436.0,2.81,-1.78,-0.12,1.4
2023-05-10,002199,6.64,6.65,6.68,6.56,19784,13087299.2,1.81,0.15,0.01,0.81
2023-05-11,002199,6.67,6.76,6.78,6.59,28342,18988843.96,2.86,1.65,0.11,1.16
2023-05-12,002199,6.8,6.67,6.8,6.65,24980,16768379.0,2.22,-1.33,-0.09,1.03
2023-05-15,002199,6.66,6.68,6.69,6.55,24587,16277855.55,2.1,0.15,0.01,1.01
2023-05-16,002199,6.69,6.64,6.69,6.58,23034,15277330.0,1.65,-0.6,-0.04,0.95
2023-05-17,002199,6.63,6.84,6.85,6.58,38836,26298952.5,4.07,3.01,0.2,1.6
2023-05-18,002199,6.86,7.11,7.12,6.78,49214,34532744.0,4.97,3.95,0.27,2.02
2023-05-19,002199,7.15,7.33,7.42,7.11,73148,53501280.67,4.36,3.09,0.22,3.0
2023-05-22,002199,7.33,7.44,7.54,7.31,63700,47409772.2,3.14,1.5,0.11,2.62
2023-05-23,002199,7.42,7.39,7.46,7.3,41014,30311461.08,2.15,-0.67,-0.05,1.68
2023-05-24,002199,7.36,7.31,7.38,7.19,40067,29177845.5,2.57,-1.08,-0.08,1.65
2023-05-25,002199,7.32,7.32,7.37,7.2,35415,25779133.0,2.33,0.14,0.01,1.45
2023-05-26,002199,7.35,7.38,7.43,7.27,22021,16216130.36,2.19,0.82,0.06,0.9
2023-05-29,002199,7.42,7.36,7.44,7.32,23094,17070063.0,1.63,-0.27,-0.02,0.95
2023-05-30,002199,7.36,7.4,7.41,7.27,27133,19955706.0,1.9,0.54,0.04,1.11
2023-05-31,002199,7.43,7.48,7.56,7.36,30481,22772706.0,2.7,1.08,0.08,1.25
2023-06-01,002199,7.48,7.43,7.48,7.32,29612,21913165.0,2.14,-0.67,-0.05,1.22
2023-06-02,002199,7.43,7.46,7.51,7.38,23921,17847728.0,1.75,0.4,0.03,0.98
2023-06-05,002199,7.5,7.55,7.7,7.42,43591,32979742.0,3.75,1.21,0.09,1.79
2023-06-06,002199,7.49,7.31,7.54,7.3,26914,19902422.0,3.18,-3.18,-0.24,1.11
2023-06-07,002199,7.39,7.47,7.5,7.27,36493,27152197.0,3.15,2.19,0.16,1.5
2023-06-08,002199,7.45,7.28,7.5,7.25,30053,21993548.0,3.35,-2.54,-0.19,1.23
2023-06-09,002199,7.29,7.27,7.34,7.21,22869,16613638.0,1.79,-0.14,-0.01,0.94
2023-06-12,002199,7.35,7.4,7.45,7.24,34110,25134268.0,2.89,1.79,0.13,1.4
2023-06-13,002199,7.4,7.43,7.45,7.31,27515,20324155.0,1.89,0.41,0.03,1.13
2023-06-14,002199,7.47,7.34,7.47,7.3,25390,18656822.0,2.29,-1.21,-0.09,1.04
2023-06-15,002199,7.25,7.18,7.33,7.14,26014,18795937.17,2.59,-2.18,-0.16,1.07
2023-06-16,002199,7.21,7.52,7.9,7.12,155777,117454799.57,10.86,4.74,0.34,6.4
2023-06-19,002199,7.44,7.64,7.69,7.3,164124,123725803.02,5.19,1.6,0.12,6.74
2023-06-20,002199,7.61,7.61,7.7,7.5,72281,54978126.0,2.62,-0.39,-0.03,2.97
2023-06-21,002199,7.6,8.37,8.37,7.35,155498,124216004.15,13.4,9.99,0.76,6.39
2023-06-26,002199,9.21,9.21,9.21,8.46,476686,425463215.51,8.96,10.04,0.84,19.58
2023-06-27,002199,9.23,10.13,10.13,9.22,721633,706538532.61,9.88,9.99,0.92,29.64
2023-06-28,002199,9.17,9.12,9.59,9.12,560791,517744100.71,4.64,-9.97,-1.01,23.04
2023-06-29,002199,8.41,8.51,8.87,8.25,522614,443176981.43,6.8,-6.69,-0.61,21.47
2023-06-30,002199,8.32,8.51,8.69,8.22,367801,311418462.93,5.52,0.0,0.0,15.11
2023-07-03,002199,8.51,8.59,8.95,8.44,403261,349683749.18,5.99,0.94,0.08,16.56
2023-07-04,002199,8.7,8.52,8.73,8.41,304916,260779204.08,3.73,-0.81,-0.07,12.53
2023-07-05,002199,8.44,8.85,9.08,8.29,468294,408641403.41,9.27,3.87,0.33,19.24
2023-07-06,002199,8.65,8.79,9.04,8.52,346449,305881736.73,5.88,-0.68,-0.06,14.23
2023-07-07,002199,8.65,9.03,9.46,8.46,383561,341278715.31,11.38,2.73,0.24,15.76
2023-07-10,002199,9.06,8.7,9.16,8.62,241588,212334513.1,5.98,-3.65,-0.33,9.92
2023-07-11,002199,8.62,9.57,9.57,8.55,193203,180351834.92,11.72,10.0,0.87,7.94
2023-07-12,002199,9.64,9.26,9.82,9.23,429640,407906701.77,6.17,-3.24,-0.31,17.65
2023-07-13,002199,9.12,10.19,10.19,8.95,272791,266816437.34,13.39,10.04,0.93,11.21
2023-07-14,002199,10.65,11.21,11.21,10.49,234399,255907750.03,7.07,10.01,1.02,9.63
2023-07-17,002199,10.97,10.5,11.46,10.17,590304,635451049.85,11.51,-6.33,-0.71,24.25
2023-07-18,002199,10.35,10.17,11.29,9.78,457852,479530156.92,14.38,-3.14,-0.33,18.81
2023-07-19,002199,9.97,9.55,10.06,9.54,356668,346746374.53,5.11,-6.1,-0.62,14.65
2023-07-20,002199,9.59,8.92,9.63,8.89,307722,282454452.48,7.75,-6.6,-0.63,12.64
2023-07-21,002199,8.72,8.45,8.93,8.44,246558,212592299.32,5.49,-5.27,-0.47,10.13
2023-07-24,002199,8.36,8.45,8.51,8.27,128171,107878123.5,2.84,0.0,0.0,5.26
2023-07-25,002199,8.44,8.73,8.97,8.43,249557,216822216.69,6.39,3.31,0.28,10.25
2023-07-26,002199,8.69,8.48,8.69,8.44,142214,121198245.04,2.86,-2.86,-0.25,5.84
2023-07-27,002199,8.45,8.28,8.55,8.26,111771,93378857.0,3.42,-2.36,-0.2,4.59
2023-07-28,002199,8.24,8.2,8.34,8.13,84179,69239668.0,2.54,-0.97,-0.08,3.46
2023-07-31,002199,8.28,8.19,8.28,8.16,87680,71823544.15,1.46,-0.12,-0.01,3.6
2023-08-01,002199,8.2,8.2,8.25,8.06,91019,74080522.0,2.32,0.12,0.01,3.74
2023-08-02,002199,8.16,8.23,8.28,8.13,82054,67435082.0,1.83,0.37,0.03,3.37
2023-08-03,002199,8.16,8.11,8.21,8.06,86278,69992227.0,1.82,-1.46,-0.12,3.54
2023-08-04,002199,8.12,8.24,8.3,8.11,110585,90920494.85,2.34,1.6,0.13,4.54
2023-08-07,002199,8.22,8.42,8.44,8.22,143466,120228756.9,2.67,2.18,0.18,5.89
2023-08-08,002199,8.41,8.29,8.48,8.27,92176,76941324.0,2.49,-1.54,-0.13,3.79
2023-08-09,002199,8.24,8.18,8.33,8.16,63502,52144269.0,2.05,-1.33,-0.11,2.61
2023-08-10,002199,8.15,8.19,8.26,8.14,44855,36779222.0,1.47,0.12,0.01,1.84
2023-08-11,002199,8.22,8.1,8.27,8.09,59554,48660178.0,2.2,-1.1,-0.09,2.45
2023-08-14,002199,8.0,8.24,8.24,7.71,66834,54502790.0,6.54,1.73,0.14,2.75
2023-08-15,002199,8.26,8.12,8.28,8.09,50425,41179073.09,2.31,-1.46,-0.12,2.07
2023-08-16,002199,8.08,7.95,8.11,7.93,53915,43099926.0,2.22,-2.09,-0.17,2.21
2023-08-17,002199,7.98,8.15,8.23,7.84,65191,52602130.0,4.91,2.52,0.2,2.68
2023-08-18,002199,8.16,8.02,8.29,8.02,51367,41778679.0,3.31,-1.6,-0.13,2.11
2023-08-21,002199,8.02,7.96,8.12,7.96,46152,37063676.0,2.0,-0.75,-0.06,1.9
2023-08-22,002199,8.04,7.96,8.08,7.8,62468,49373043.0,3.52,0.0,0.0,2.57
2023-08-23,002199,7.98,7.83,7.98,7.79,42586,33462785.0,2.39,-1.63,-0.13,1.75
2023-08-24,002199,7.81,7.88,8.0,7.71,47962,37737573.0,3.7,0.64,0.05,1.97
2023-08-25,002199,7.83,7.53,7.88,7.5,61420,46805857.32,4.82,-4.44,-0.35,2.52
2023-08-28,002199,7.89,7.57,7.95,7.57,56792,43844068.32,5.05,0.53,0.04,2.33
2023-08-29,002199,7.51,8.01,8.05,7.5,90126,71248224.0,7.27,5.81,0.44,3.7
2023-08-30,002199,8.18,8.24,8.38,8.14,103931,85708765.04,3.0,2.87,0.23,4.27
2023-08-31,002199,8.2,8.21,8.28,8.1,63595,52209224.0,2.18,-0.36,-0.03,2.61
2023-09-01,002199,8.26,8.35,8.7,8.11,190301,159248366.6,7.19,1.71,0.14,7.82
2023-09-04,002199,8.36,8.44,8.5,8.23,173896,145261460.0,3.23,1.08,0.09,7.14
2023-09-05,002199,8.5,8.53,8.74,8.41,179241,153230077.64,3.91,1.07,0.09,7.36
2023-09-06,002199,8.43,8.68,8.73,8.3,162975,140459706.94,5.04,1.76,0.15,6.69
2023-09-07,002199,8.63,8.5,8.67,8.46,107601,92098111.44,2.42,-2.07,-0.18,4.42
2023-09-08,002199,8.48,8.5,8.58,8.42,69028,58672643.0,1.88,0.0,0.0,2.84
2023-09-11,002199,8.5,8.39,8.53,8.35,71895,60484952.0,2.12,-1.29,-0.11,2.95
2023-09-12,002199,8.35,8.32,8.4,8.26,56098,46639789.0,1.67,-0.83,-0.07,2.3
2023-09-13,002199,8.29,8.19,8.32,8.08,48392,39537872.52,2.88,-1.56,-0.13,1.99
2023-09-14,002199,8.19,8.13,8.26,8.08,43112,35173356.7,2.2,-0.73,-0.06,1.77
2023-09-15,002199,8.2,8.17,8.32,8.07,45537,37152237.91,3.08,0.49,0.04,1.87
2023-09-18,002199,8.16,8.21,8.33,8.01,44659,36689192.99,3.92,0.49,0.04,1.83
2023-09-19,002199,8.23,8.0,8.26,7.98,43231,34781448.0,3.41,-2.56,-0.21,1.78
2023-09-20,002199,8.0,7.92,8.07,7.9,34863,27768203.5,2.13,-1.0,-0.08,1.43
2023-09-21,002199,7.9,7.92,8.03,7.87,26125,20734726.8,2.02,0.0,0.0,1.07
2023-09-22,002199,7.9,8.18,8.18,7.88,49387,39874470.15,3.79,3.28,0.26,2.03
2023-09-25,002199,8.2,8.13,8.24,8.02,44321,35968355.0,2.69,-0.61,-0.05,1.82
2023-09-26,002199,8.13,8.04,8.13,7.94,34537,27706553.84,2.34,-1.11,-0.09,1.42
2023-09-27,002199,8.02,7.92,8.07,7.92,34814,27779713.0,1.87,-1.49,-0.12,1.43
2023-09-28,002199,7.99,8.33,8.38,7.93,87055,71826093.18,5.68,5.18,0.41,3.58
2023-10-09,002199,8.3,8.38,8.46,8.29,67090,56164631.0,2.04,0.6,0.05,2.76
2023-10-10,002199,8.41,8.41,8.47,8.31,44236,37191816.0,1.91,0.36,0.03,1.82
2023-10-11,002199,8.4,8.51,8.72,8.27,127645,108404239.02,5.35,1.19,0.1,5.24
2023-10-12,002199,8.47,8.54,8.56,8.42,81928,69665839.74,1.65,0.35,0.03,3.37
2023-10-13,002199,8.48,8.68,8.75,8.42,93347,80623092.0,3.86,1.64,0.14,3.83
2023-10-16,002199,8.62,8.45,8.68,8.39,70677,59843211.0,3.34,-2.65,-0.23,2.9
2023-10-17,002199,8.44,8.37,8.49,8.31,39906,33436504.0,2.13,-0.95,-0.08,1.64
2023-10-18,002199,8.33,8.17,8.53,8.16,43374,35817790.0,4.42,-2.39,-0.2,1.78
2023-10-19,002199,8.15,8.32,8.65,8.14,78515,66088800.0,6.24,1.84,0.15,3.23
2023-10-20,002199,8.32,8.04,8.4,7.99,56453,45929073.6,4.93,-3.37,-0.28,2.32
2023-10-23,002199,8.04,7.77,8.09,7.74,46158,36210072.2,4.35,-3.36,-0.27,1.9
2023-10-24,002199,7.77,8.11,8.17,7.7,51639,41391423.0,6.05,4.38,0.34,2.12
2023-10-25,002199,8.2,8.23,8.24,8.04,41514,33962356.0,2.47,1.48,0.12,1.71
2023-10-26,002199,8.18,8.23,8.25,8.07,33157,27091072.0,2.19,0.0,0.0,1.36
2023-10-27,002199,8.23,8.22,8.27,8.06,39726,32498613.0,2.55,-0.12,-0.01,1.63
2023-10-30,002199,8.17,8.39,8.42,8.16,50941,42409466.99,3.16,2.07,0.17,2.09
2023-10-31,002199,8.38,8.38,8.55,8.28,43898,36916539.76,3.22,-0.12,-0.01,1.8
2023-11-01,002199,8.36,8.54,8.62,8.34,74719,63803641.55,3.34,1.91,0.16,3.07
2023-11-02,002199,8.56,8.4,8.63,8.38,40382,34302305.0,2.93,-1.64,-0.14,1.66
2023-11-03,002199,8.4,8.62,8.68,8.38,63513,54622338.0,3.57,2.62,0.22,2.61
2023-11-06,002199,8.64,8.7,8.76,8.64,57556,50104306.0,1.39,0.93,0.08,2.36
2023-11-07,002199,8.75,8.91,8.92,8.68,81351,71998488.56,2.76,2.41,0.21,3.34
2023-11-08,002199,8.91,8.79,8.98,8.71,48367,42661997.0,3.03,-1.35,-0.12,1.99
2023-11-09,002199,8.79,8.64,8.84,8.57,46184,40075751.0,3.07,-1.71,-0.15,1.9
2023-11-10,002199,8.68,8.71,8.89,8.58,47927,42001721.0,3.59,0.81,0.07,1.97
2023-11-13,002199,8.73,8.82,8.82,8.68,45901,40215971.0,1.61,1.26,0.11,1.89
2023-11-14,002199,8.85,8.9,8.98,8.78,51347,45701455.0,2.27,0.91,0.08,2.11
2023-11-15,002199,8.98,8.88,9.0,8.82,35125,31238405.0,2.02,-0.22,-0.02,1.44
2023-11-16,002199,8.83,8.83,8.95,8.79,28371,25146213.0,1.8,-0.56,-0.05,1.17
2023-11-17,002199,8.8,8.94,8.95,8.8,35765,31867567.0,1.7,1.25,0.11,1.47
2023-11-20,002199,8.96,9.1,9.14,8.95,50824,46164184.0,2.13,1.79,0.16,2.09
2023-11-21,002199,9.1,8.91,9.12,8.87,42162,37795457.0,2.75,-2.09,-0.19,1.73
2023-11-22,002199,8.9,8.82,8.95,8.73,46429,41067033.0,2.47,-1.01,-0.09,1.91
2023-11-23,002199,8.84,9.0,9.02,8.8,44578,39855588.96,2.49,2.04,0.18,1.83
2023-11-24,002199,9.01,8.72,9.01,8.71,35005,30760775.77,3.33,-3.11,-0.28,1.44
2023-11-27,002199,8.72,8.86,8.98,8.65,40363,35736897.0,3.78,1.61,0.14,1.66
2023-11-28,002199,8.87,9.0,9.08,8.82,48120,43260441.93,2.93,1.58,0.14,1.98
2023-11-29,002199,9.0,9.04,9.17,8.96,50531,45813911.0,2.33,0.44,0.04,2.08
2023-11-30,002199,9.05,8.94,9.06,8.78,46847,41621238.92,3.1,-1.11,-0.1,1.92
2023-12-01,002199,8.89,8.93,8.96,8.82,35609,31724038.0,1.57,-0.11,-0.01,1.46
2023-12-04,002199,8.93,9.82,9.82,8.84,102347,96534484.98,10.97,9.97,0.89,4.2
2023-12-05,002199,10.16,9.65,10.49,9.43,427770,419662236.59,10.79,-1.73,-0.17,17.57
2023-12-06,002199,9.38,9.25,9.53,9.18,249715,231973689.43,3.63,-4.15,-0.4,10.26
2023-12-07,002199,9.35,10.18,10.18,9.31,143919,143133402.88,9.41,10.05,0.93,5.91
2023-12-08,002199,10.12,9.74,10.5,9.7,554016,552103246.9,7.86,-4.32,-0.44,22.76
2023-12-11,002199,9.71,9.96,10.07,9.53,376318,368678035.9,5.54,2.26,0.22,15.46
2023-12-12,002199,9.83,10.25,10.39,9.76,439846,442153926.88,6.33,2.91,0.29,18.07
2023-12-13,002199,10.0,9.83,10.2,9.8,286944,285665534.8,3.9,-4.1,-0.42,11.79
2023-12-14,002199,9.78,9.91,10.0,9.58,253980,249048483.73,4.27,0.81,0.08,10.43
2023-12-15,002199,9.74,9.53,9.89,9.53,194888,188089407.83,3.63,-3.83,-0.38,8.01
2023-12-18,002199,9.56,9.05,9.6,8.9,195871,180361703.52,7.35,-5.04,-0.48,8.05
2023-12-19,002199,9.04,9.06,9.19,8.98,100343,91031523.0,2.32,0.11,0.01,4.12
2023-12-20,002199,9.05,9.07,9.31,9.02,115251,105674930.0,3.2,0.11,0.01,4.73
2023-12-21,002199,9.08,9.07,9.1,8.71,108064,96472208.0,4.3,0.0,0.0,4.44
2023-12-22,002199,9.13,8.88,9.29,8.81,84293,76073677.0,5.29,-2.09,-0.19,3.46
2023-12-25,002199,8.86,8.79,8.97,8.7,59014,52070630.0,3.04,-1.01,-0.09,2.42
2023-12-26,002199,8.83,8.54,8.83,8.49,82143,70339372.0,3.87,-2.84,-0.25,3.37
2023-12-27,002199,8.55,8.66,8.71,8.45,57872,49754023.9,3.04,1.41,0.12,2.38
2023-12-28,002199,8.66,8.94,9.02,8.55,71151,62874214.96,5.43,3.23,0.28,2.92
2023-12-29,002199,8.91,9.38,9.41,8.87,92558,85889134.0,6.04,4.92,0.44,3.8
2024-01-02,002199,9.41,9.43,9.5,9.33,75326,70926797.0,1.81,0.53,0.05,3.09
2024-01-03,002199,9.35,9.26,9.48,9.12,62672,57954839.0,3.82,-1.8,-0.17,2.57
2024-01-04,002199,9.2,9.18,9.26,9.12,37564,34463763.0,1.51,-0.86,-0.08,1.54
2024-01-05,002199,9.18,8.93,9.26,8.87,49726,44957303.02,4.25,-2.72,-0.25,2.04
2024-01-08,002199,8.93,8.77,9.05,8.75,43966,38789869.0,3.36,-1.79,-0.16,1.81
2024-01-09,002199,8.8,8.88,9.02,8.77,37539,33408221.0,2.85,1.25,0.11,1.54
2024-01-10,002199,8.87,8.71,8.91,8.62,35696,31185227.0,3.27,-1.91,-0.17,1.47
2024-01-11,002199,8.76,8.87,8.92,8.68,33074,29169711.0,2.76,1.84,0.16,1.36
2024-01-12,002199,8.83,8.75,8.91,8.7,32654,28722820.0,2.37,-1.35,-0.12,1.34
2024-01-15,002199,8.79,8.73,8.89,8.67,30879,27060431.0,2.51,-0.23,-0.02,1.27
2024-01-16,002199,8.71,8.77,8.81,8.57,37582,32564512.0,2.75,0.46,0.04,1.54
2024-01-17,002199,8.77,8.48,8.84,8.48,32691,28186558.0,4.1,-3.31,-0.29,1.34
2024-01-18,002199,8.38,8.32,8.56,8.11,54938,45569091.0,5.31,-1.89,-0.16,2.26
2024-01-19,002199,8.36,8.21,8.39,8.19,36329,30035874.0,2.4,-1.32,-0.11,1.49
2024-01-22,002199,8.28,7.64,8.35,7.58,60792,48298409.0,9.38,-6.94,-0.57,2.5
2024-01-23,002199,7.69,7.5,7.75,7.35,55292,41383431.0,5.24,-1.83,-0.14,2.27
2024-01-24,002199,7.56,7.48,7.62,7.18,50685,37472097.19,5.87,-0.27,-0.02,2.08
2024-01-25,002199,7.48,7.86,7.89,7.39,55615,42790812.0,6.68,5.08,0.38,2.28
2024-01-26,002199,7.86,7.94,8.07,7.8,52583,41832306.32,3.44,1.02,0.08,2.16
2024-01-29,002199,8.06,7.54,8.06,7.52,50544,38673883.0,6.8,-5.04,-0.4,2.08
2024-01-30,002199,7.68,7.12,7.68,7.07,63250,46204035.0,8.09,-5.57,-0.42,2.6
2024-01-31,002199,7.12,6.54,7.24,6.42,77080,52110244.0,11.52,-8.15,-0.58,3.17
2024-02-01,002199,6.61,6.8,7.19,6.37,295022,200011657.01,12.54,3.98,0.26,12.12
2024-02-02,002199,6.78,6.16,6.89,6.12,232037,150771015.56,11.32,-9.41,-0.64,9.53
2024-02-05,002199,5.86,5.54,6.04,5.54,93798,53105513.9,8.12,-10.06,-0.62,3.85
2024-02-06,002199,5.1,4.99,5.2,4.99,168529,84746502.86,3.79,-9.93,-0.55,6.92
2024-02-07,002199,4.87,4.49,4.93,4.49,137598,62306526.94,8.82,-10.02,-0.5,5.65
2024-02-08,002199,4.04,4.63,4.69,4.04,301264,127684552.0,14.48,3.12,0.14,12.38
2024-02-19,002199,4.48,4.94,4.97,4.47,217486,102878223.15,10.8,6.7,0.31,8.93
2024-02-20,002199,4.93,5.0,5.05,4.76,144754,71515517.87,5.87,1.21,0.06,5.95
2024-02-21,002199,4.95,5.3,5.43,4.92,194259,102422122.93,10.2,6.0,0.3,7.98
2024-02-22,002199,5.23,5.71,5.73,5.23,136875,75201253.0,9.43,7.74,0.41,5.62
2024-02-23,002199,5.71,5.95,5.98,5.62,114249,66476134.6,6.3,4.2,0.24,4.69
2024-02-26,002199,6.0,6.08,6.27,5.83,138460,83613115.75,7.39,2.18,0.13,5.69
2024-02-27,002199,6.08,6.55,6.55,6.0,136537,86794352.54,9.05,7.73,0.47,5.61
2024-02-28,002199,6.56,5.9,6.67,5.9,205357,128732681.9,11.76,-9.92,-0.65,8.44
2024-02-29,002199,5.75,6.12,6.13,5.63,133424,80164152.19,8.47,3.73,0.22,5.48
2024-03-01,002199,6.15,6.36,6.73,6.1,261164,168760485.83,10.29,3.92,0.24,10.73
2024-03-04,002199,6.37,6.18,6.46,5.96,194837,119780893.73,7.86,-2.83,-0.18,8.0
2024-03-05,002199,6.09,5.97,6.16,5.94,106081,64009455.03,3.56,-3.4,-0.21,4.36
2024-03-06,002199,5.98,6.22,6.3,5.95,145965,89720798.71,5.86,4.19,0.25,6.0
2024-03-07,002199,6.27,6.06,6.32,6.03,97363,59987405.98,4.66,-2.57,-0.16,4.0
2024-03-08,002199,6.1,6.2,6.23,6.0,102976,63364047.9,3.8,2.31,0.14,4.23
2024-03-11,002199,6.15,6.23,6.23,6.09,75063,46225818.28,2.26,0.48,0.03,3.08
2024-03-12,002199,6.23,6.37,6.39,6.19,100162,63270790.6,3.21,2.25,0.14,4.11
2024-03-13,002199,6.37,6.43,6.52,6.32,85415,54838253.52,3.14,0.94,0.06,3.51
2024-03-14,002199,6.4,6.32,6.43,6.21,67229,42597579.54,3.42,-1.71,-0.11,2.76
2024-03-15,002199,6.29,6.53,6.58,6.25,94098,60671130.0,5.22,3.32,0.21,3.87
2024-03-18,002199,6.52,6.93,7.18,6.5,246387,170968859.67,10.41,6.13,0.4,10.12
2024-03-19,002199,6.92,6.74,6.96,6.73,185832,126437213.78,3.32,-2.74,-0.19,7.63
2024-03-20,002199,6.74,6.88,7.0,6.74,139031,95650015.84,3.86,2.08,0.14,5.71
2024-03-21,002199,6.87,6.93,7.0,6.75,98047,67622025.0,3.63,0.73,0.05,4.03
2024-03-22,002199,6.93,6.86,7.08,6.76,99385,68581578.5,4.62,-1.01,-0.07,4.08
2024-03-25,002199,6.79,6.59,6.88,6.58,86070,57932425.67,4.37,-3.94,-0.27,3.54
2024-03-26,002199,6.65,6.62,6.77,6.42,73477,48532886.9,5.31,0.46,0.03,3.02
2024-03-27,002199,6.63,6.23,6.63,6.21,70892,45231239.0,6.34,-5.89,-0.39,2.91
2024-03-28,002199,6.24,6.55,6.63,6.17,92820,60278122.0,7.38,5.14,0.32,3.81
2024-03-29,002199,6.54,6.72,6.72,6.48,60402,39942952.0,3.66,2.6,0.17,2.48
2024-04-01,002199,6.75,6.85,6.86,6.66,61301,41625266.84,2.98,1.93,0.13,2.52
2024-04-02,002199,6.86,6.8,6.9,6.71,54473,37051549.0,2.77,-0.73,-0.05,2.24
2024-04-03,002199,6.99,6.79,7.05,6.62,98446,66827375.0,6.32,-0.15,-0.01,4.04
2024-04-08,002199,6.63,6.43,6.82,6.43,74257,48802973.32,5.74,-5.3,-0.36,3.05
2024-04-09,002199,6.43,6.63,6.64,6.43,51135,33564760.0,3.27,3.11,0.2,2.1
2024-04-10,002199,6.59,6.28,6.6,6.17,74861,47291981.27,6.49,-5.28,-0.35,3.08
2024-04-11,002199,6.27,6.29,6.4,6.16,56400,35514497.0,3.82,0.16,0.01,2.32
2024-04-12,002199,6.3,6.29,6.46,6.27,46434,29523833.72,3.02,0.0,0.0,1.91
2024-04-15,002199,6.16,5.93,6.31,5.66,133693,78945722.24,10.33,-5.72,-0.36,5.49
2024-04-16,002199,5.84,5.34,5.87,5.34,122727,67593134.0,8.94,-9.95,-0.59,5.04
2024-04-17,002199,5.32,5.57,5.64,5.28,68323,37851907.71,6.74,4.31,0.23,2.81
2024-04-18,002199,5.59,5.6,5.72,5.4,71945,39950971.95,5.75,0.54,0.03,2.96
2024-04-19,002199,5.59,5.6,5.71,5.46,60859,33747542.13,4.46,0.0,0.0,2.5
2024-04-22,002199,5.6,5.36,5.63,5.3,50094,27044903.68,5.89,-4.29,-0.24,2.06
2024-04-23,002199,5.4,5.5,5.52,5.38,43963,23991469.33,2.61,2.61,0.14,1.81
2024-04-24,002199,5.54,5.69,5.73,5.5,47153,26643239.65,4.18,3.45,0.19,1.94
2024-04-25,002199,5.75,5.74,5.76,5.65,40533,23191740.0,1.93,0.88,0.05,1.66
2024-04-26,002199,5.74,5.88,6.31,5.66,227366,139588614.0,11.32,2.44,0.14,9.34
2024-04-29,002199,5.54,5.88,5.9,5.54,165422,96446320.32,6.12,0.0,0.0,6.8
2024-04-30,002199,5.89,5.72,5.94,5.56,86771,49553862.36,6.46,-2.72,-0.16,3.56
2024-05-06,002199,5.75,5.87,5.89,5.75,62771,36576322.76,2.45,2.62,0.15,2.58
2024-05-07,002199,5.9,5.9,5.97,5.83,53279,31422009.86,2.39,0.51,0.03,2.19
2024-05-08,002199,5.91,5.75,5.95,5.73,51131,29626550.0,3.73,-2.54,-0.15,2.1
2024-05-09,002199,5.76,5.85,5.93,5.74,43182,25327443.0,3.3,1.74,0.1,1.77
2024-05-10,002199,6.05,5.71,6.09,5.69,73892,42892877.0,6.84,-2.39,-0.14,3.04
2024-05-13,002199,5.55,5.56,5.63,5.4,59062,32700676.2,4.03,-2.63,-0.15,2.43
2024-05-14,002199,5.49,5.6,5.66,5.42,42047,23411676.0,4.32,0.72,0.04,1.73
2024-05-15,002199,5.61,5.62,5.74,5.5,46251,26173016.8,4.29,0.36,0.02,1.9
2024-05-16,002199,5.6,5.73,5.76,5.6,44931,25687933.68,2.85,1.96,0.11,1.85
2024-05-17,002199,5.75,5.87,5.89,5.68,51323,29896093.15,3.66,2.44,0.14,2.11
2024-05-20,002199,5.87,5.77,5.9,5.73,48300,28016414.0,2.9,-1.7,-0.1,1.98
2024-05-21,002199,5.77,5.66,5.81,5.63,38189,21680646.0,3.12,-1.91,-0.11,1.57
2024-05-22,002199,5.65,5.76,5.77,5.64,31028,17731740.0,2.3,1.77,0.1,1.27
2024-05-23,002199,5.76,5.61,5.79,5.6,34262,19398461.0,3.3,-2.6,-0.15,1.41
2024-05-24,002199,5.61,5.53,5.68,5.5,35204,19672115.4,3.21,-1.43,-0.08,1.45
2024-05-27,002199,5.53,5.57,5.59,5.36,48005,26203388.68,4.16,0.72,0.04,1.97
2024-05-28,002199,5.6,5.47,5.63,5.43,32510,17965565.8,3.59,-1.8,-0.1,1.34
2024-05-29,002199,5.45,5.35,5.57,5.31,76199,41154848.0,4.75,-2.19,-0.12,3.13
2024-05-30,002199,5.35,5.37,5.44,5.26,56496,30397366.0,3.36,0.37,0.02,2.32
2024-05-31,002199,5.46,5.55,5.58,5.37,51929,28607711.53,3.91,3.35,0.18,2.13
2024-06-03,002199,5.58,5.33,5.6,5.27,54138,29288720.0,5.95,-3.96,-0.22,2.22
2024-06-04,002199,5.25,5.06,5.28,4.91,72321,36403305.62,6.94,-5.07,-0.27,2.97
2024-06-05,002199,5.02,4.8,5.57,4.7,200030,102409086.43,17.19,-5.14,-0.26,8.22
2024-06-06,002199,4.62,4.46,4.96,4.4,162697,75425729.0,11.67,-7.08,-0.34,6.68
2024-06-07,002199,4.49,4.55,4.74,4.48,140366,64424291.99,5.83,2.02,0.09,5.77
2024-06-11,002199,4.58,4.74,4.77,4.27,95966,44061777.0,10.99,4.18,0.19,3.94
2024-06-12,002199,4.75,5.21,5.21,4.75,123403,62141757.15,9.7,9.92,0.47,5.07
2024-06-13,002199,5.17,5.73,5.73,5.06,326299,174907377.84,12.86,9.98,0.52,13.4
2024-06-14,002199,5.92,6.3,6.3,5.86,261268,162282022.04,7.68,9.95,0.57,10.73
2024-06-17,002199,6.82,6.93,6.93,6.1,557764,378739946.4,13.17,10.0,0.63,22.91
2024-06-18,002199,7.6,7.62,7.62,7.59,168042,127934324.1,0.43,9.96,0.69,6.9
2024-06-19,002199,7.82,8.38,8.38,7.7,660154,540169332.11,8.92,9.97,0.76,27.12
2024-06-20,002199,8.89,9.22,9.22,7.54,574371,487534600.57,20.05,10.02,0.84,23.59
2024-06-21,002199,8.6,8.3,10.0,8.3,788899,697421990.78,18.44,-9.98,-0.92,32.41
2024-06-24,002199,7.47,7.47,8.26,7.47,617440,473888827.62,9.52,-10.0,-0.83,25.36
2024-06-25,002199,7.14,6.74,7.43,6.72,542048,380712129.22,9.5,-9.77,-0.73,22.27
2024-06-26,002199,6.7,7.0,7.05,6.42,474258,322432815.11,9.35,3.86,0.26,19.48
2024-06-27,002199,6.83,6.53,7.07,6.52,395182,269171013.62,7.86,-6.71,-0.47,16.23
2024-06-28,002199,6.55,6.64,6.77,6.45,338479,223924656.86,4.9,1.68,0.11,13.9
2024-07-01,002199,6.5,6.56,6.6,6.31,259223,166914501.68,4.37,-1.2,-0.08,10.65
2024-07-02,002199,6.57,6.81,6.89,6.34,402882,267645063.06,8.38,3.81,0.25,16.55
2024-07-03,002199,6.68,6.32,6.69,6.22,297841,193547206.86,6.9,-7.2,-0.49,12.23
2024-07-04,002199,6.27,5.91,6.43,5.88,285487,174433914.46,8.7,-6.49,-0.41,11.73
2024-07-05,002199,5.93,5.94,5.95,5.65,206598,120729863.63,5.08,0.51,0.03,8.49
2024-07-08,002199,5.9,5.71,5.97,5.65,157597,91027568.97,5.39,-3.87,-0.23,6.47
2024-07-09,002199,5.72,6.01,6.04,5.72,222695,131432180.87,5.6,5.25,0.3,9.15
2024-07-10,002199,5.96,5.99,6.05,5.8,197300,117205145.0,4.16,-0.33,-0.02,8.1
2024-07-11,002199,6.11,6.04,6.15,5.95,187556,112992490.0,3.34,0.83,0.05,7.7
2024-07-12,002199,6.03,5.94,6.03,5.9,123610,73561629.0,2.15,-1.66,-0.1,5.08
2024-07-15,002199,6.0,5.85,6.01,5.8,95834,56232806.55,3.54,-1.52,-0.09,3.94
2024-07-16,002199,5.88,6.02,6.11,5.84,195279,116659596.46,4.62,2.91,0.17,8.02
2024-07-17,002199,6.01,5.72,6.01,5.72,152772,88711515.04,4.82,-4.98,-0.3,6.28
2024-07-18,002199,5.64,5.58,5.65,5.38,148194,81574840.0,4.72,-2.45,-0.14,6.09
2024-07-19,002199,5.6,5.79,5.95,5.55,191243,110488649.0,7.17,3.76,0.21,7.86
2024-07-22,002199,5.73,5.92,5.96,5.63,165737,96355539.5,5.7,2.25,0.13,6.81
2024-07-23,002199,5.92,5.75,5.98,5.74,117096,68690553.0,4.05,-2.87,-0.17,4.81
2024-07-24,002199,5.74,5.64,5.98,5.59,118576,68153307.4,6.78,-1.91,-0.11,4.87
2024-07-25,002199,5.59,5.59,5.7,5.48,99766,55569712.0,3.9,-0.89,-0.05,4.1
2024-07-26,002199,5.6,5.59,5.65,5.5,93229,51924824.0,2.68,0.0,0.0,3.83
2024-07-29,002199,5.59,5.72,5.86,5.51,120512,68560377.5,6.26,2.33,0.13,4.95
2024-07-30,002199,5.67,5.82,5.86,5.63,112290,64717460.0,4.02,1.75,0.1,4.61
2024-07-31,002199,5.83,5.91,5.95,5.71,143739,84612853.0,4.12,1.55,0.09,5.9
2024-08-01,002199,5.87,5.96,6.05,5.84,159916,95004112.88,3.55,0.85,0.05,6.57
2024-08-02,002199,5.87,5.67,5.92,5.66,138535,80227379.32,4.36,-4.87,-0.29,5.69
2024-08-05,002199,5.61,5.36,5.68,5.3,128173,70399580.0,6.7,-5.47,-0.31,5.27
2024-08-06,002199,5.38,5.5,5.52,5.38,90646,49476261.4,2.61,2.61,0.14,3.72
2024-08-07,002199,5.5,5.56,5.6,5.5,74201,41228631.0,1.82,1.09,0.06,3.05
2024-08-08,002199,5.59,5.5,5.59,5.36,75149,41106534.0,4.14,-1.08,-0.06,3.09
2024-08-09,002199,5.56,5.47,5.61,5.46,65925,36441923.0,2.73,-0.55,-0.03,2.71
2024-08-12,002199,5.48,5.38,5.52,5.33,56885,30667396.0,3.47,-1.65,-0.09,2.34
2024-08-13,002199,5.38,5.45,5.54,5.36,67573,36718037.0,3.35,1.3,0.07,2.78
2024-08-14,002199,5.45,5.66,5.79,5.43,152188,85677001.44,6.61,3.85,0.21,6.25
2024-08-15,002199,5.65,5.69,5.79,5.58,136280,77901627.0,3.71,0.53,0.03,5.6
2024-08-16,002199,5.72,5.83,5.96,5.72,191512,112268555.91,4.22,2.46,0.14,7.87
2024-08-19,002199,5.77,5.61,5.77,5.56,138475,78020454.0,3.6,-3.77,-0.22,5.69
2024-08-20,002199,5.59,6.17,6.17,5.59,120996,73300990.8,10.34,9.98,0.56,4.97
2024-08-21,002199,6.39,6.79,6.79,6.31,554621,363902232.04,7.78,10.05,0.62,22.78
2024-08-22,002199,6.6,6.29,6.96,6.18,479972,312110725.96,11.49,-7.36,-0.5,19.72
2024-08-23,002199,6.28,6.23,6.42,5.87,338496,207332225.75,8.74,-0.95,-0.06,13.9
2024-08-26,002199,6.16,6.85,6.85,6.02,436484,281394453.74,13.32,9.95,0.62,17.93
2024-08-27,002199,6.71,6.38,6.86,6.38,419058,274256943.22,7.01,-6.86,-0.47,17.21
2024-08-28,002199,6.37,6.4,6.5,6.2,273107,174041916.68,4.7,0.31,0.02,11.22
2024-08-29,002199,6.35,6.61,6.97,6.2,422250,274952669.17,12.03,3.28,0.21,17.34
2024-08-30,002199,6.45,6.8,6.88,6.44,437063,293527186.14,6.66,2.87,0.19,17.95
2024-09-02,002199,6.68,6.72,7.16,6.65,402111,276639315.92,7.5,-1.18,-0.08,16.52
2024-09-03,002199,6.62,7.09,7.12,6.47,397179,272243008.97,9.67,5.51,0.37,16.32
2024-09-04,002199,6.92,6.89,7.04,6.81,264425,182772031.2,3.24,-2.82,-0.2,10.86
2024-09-05,002199,6.89,6.88,6.96,6.68,199739,136376354.0,4.06,-0.15,-0.01,8.2
2024-09-06,002199,6.79,6.3,6.88,6.23,278875,180511408.47,9.45,-8.43,-0.58,11.46
2024-09-09,002199,6.05,6.36,6.58,5.85,201094,124836390.85,11.59,0.95,0.06,8.26
2024-09-10,002199,6.29,6.19,6.32,6.08,141753,87499063.88,3.77,-2.67,-0.17,5.82
2024-09-11,002199,6.22,6.04,6.28,6.01,131496,80226209.0,4.36,-2.42,-0.15,5.4
2024-09-12,002199,6.04,5.92,6.09,5.9,136975,81887653.94,3.15,-1.99,-0.12,5.63
2024-09-13,002199,5.94,5.71,5.96,5.7,137392,79474458.38,4.39,-3.55,-0.21,5.64
2024-09-18,002199,5.75,5.57,5.78,5.48,110153,61405789.68,5.25,-2.45,-0.14,4.52
2024-09-19,002199,5.62,5.71,5.76,5.55,114377,65022450.0,3.77,2.51,0.14,4.7
2024-09-20,002199,5.7,5.81,5.81,5.69,101302,58397069.52,2.1,1.75,0.1,4.16
2024-09-23,002199,5.82,5.84,5.92,5.71,104156,60838467.64,3.61,0.52,0.03,4.28
2024-09-24,002199,5.83,5.91,5.94,5.7,132333,77416065.75,4.11,1.2,0.07,5.44
2024-09-25,002199,5.99,5.97,6.07,5.91,149219,89482527.04,2.71,1.02,0.06,6.13
2024-09-26,002199,5.97,6.06,6.06,5.9,133263,79683226.0,2.68,1.51,0.09,5.47
2024-09-27,002199,6.11,6.33,6.44,6.08,193954,121083842.33,5.94,4.46,0.27,7.97
2024-09-30,002199,6.55,6.96,6.96,6.33,298986,200297249.7,9.95,9.95,0.63,12.28
2024-10-08,002199,7.66,7.52,7.66,6.88,351003,257312554.49,11.21,8.05,0.56,14.42
2024-10-09,002199,7.25,6.77,7.35,6.77,220908,155001717.2,7.71,-9.97,-0.75,9.07
2024-10-10,002199,7.45,7.45,7.45,7.45,148398,110556517.45,0.0,10.04,0.68,6.1
2024-10-11,002199,7.96,7.14,7.96,6.88,553837,420162507.07,14.5,-4.16,-0.31,22.75
2024-10-14,002199,6.96,7.17,7.2,6.73,337838,234938903.24,6.58,0.42,0.03,13.88
2024-10-15,002199,6.94,7.16,7.5,6.94,313938,227136790.52,7.81,-0.14,-0.01,12.9
2024-10-16,002199,7.14,7.88,7.88,6.96,369360,280094113.39,12.85,10.06,0.72,15.17
2024-10-17,002199,8.07,8.67,8.67,7.8,552771,452341120.28,11.04,10.03,0.79,22.71
2024-10-18,002199,9.0,9.54,9.54,8.82,611266,572004211.53,8.3,10.03,0.87,25.11
2024-10-21,002199,8.97,10.49,10.49,8.97,625993,607026357.53,15.93,9.96,0.95,25.71
2024-10-22,002199,10.51,10.63,11.54,9.83,659492,715641943.48,16.3,1.33,0.14,27.09
2024-10-23,002199,9.65,9.58,10.28,9.57,516110,509061180.09,6.68,-9.88,-1.05,21.2
2024-10-24,002199,9.05,9.22,9.5,8.89,324663,295664985.97,6.37,-3.76,-0.36,13.34
2024-10-25,002199,9.08,10.14,10.14,9.08,450979,437688416.2,11.5,9.98,0.92,18.53
2024-10-28,002199,10.14,10.61,11.15,10.0,551224,586912236.66,11.34,4.64,0.47,22.64
2024-10-29,002199,10.3,10.08,10.6,10.02,413043,424330739.67,5.47,-5.0,-0.53,16.97
2024-10-30,002199,9.8,9.87,10.14,9.6,312283,306125892.48,5.36,-2.08,-0.21,12.83
2024-10-31,002199,9.86,10.86,10.86,9.85,223540,236048277.86,10.23,10.03,0.99,9.18
2024-11-01,002199,11.9,9.77,11.9,9.77,489102,516528217.01,19.61,-10.04,-1.09,20.09
2024-11-04,002199,9.02,9.9,10.15,9.02,253681,247496940.17,11.57,1.33,0.13,10.42
2024-11-05,002199,9.86,9.94,10.08,9.7,252954,250186232.0,3.84,0.4,0.04,10.39
2024-11-06,002199,9.94,9.61,10.04,9.57,233235,228127373.77,4.73,-3.32,-0.33,9.58
2024-11-07,002199,9.62,9.74,9.89,9.47,171544,166034889.98,4.37,1.35,0.13,7.05
2024-11-08,002199,9.8,10.71,10.71,9.68,477225,497702627.27,10.57,9.96,0.97,19.6
2024-11-11,002199,10.84,11.17,11.66,10.79,536889,597012479.78,8.12,4.3,0.46,22.05
2024-11-12,002199,11.1,11.6,12.27,10.86,448790,518733839.87,12.62,3.85,0.43,18.44
2024-11-13,002199,11.28,10.95,11.3,10.44,306234,329153412.55,7.41,-5.6,-0.65,12.58
2024-11-14,002199,10.7,10.44,11.18,10.42,201761,216184889.46,6.94,-4.66,-0.51,8.29
2024-11-15,002199,10.4,9.79,10.6,9.77,185260,187995739.17,7.95,-6.23,-0.65,7.61
2024-11-18,002199,9.79,9.3,10.05,9.16,170692,161844090.17,9.09,-5.01,-0.49,7.01
2024-11-19,002199,9.36,10.23,10.23,9.33,103497,103443572.16,9.68,10.0,0.93,4.25
2024-11-20,002199,10.25,10.9,11.11,10.25,349906,372173153.91,8.41,6.55,0.67,14.37
2024-11-21,002199,10.63,10.71,10.83,10.51,227762,242683627.08,2.94,-1.74,-0.19,9.36
2024-11-22,002199,10.81,10.74,11.35,10.58,280183,306447468.59,7.19,0.28,0.03,11.51
2024-11-25,002199,10.59,10.46,11.09,10.13,189915,198342943.37,8.94,-2.61,-0.28,7.8
2024-11-26,002199,10.37,10.02,10.64,9.99,145676,148691562.0,6.21,-4.21,-0.44,5.98
2024-11-27,002199,10.24,10.04,10.24,9.55,169892,167507754.93,6.89,0.2,0.02,6.98
2024-11-28,002199,10.04,9.86,10.13,9.78,127159,126113576.75,3.49,-1.79,-0.18,5.22
2024-11-29,002199,9.86,9.93,10.2,9.51,202897,199359959.0,7.0,0.71,0.07,8.33
2024-12-02,002199,9.82,10.03,10.06,9.82,151802,151573445.0,2.42,1.01,0.1,6.24
2024-12-03,002199,10.0,10.08,10.43,9.94,157228,159067980.96,4.89,0.5,0.05,6.46
2024-12-04,002199,10.12,9.71,10.24,9.62,140157,138341084.29,6.15,-3.67,-0.37,5.76
2024-12-05,002199,9.56,9.78,9.84,9.55,90014,87687832.0,2.99,0.72,0.07,3.7
2024-12-06,002199,9.78,9.81,9.9,9.66,94948,92873958.98,2.45,0.31,0.03,3.9
2024-12-09,002199,9.82,10.04,10.27,9.72,157947,158581557.64,5.61,2.34,0.23,6.49
2024-12-10,002199,10.3,9.88,10.35,9.85,152726,152745503.3,4.98,-1.59,-0.16,6.27
2024-12-11,002199,9.76,9.99,10.0,9.74,97140,96263815.88,2.63,1.11,0.11,3.99
2024-12-12,002199,10.04,10.99,10.99,9.95,299403,319285462.08,10.41,10.01,1.0,12.3
2024-12-13,002199,11.05,11.24,12.09,10.7,598214,675131245.36,12.65,2.27,0.25,24.57
2024-12-16,002199,11.13,10.86,11.18,10.71,299261,326266764.84,4.18,-3.38,-0.38,12.29
2024-12-17,002199,10.83,11.05,11.4,10.37,364752,399084941.81,9.48,1.75,0.19,14.98
2024-12-18,002199,11.06,12.16,12.16,10.76,377536,437363769.73,12.67,10.05,1.11,15.51
2024-12-19,002199,12.17,11.63,13.38,11.6,669450,850481406.71,14.64,-4.36,-0.53,27.5
2024-12-20,002199,11.51,12.02,12.5,11.29,465343,550946158.93,10.4,3.35,0.39,19.12
2024-12-23,002199,10.82,10.82,11.05,10.82,78083,84538582.0,1.91,-9.98,-1.2,3.21
2024-12-24,002199,9.74,9.74,9.74,9.74,33620,32745880.0,0.0,-9.98,-1.08,1.38
2024-12-25,002199,8.77,8.77,8.77,8.77,22065,19351005.0,0.0,-9.96,-0.97,0.91
2024-12-26,002199,7.89,8.97,9.56,7.89,548420,471855086.07,19.04,2.28,0.2,22.53
2024-12-27,002199,8.24,8.19,8.55,8.18,406962,338653303.48,4.12,-8.7,-0.78,16.72
2024-12-30,002199,8.01,7.83,8.15,7.55,258161,203639999.83,7.33,-4.4,-0.36,10.6
2024-12-31,002199,7.94,7.49,8.03,7.48,191580,146615538.04,7.02,-4.34,-0.34,7.87
2025-01-02,002199,7.56,7.66,8.02,7.55,237006,184598920.98,6.28,2.27,0.17,9.74
2025-01-03,002199,7.79,7.15,8.08,7.11,190004,141026391.74,12.66,-6.66,-0.51,7.8
2025-01-06,002199,7.06,6.92,7.13,6.7,143101,99239356.0,6.01,-3.22,-0.23,5.88
2025-01-07,002199,6.92,7.34,7.35,6.92,150742,108189265.52,6.21,6.07,0.42,6.19
2025-01-08,002199,7.43,7.37,7.46,7.07,138955,101442936.52,5.31,0.41,0.03,5.71
2025-01-09,002199,7.3,7.61,7.94,7.3,195202,149650995.9,8.68,3.26,0.24,8.02
2025-01-10,002199,7.57,7.23,7.7,7.23,143013,106584593.0,6.18,-4.99,-0.38,5.87
2025-01-13,002199,7.11,7.16,7.17,6.79,102792,72181196.07,5.26,-0.97,-0.07,4.22
2025-01-14,002199,7.2,7.62,7.62,7.15,131838,97853888.0,6.56,6.42,0.46,5.42
2025-01-15,002199,7.64,7.46,7.69,7.43,104630,78693969.0,3.41,-2.1,-0.16,4.3
2025-01-16,002199,7.49,7.72,7.75,7.49,154405,118112806.0,3.49,3.49,0.26,6.34
2025-01-17,002199,7.72,7.66,7.83,7.51,106199,81156328.0,4.15,-0.78,-0.06,4.36
2025-01-20,002199,6.89,6.89,6.89,6.89,61359,42276351.0,0.0,-10.05,-0.77,2.52
2025-01-21,002199,6.2,6.42,6.62,6.2,346546,221459576.37,6.1,-6.82,-0.47,14.24
2025-01-22,002199,6.2,6.14,6.29,6.08,197947,121867219.78,3.27,-4.36,-0.28,8.13
2025-01-23,002199,6.29,6.0,6.44,5.99,222604,138014803.08,7.33,-2.28,-0.14,9.14
2025-01-24,002199,6.02,5.95,6.09,5.85,147333,87453597.0,4.0,-0.83,-0.05,6.05
2025-01-27,002199,6.06,6.0,6.18,5.95,156739,95016269.0,3.87,0.84,0.05,6.44
2025-02-05,002199,6.08,6.37,6.46,6.08,190743,120639561.82,6.33,6.17,0.37,7.84
2025-02-06,002199,6.49,6.52,6.55,6.22,152997,98013178.92,5.18,2.35,0.15,6.28
2025-02-07,002199,6.53,6.71,6.85,6.53,171882,115382104.8,4.91,2.91,0.19,7.06
2025-02-10,002199,6.83,7.38,7.38,6.72,165431,116970274.76,9.84,9.99,0.67,6.8
2025-02-11,002199,7.5,7.18,7.54,7.15,244794,177584866.95,5.28,-2.71,-0.2,10.06
2025-02-12,002199,7.29,7.31,7.32,7.13,159233,115295451.0,2.65,1.81,0.13,6.54
2025-02-13,002199,7.33,7.19,7.35,7.12,111526,80337832.61,3.15,-1.64,-0.12,4.58
2025-02-14,002199,7.2,7.05,7.2,7.0,93145,65970150.73,2.78,-1.95,-0.14,3.83
2025-02-17,002199,7.12,7.27,7.44,7.1,139781,101464082.2,4.82,3.12,0.22,5.74
2025-02-18,002199,7.02,6.85,7.13,6.8,194825,135566375.47,4.54,-5.78,-0.42,8.0
2025-02-19,002199,6.85,6.94,6.99,6.76,112094,77473364.71,3.36,1.31,0.09,4.6
2025-02-20,002199,6.94,6.97,7.04,6.91,90712,63171577.95,1.87,0.43,0.03,3.73
2025-02-21,002199,7.04,6.89,7.04,6.76,117374,80392391.86,4.02,-1.15,-0.08,4.82
2025-02-24,002199,6.91,7.0,7.09,6.76,134799,93629719.0,4.79,1.6,0.11,5.54
2025-02-25,002199,6.92,7.09,7.19,6.88,139045,98503465.0,4.43,1.29,0.09,5.71
2025-02-26,002199,7.15,7.2,7.3,7.03,141201,101045651.0,3.81,1.55,0.11,5.8
2025-02-27,002199,7.2,6.98,7.24,6.85,135620,95073307.8,5.42,-3.06,-0.22,5.57
2025-02-28,002199,6.91,6.66,6.95,6.63,113728,77010992.0,4.58,-4.58,-0.32,4.67
2025-03-03,002199,6.65,6.64,6.8,6.58,82532,55269307.0,3.3,-0.3,-0.02,3.39
2025-03-04,002199,6.56,6.71,6.74,6.56,67856,45046219.56,2.71,1.05,0.07,2.79
2025-03-05,002199,6.71,6.58,6.72,6.39,93469,60878420.0,4.92,-1.94,-0.13,3.84
2025-03-06,002199,6.63,6.47,6.63,6.41,148799,96897599.68,3.34,-1.67,-0.11,6.11
2025-03-07,002199,6.5,6.35,6.52,6.31,105406,67278206.0,3.25,-1.85,-0.12,4.33
2025-03-10,002199,6.35,6.42,6.48,6.31,79100,50688866.0,2.68,1.1,0.07,3.25
2025-03-11,002199,6.31,6.43,6.48,6.25,87520,55897776.35,3.58,0.16,0.01,3.6
2025-03-12,002199,6.45,6.29,6.49,6.29,131794,83466619.0,3.11,-2.18,-0.14,5.41
2025-03-13,002199,6.29,6.16,6.29,6.05,127585,78267140.8,3.82,-2.07,-0.13,5.24
2025-03-14,002199,6.16,6.22,6.24,6.06,101599,62599027.78,2.92,0.97,0.06,4.17
2025-03-17,002199,6.28,6.3,6.38,6.26,133224,84156120.3,1.93,1.29,0.08,5.47
2025-03-18,002199,6.36,6.33,6.37,6.24,84479,53126944.0,2.06,0.48,0.03,3.47
2025-03-19,002199,6.34,6.3,6.44,6.26,107901,68376536.0,2.84,-0.47,-0.03,4.43
2025-03-20,002199,6.3,6.44,6.82,6.23,248765,162509803.92,9.37,2.22,0.14,10.22
2025-03-21,002199,6.23,5.95,6.38,5.92,244809,149044980.4,7.14,-7.61,-0.49,10.06
2025-03-24,002199,5.85,5.58,5.93,5.45,178584,101145476.0,8.07,-6.22,-0.37,7.34
2025-03-26,002199,5.3,5.3,5.3,5.3,1598,846940.0,0.0,-5.02,-0.28,0.07
2025-03-27,002199,5.04,5.04,5.04,5.04,2748,1384992.0,0.0,-4.91,-0.26,0.11
2025-03-28,002199,4.79,5.13,5.28,4.79,506002,245594797.44,9.72,1.79,0.09,20.79
2025-03-31,002199,4.98,5.21,5.28,4.9,287911,146605491.4,7.41,1.56,0.08,11.83
2025-04-01,002199,5.32,5.47,5.47,5.27,114126,61913170.12,3.84,4.99,0.26,4.69
2025-04-02,002199,5.6,5.46,5.68,5.32,277627,152847442.42,6.58,-0.18,-0.01,11.4
2025-04-03,002199,5.39,5.25,5.56,5.19,230210,122250620.11,6.78,-3.85,-0.21,9.46
2025-04-07,002199,4.99,4.99,4.99,4.99,27402,13673598.0,0.0,-4.95,-0.26,1.13
2025-04-08,002199,4.74,4.74,4.77,4.74,61636,29220507.08,0.6,-5.01,-0.25,2.53
2025-04-09,002199,4.5,4.82,4.84,4.5,165161,75944420.21,7.17,1.69,0.08,6.78
2025-04-10,002199,4.81,4.87,5.04,4.81,125109,61292202.32,4.77,1.04,0.05,5.14
2025-04-11,002199,4.8,4.86,4.91,4.75,120909,58614299.33,3.29,-0.21,-0.01,4.97
2025-04-14,002199,4.88,5.1,5.1,4.88,90985,45572094.8,4.53,4.94,0.24,3.74
2025-04-15,002199,5.07,5.13,5.17,4.96,120623,61167791.9,4.12,0.59,0.03,4.95
2025-04-16,002199,5.09,5.02,5.25,4.89,132577,67185420.58,7.02,-2.14,-0.11,5.45
2025-04-17,002199,4.95,4.92,5.06,4.85,87879,43485275.36,4.18,-1.99,-0.1,3.61
2025-04-18,002199,4.88,4.79,4.9,4.78,71276,34414620.28,2.44,-2.64,-0.13,2.93
2025-04-21,002199,4.8,4.7,4.8,4.66,68066,32083633.0,2.92,-1.88,-0.09,2.8
2025-04-22,002199,4.66,4.82,4.82,4.66,75447,35896613.55,3.4,2.55,0.12,3.1
2025-04-23,002199,4.81,4.92,5.0,4.79,72680,35704568.0,4.36,2.07,0.1,2.99
2025-04-24,002199,4.95,4.9,4.96,4.86,60170,29576432.0,2.03,-0.41,-0.02,2.47
2025-04-25,002199,4.92,4.83,4.92,4.75,66610,32101677.0,3.47,-1.43,-0.07,2.74
2025-04-28,002199,4.84,4.74,4.87,4.7,70301,33556885.9,3.52,-1.86,-0.09,2.89
2025-04-29,002199,4.68,4.74,4.81,4.64,48511,23068808.0,3.59,0.0,0.0,1.99
2025-04-30,002199,4.76,4.98,4.98,4.76,77021,37683198.36,4.64,5.06,0.24,3.16
2025-05-06,002199,5.09,5.23,5.23,5.03,159005,82425458.94,4.02,5.02,0.25,6.53
2025-05-07,002199,5.26,5.18,5.39,5.14,120479,62959301.82,4.78,-0.96,-0.05,4.95
2025-05-08,002199,5.2,5.2,5.34,5.17,80025,41980866.0,3.28,0.39,0.02,3.29
2025-05-09,002199,5.21,5.46,5.46,5.12,89636,47552596.5,6.54,5.0,0.26,3.68
2025-05-12,002199,5.46,5.59,5.69,5.32,131243,72215628.0,6.78,2.38,0.13,5.39
2025-05-13,002199,5.63,5.33,5.65,5.32,110482,60446688.2,5.9,-4.65,-0.26,4.54
2025-05-14,002199,5.21,5.24,5.33,5.11,163933,85366467.0,4.13,-1.69,-0.09,6.73
2025-05-15,002199,5.32,5.37,5.5,5.3,142570,77455270.0,3.82,2.48,0.13,5.86
2025-05-16,002199,5.32,5.37,5.45,5.22,81440,43238892.2,4.28,0.0,0.0,3.35
2025-05-19,002199,5.52,5.62,5.64,5.42,155915,87178644.62,4.1,4.66,0.25,6.4
2025-05-20,002199,5.55,5.9,5.9,5.5,184717,106634337.12,7.12,4.98,0.28,7.59
2025-05-21,002199,5.87,5.92,5.94,5.73,139138,81252302.0,3.56,0.34,0.02,5.72
2025-05-22,002199,5.92,5.81,6.1,5.74,140515,82978151.0,6.08,-1.86,-0.11,5.77
2025-05-23,002199,5.81,5.68,5.96,5.65,105647,61531557.5,5.34,-2.24,-0.13,4.34
2025-05-26,002199,5.67,5.96,5.96,5.67,152230,89987457.68,5.11,4.93,0.28,6.25
2025-05-27,002199,5.96,6.26,6.26,5.92,131622,80326095.32,5.7,5.03,0.3,5.41
