日期,股票代码,开盘,收盘,最高,最低,成交量,成交额,振幅,涨跌幅,涨跌额,换手率
2023-05-26,301337,55.0,50.8,58.0,50.61,176603,961147252.0,22.67,55.83,18.2,71.48
2023-05-29,301337,43.3,47.2,48.01,43.21,114584,531249082.0,9.45,-7.09,-3.6,46.38
2023-05-30,301337,46.0,43.03,47.2,42.0,108611,477760292.0,11.02,-8.83,-4.17,43.96
2023-05-31,301337,42.5,42.52,44.27,41.67,82604,355375589.0,6.04,-1.19,-0.51,33.44
2023-06-01,301337,41.53,40.23,42.18,40.17,77543,316374937.0,4.73,-5.39,-2.29,31.39
2023-06-02,301337,39.75,39.33,40.39,39.21,56072,222265857.0,2.93,-2.24,-0.9,22.7
2023-06-05,301337,39.36,39.45,39.95,39.21,40507,160002130.0,1.88,0.31,0.12,16.4
2023-06-06,301337,39.84,42.23,42.78,39.84,95684,395734302.0,7.45,7.05,2.78,38.73
2023-06-07,301337,41.03,41.1,42.3,40.0,63151,258650770.0,5.45,-2.68,-1.13,25.56
2023-06-08,301337,40.71,40.89,42.36,40.59,53918,222646724.0,4.31,-0.51,-0.21,21.82
2023-06-09,301337,40.15,41.45,41.77,39.27,55503,223960734.0,6.11,1.37,0.56,22.47
2023-06-12,301337,41.0,40.53,41.23,40.2,35557,144542878.0,2.48,-2.22,-0.92,14.39
2023-06-13,301337,40.26,40.48,40.84,39.57,37996,152631377.0,3.13,-0.12,-0.05,15.38
2023-06-14,301337,40.27,37.71,40.51,37.58,62376,242452693.0,7.24,-6.84,-2.77,25.25
2023-06-15,301337,37.55,37.65,38.05,37.33,28325,106727784.0,1.91,-0.16,-0.06,11.47
2023-06-16,301337,37.57,38.02,38.1,37.14,31052,116949566.0,2.55,0.98,0.37,12.57
2023-06-19,301337,38.12,39.69,40.2,38.12,58460,231107603.0,5.47,4.39,1.67,23.66
2023-06-20,301337,39.39,39.87,40.01,38.95,34985,138160813.0,2.67,0.45,0.18,14.16
2023-06-21,301337,39.63,37.54,39.83,37.45,30414,116425435.0,5.97,-5.84,-2.33,12.31
2023-06-26,301337,37.1,34.69,37.5,34.5,34352,122231135.0,7.99,-7.59,-2.85,13.9
2023-06-27,301337,34.7,34.93,35.1,34.51,18992,66032583.0,1.7,0.69,0.24,7.69
2023-06-28,301337,34.75,33.6,34.91,32.9,28694,96009502.0,5.75,-3.81,-1.33,11.61
2023-06-29,301337,33.32,34.15,34.29,33.05,19426,66065713.0,3.69,1.64,0.55,7.86
2023-06-30,301337,34.7,34.4,34.98,34.16,19554,67522646.0,2.4,0.73,0.25,7.91
2023-07-03,301337,34.53,34.98,35.5,33.93,24069,83750896.0,4.56,1.69,0.58,9.74
2023-07-04,301337,34.8,35.09,35.18,34.57,15665,54755720.0,1.74,0.31,0.11,6.34
2023-07-05,301337,34.88,34.89,35.25,34.7,15811,55229644.0,1.57,-0.57,-0.2,6.4
2023-07-06,301337,34.79,34.61,34.98,34.2,17417,60282576.0,2.24,-0.8,-0.28,7.05
2023-07-07,301337,34.5,33.54,34.59,33.53,15126,51406776.0,3.06,-3.09,-1.07,6.12
2023-07-10,301337,33.87,33.91,34.46,33.65,10534,35911258.0,2.42,1.1,0.37,4.26
2023-07-11,301337,33.8,34.81,34.97,33.8,18936,65261611.0,3.45,2.65,0.9,7.66
2023-07-12,301337,34.74,33.89,34.93,33.8,13899,47688084.0,3.25,-2.64,-0.92,5.63
2023-07-13,301337,34.0,34.98,35.15,34.0,18486,64152402.0,3.39,3.22,1.09,7.48
2023-07-14,301337,34.82,35.9,36.26,34.68,36111,128864439.0,4.52,2.63,0.92,14.62
2023-07-17,301337,35.9,36.52,37.49,35.66,43689,160015229.0,5.1,1.73,0.62,17.68
2023-07-18,301337,36.13,35.87,36.54,35.63,20099,72264764.0,2.49,-1.78,-0.65,8.14
2023-07-19,301337,35.72,36.9,37.47,35.72,33162,122214500.0,4.88,2.87,1.03,13.42
2023-07-20,301337,36.62,35.67,37.02,35.35,26425,95033489.0,4.53,-3.33,-1.23,10.7
2023-07-21,301337,35.88,35.71,36.73,35.57,29918,108323403.0,3.25,0.11,0.04,12.11
2023-07-24,301337,34.93,34.64,34.93,33.53,24573,84333169.0,3.92,-3.0,-1.07,9.95
2023-07-25,301337,34.64,35.41,35.48,34.64,17094,60002854.0,2.42,2.22,0.77,6.92
2023-07-26,301337,35.5,34.55,35.5,34.5,14270,49862628.0,2.82,-2.43,-0.86,5.78
2023-07-27,301337,34.62,34.17,35.24,34.0,12136,41870204.0,3.59,-1.1,-0.38,4.91
2023-07-28,301337,33.87,34.47,35.18,33.4,14483,49454823.0,5.21,0.88,0.3,5.86
2023-07-31,301337,34.45,34.13,34.65,33.9,11539,39429485.0,2.18,-0.99,-0.34,4.67
2023-08-01,301337,34.01,33.76,34.14,33.56,9133,30804733.0,1.7,-1.08,-0.37,3.7
2023-08-02,301337,33.59,33.77,33.9,33.42,7478,25162077.0,1.42,0.03,0.01,3.03
2023-08-03,301337,33.86,33.43,34.24,33.33,14825,49922714.0,2.69,-1.01,-0.34,6.0
2023-08-04,301337,33.44,34.14,34.25,33.39,18195,61742927.0,2.57,2.12,0.71,7.36
2023-08-07,301337,34.14,35.77,35.88,33.78,42138,147515865.0,6.15,4.77,1.63,17.06
2023-08-08,301337,35.98,36.85,37.25,35.31,59284,215885029.0,5.42,3.02,1.08,24.0
2023-08-09,301337,36.55,39.0,39.87,36.28,84654,326005345.0,9.74,5.83,2.15,34.27
2023-08-10,301337,38.0,38.71,39.09,37.3,61967,235782642.0,4.59,-0.74,-0.29,25.08
2023-08-11,301337,37.89,37.61,39.22,37.58,46260,177322711.0,4.24,-2.84,-1.1,18.72
2023-08-14,301337,36.1,40.88,44.15,36.06,93282,370460778.0,21.51,8.69,3.27,37.76
2023-08-15,301337,40.4,42.55,42.87,39.5,112760,468337702.0,8.24,4.09,1.67,45.64
2023-08-16,301337,41.07,41.24,41.92,38.8,86295,349661728.0,7.33,-3.08,-1.31,34.93
2023-08-17,301337,41.0,40.65,41.83,39.49,59587,242066959.0,5.67,-1.43,-0.59,24.12
2023-08-18,301337,39.81,40.31,41.4,39.6,61208,248627895.0,4.43,-0.84,-0.34,24.78
2023-08-21,301337,40.42,38.7,40.42,37.87,53846,210682714.0,6.33,-3.99,-1.61,21.79
2023-08-22,301337,42.9,41.31,42.9,37.96,97563,392732976.0,12.76,6.74,2.61,39.49
2023-08-23,301337,39.45,37.32,40.39,37.0,68542,266725209.0,8.21,-9.66,-3.99,27.74
2023-08-24,301337,37.32,42.25,44.78,37.32,165506,712808434.0,19.99,13.21,4.93,66.99
2023-08-25,301337,38.69,34.94,40.58,34.2,133996,510171295.0,15.1,-17.3,-7.31,54.24
2023-08-28,301337,37.1,33.05,37.9,32.51,95328,335663664.0,15.43,-5.41,-1.89,38.59
2023-08-29,301337,32.51,35.18,35.22,32.01,81767,281187871.0,9.71,6.44,2.13,33.1
2023-08-30,301337,34.8,36.22,36.42,34.54,75503,267580987.0,5.34,2.96,1.04,30.56
2023-08-31,301337,35.5,35.84,36.28,35.4,42409,152096153.0,2.43,-1.05,-0.38,17.17
2023-09-01,301337,35.51,36.23,38.09,35.21,60956,222773968.0,8.04,1.09,0.39,24.67
2023-09-04,301337,36.33,35.88,36.97,35.32,44704,160928023.0,4.55,-0.97,-0.35,18.09
2023-09-05,301337,35.7,34.98,35.79,34.68,32672,114825274.0,3.09,-2.51,-0.9,13.22
2023-09-06,301337,34.96,35.18,35.18,34.1,21870,76219042.0,3.09,0.57,0.2,8.85
2023-09-07,301337,35.0,34.13,35.0,34.12,22682,78154728.0,2.5,-2.98,-1.05,9.18
2023-09-08,301337,33.96,33.97,34.42,33.51,18988,64324481.0,2.67,-0.47,-0.16,7.69
2023-09-11,301337,33.97,34.4,34.43,33.41,19300,65753111.0,3.0,1.27,0.43,7.81
2023-09-12,301337,34.19,33.94,34.35,33.75,12145,41230025.0,1.74,-1.34,-0.46,4.92
2023-09-13,301337,33.8,33.32,33.94,32.88,15888,52809824.0,3.12,-1.83,-0.62,6.43
2023-09-14,301337,33.37,32.38,33.43,32.25,14793,48273180.0,3.54,-2.82,-0.94,5.99
2023-09-15,301337,32.58,31.71,32.6,31.51,15096,48314555.0,3.37,-2.07,-0.67,6.11
2023-09-18,301337,31.7,32.03,32.28,31.39,11963,38229464.0,2.81,1.01,0.32,4.84
2023-09-19,301337,32.15,31.04,32.15,30.91,14525,45461892.0,3.87,-3.09,-0.99,5.88
2023-09-20,301337,31.0,31.09,31.38,30.82,10365,32264366.0,1.8,0.16,0.05,4.2
2023-09-21,301337,30.85,30.74,31.49,30.6,13288,41204157.0,2.86,-1.13,-0.35,5.38
2023-09-22,301337,30.99,31.91,31.98,30.62,17554,55075836.0,4.42,3.81,1.17,7.11
2023-09-25,301337,31.66,31.89,32.17,31.33,11972,38002914.0,2.63,-0.06,-0.02,4.85
2023-09-26,301337,31.89,32.08,32.29,31.45,12216,39102887.0,2.63,0.6,0.19,4.94
2023-09-27,301337,31.9,31.9,32.35,31.71,12244,39280838.0,2.0,-0.56,-0.18,4.96
2023-09-28,301337,32.33,32.03,32.33,31.9,9451,30301586.0,1.35,0.41,0.13,3.83
2023-10-09,301337,32.03,32.05,32.28,31.76,8890,28474205.0,1.62,0.06,0.02,3.6
2023-10-10,301337,32.28,33.24,33.47,31.99,32786,107824728.0,4.62,3.71,1.19,13.27
2023-10-11,301337,32.96,33.66,34.11,32.9,39957,133946703.0,3.64,1.26,0.42,16.17
2023-10-12,301337,33.7,33.25,33.95,33.1,18713,62328030.0,2.53,-1.22,-0.41,7.57
2023-10-13,301337,33.14,32.48,33.28,32.23,16039,52466410.0,3.16,-2.32,-0.77,6.49
2023-10-16,301337,32.46,32.63,32.96,32.02,13817,44871531.0,2.89,0.46,0.15,5.59
2023-10-17,301337,32.5,32.53,32.92,32.23,10765,35039199.0,2.11,-0.31,-0.1,4.36
2023-10-18,301337,32.53,31.02,32.53,30.86,16710,52094075.0,5.13,-4.64,-1.51,6.76
2023-10-19,301337,31.16,30.8,31.62,30.71,14094,43988843.0,2.93,-0.71,-0.22,5.7
2023-10-20,301337,30.76,29.82,31.1,29.7,13869,41916105.0,4.55,-3.18,-0.98,5.61
2023-10-23,301337,29.6,28.27,29.99,28.03,13690,39121509.0,6.57,-5.2,-1.55,5.54
2023-10-24,301337,28.49,29.43,29.62,28.17,15852,46131418.0,5.13,4.1,1.16,6.42
2023-10-25,301337,29.44,29.96,30.36,29.44,12804,38305730.0,3.13,1.8,0.53,5.18
2023-10-26,301337,29.88,30.24,30.24,29.5,9754,29234629.0,2.47,0.93,0.28,3.95
2023-10-27,301337,30.03,30.35,30.46,29.62,11665,35105815.0,2.78,0.36,0.11,4.72
2023-10-30,301337,30.15,30.74,30.82,30.03,9927,30295166.0,2.6,1.29,0.39,4.02
2023-10-31,301337,30.6,30.37,30.85,30.0,9475,28765790.0,2.77,-1.2,-0.37,3.83
2023-11-01,301337,30.33,30.12,30.63,30.03,7294,22048967.0,1.98,-0.82,-0.25,2.95
2023-11-02,301337,30.23,29.5,30.34,29.5,7616,22689299.0,2.79,-2.06,-0.62,3.08
2023-11-03,301337,29.45,30.19,30.43,29.41,9641,29092785.0,3.46,2.34,0.69,3.9
2023-11-06,301337,30.17,30.95,30.98,30.17,10500,32348787.0,2.68,2.52,0.76,4.25
2023-11-07,301337,31.0,31.24,31.24,30.7,10596,32841372.0,1.74,0.94,0.29,4.29
2023-11-08,301337,31.25,31.46,31.7,30.97,10978,34444397.0,2.34,0.7,0.22,4.44
2023-11-09,301337,31.43,31.21,31.95,31.05,10186,32027730.0,2.86,-0.79,-0.25,4.12
2023-11-10,301337,31.25,31.1,31.41,30.99,8433,26281650.0,1.35,-0.35,-0.11,3.41
2023-11-13,301337,31.32,34.1,34.44,31.26,65482,217613274.0,10.23,9.65,3.0,26.51
2023-11-14,301337,33.99,34.56,35.2,33.76,72733,250652222.0,4.22,1.35,0.46,29.44
2023-11-15,301337,35.13,34.09,35.25,33.93,46854,160940234.0,3.82,-1.36,-0.47,18.97
2023-11-16,301337,33.67,33.2,34.06,33.03,27389,91801656.0,3.02,-2.61,-0.89,11.09
2023-11-17,301337,33.37,33.2,33.59,32.69,19008,62710277.0,2.71,0.0,0.0,7.69
2023-11-20,301337,33.5,33.55,33.63,33.0,17517,58408802.0,1.9,1.05,0.35,7.09
2023-11-21,301337,33.55,33.43,34.5,33.15,23995,80809573.0,4.02,-0.36,-0.12,9.71
2023-11-22,301337,33.27,33.99,36.0,33.26,44997,155221663.0,8.2,1.68,0.56,18.21
2023-11-23,301337,33.67,33.09,34.25,32.61,29431,97197259.0,4.82,-2.65,-0.9,11.91
2023-11-24,301337,33.6,32.5,33.6,32.3,17797,58059175.0,3.93,-1.78,-0.59,7.2
2023-11-27,301337,32.0,32.9,34.57,31.8,33584,111211676.0,8.52,1.23,0.4,12.89
2023-11-28,301337,32.9,33.28,33.45,32.37,21580,71337805.0,3.28,1.16,0.38,8.28
2023-11-29,301337,33.0,32.56,33.49,32.45,15392,50420737.0,3.13,-2.16,-0.72,5.91
2023-11-30,301337,32.56,31.76,32.56,31.3,18253,57951577.0,3.87,-2.46,-0.8,7.01
2023-12-01,301337,31.58,32.66,32.75,31.58,16707,53972590.0,3.68,2.83,0.9,6.41
2023-12-04,301337,32.59,32.77,33.69,32.33,19785,65699215.0,4.16,0.34,0.11,7.6
2023-12-05,301337,32.95,31.6,32.95,31.6,12441,39922061.0,4.12,-3.57,-1.17,4.78
2023-12-06,301337,31.7,32.0,32.3,31.39,11408,36415313.0,2.88,1.27,0.4,4.38
2023-12-07,301337,31.99,32.05,32.45,31.5,11491,36706465.0,2.97,0.16,0.05,4.41
2023-12-08,301337,32.01,31.92,32.41,31.77,11656,37420462.0,2.0,-0.41,-0.13,4.47
2023-12-11,301337,31.7,32.48,32.54,31.56,16136,51811962.0,3.07,1.75,0.56,6.19
2023-12-12,301337,32.5,32.31,32.75,32.16,11473,37139806.0,1.82,-0.52,-0.17,4.4
2023-12-13,301337,32.2,31.66,32.29,31.66,11550,36900889.0,1.95,-2.01,-0.65,4.43
2023-12-14,301337,31.78,31.06,31.94,31.0,11989,37621530.0,2.97,-1.9,-0.6,4.6
2023-12-15,301337,31.03,30.76,31.32,30.2,10177,31307368.0,3.61,-0.97,-0.3,3.91
2023-12-18,301337,30.7,30.62,31.21,30.47,10735,33059859.0,2.41,-0.46,-0.14,4.12
2023-12-19,301337,30.62,30.76,30.82,30.27,6524,19948020.0,1.8,0.46,0.14,2.5
2023-12-20,301337,30.71,31.05,31.85,30.71,12523,39213687.0,3.71,0.94,0.29,4.81
2023-12-21,301337,30.87,31.11,31.3,30.21,10579,32588647.0,3.51,0.19,0.06,4.06
2023-12-22,301337,31.02,30.16,31.37,30.1,11605,35444059.0,4.08,-3.05,-0.95,4.46
2023-12-25,301337,30.15,29.8,30.47,29.8,7952,23832329.0,2.22,-1.19,-0.36,3.05
2023-12-26,301337,29.77,28.93,29.77,28.8,9830,28641711.0,3.26,-2.92,-0.87,3.77
2023-12-27,301337,28.91,29.36,29.47,28.74,5323,15543643.0,2.52,1.49,0.43,2.04
2023-12-28,301337,29.19,30.34,30.52,28.79,11067,33063348.0,5.89,3.34,0.98,4.25
2023-12-29,301337,30.39,30.61,30.72,30.2,7894,24078329.0,1.71,0.89,0.27,3.03
2024-01-02,301337,30.57,30.22,30.83,30.22,7270,22097604.0,1.99,-1.27,-0.39,2.79
2024-01-03,301337,30.37,32.62,32.7,29.9,58794,186701796.0,9.27,7.94,2.4,22.57
2024-01-04,301337,31.98,39.14,39.14,31.89,110592,407157284.0,22.23,19.99,6.52,42.45
2024-01-05,301337,41.61,46.97,46.97,40.72,154985,671316850.0,15.97,20.01,7.83,59.5
2024-01-08,301337,48.0,43.41,48.99,42.77,167146,750544198.0,13.24,-7.58,-3.56,64.16
2024-01-09,301337,43.32,43.59,47.75,41.44,161271,714649361.0,14.54,0.41,0.18,61.91
2024-01-10,301337,41.0,37.85,41.5,37.33,133282,516580187.0,9.57,-13.17,-5.74,51.16
2024-01-11,301337,38.91,45.42,45.42,38.38,149840,634200362.0,18.6,20.0,7.57,57.52
2024-01-12,301337,48.0,47.46,54.5,46.51,179117,900751401.0,17.59,4.49,2.04,68.76
2024-01-15,301337,48.58,55.22,56.8,47.01,176461,895330085.0,20.63,16.35,7.76,67.74
2024-01-16,301337,52.0,53.56,55.09,50.75,143168,753367754.0,7.86,-3.01,-1.66,54.96
2024-01-17,301337,52.0,55.79,59.2,49.95,171688,957225952.0,17.27,4.16,2.23,65.91
2024-01-18,301337,49.96,53.5,56.9,49.96,134551,721130281.0,12.44,-4.1,-2.29,51.65
2024-01-19,301337,52.49,47.3,52.49,46.67,128777,630371562.0,10.88,-11.59,-6.2,49.43
2024-01-22,301337,45.88,43.65,46.38,42.31,107500,477929153.0,8.6,-7.72,-3.65,41.27
2024-01-23,301337,44.5,45.11,47.96,43.97,118706,542681108.0,9.14,3.34,1.46,45.57
2024-01-24,301337,44.78,46.5,48.27,43.2,129645,593625045.0,11.24,3.08,1.39,49.77
2024-01-25,301337,44.8,44.66,45.2,42.03,116925,513776157.0,6.82,-3.96,-1.84,44.88
2024-01-26,301337,45.0,43.8,47.99,43.8,125551,580681022.0,9.38,-1.93,-0.86,48.2
2024-01-29,301337,42.47,38.63,43.28,37.6,104840,419022555.0,12.97,-11.8,-5.17,40.25
2024-01-30,301337,38.88,36.52,39.48,36.06,79677,296702688.0,8.85,-5.46,-2.11,30.59
2024-01-31,301337,35.5,33.43,36.18,33.11,82499,283604325.0,8.41,-8.46,-3.09,31.67
2024-02-01,301337,33.3,33.0,34.33,32.33,67214,224248823.0,5.98,-1.29,-0.43,25.8
2024-02-02,301337,32.74,31.61,34.1,30.31,69102,222927060.0,11.48,-4.21,-1.39,26.53
2024-02-05,301337,31.01,27.9,31.2,27.79,62582,182876316.0,10.79,-11.74,-3.71,24.02
2024-02-06,301337,28.03,30.09,30.32,27.81,73594,212762363.0,9.0,7.85,2.19,28.25
2024-02-07,301337,29.99,27.15,30.56,26.78,76578,222164146.0,12.56,-9.77,-2.94,29.4
2024-02-08,301337,26.97,28.99,29.33,25.2,75893,208795980.0,15.21,6.78,1.84,29.13
2024-02-19,301337,29.13,30.82,31.79,29.01,76874,234809346.0,9.59,6.31,1.83,29.51
2024-02-20,301337,30.49,32.74,33.29,29.75,84124,269307622.0,11.49,6.23,1.92,32.29
2024-02-21,301337,32.8,33.99,34.99,31.85,90611,307580628.0,9.59,3.82,1.25,34.78
2024-02-22,301337,33.02,35.03,35.98,33.02,88564,305580111.0,8.71,3.06,1.04,34.0
2024-02-23,301337,35.28,37.23,39.15,34.0,102303,375659297.0,14.7,6.28,2.2,39.27
2024-02-26,301337,39.0,44.68,44.68,38.59,133664,557808814.0,16.36,20.01,7.45,51.31
2024-02-27,301337,42.0,45.05,47.66,41.2,130147,564508338.0,14.46,0.83,0.37,49.96
2024-02-28,301337,43.3,38.04,44.36,37.99,110643,462404219.0,14.14,-15.56,-7.01,42.47
2024-02-29,301337,37.82,40.66,41.24,37.82,81062,325384599.0,8.99,6.89,2.62,31.12
2024-03-01,301337,40.5,41.23,42.0,39.81,75765,311357260.0,5.39,1.4,0.57,29.08
2024-03-04,301337,41.6,40.71,41.6,39.66,59385,240810198.0,4.71,-1.26,-0.52,22.8
2024-03-05,301337,40.47,40.6,42.21,39.99,74599,306877079.0,5.45,-0.27,-0.11,28.64
2024-03-06,301337,39.7,41.88,42.06,38.49,76735,312938678.0,8.79,3.15,1.28,29.46
2024-03-07,301337,42.02,39.25,42.33,38.9,66928,272316675.0,8.19,-6.28,-2.63,25.69
2024-03-08,301337,39.53,39.43,39.98,38.31,42624,167423214.0,4.25,0.46,0.18,16.36
2024-03-11,301337,39.05,40.45,40.69,38.39,56775,225394013.0,5.83,2.59,1.02,21.79
2024-03-12,301337,40.05,41.69,41.81,39.76,70826,289537000.0,5.07,3.07,1.24,27.19
2024-03-13,301337,41.38,43.22,44.2,41.17,101929,441056956.0,7.27,3.67,1.53,39.13
2024-03-14,301337,41.93,40.61,41.94,39.9,70401,286888323.0,4.72,-6.04,-2.61,27.03
2024-03-15,301337,40.08,40.3,40.38,39.43,40438,161597706.0,2.34,-0.76,-0.31,15.52
2024-03-18,301337,40.9,41.14,41.38,40.01,52239,213033782.0,3.4,2.08,0.84,20.05
2024-03-19,301337,41.0,43.26,43.88,40.7,97733,416959670.0,7.73,5.15,2.12,37.52
2024-03-20,301337,42.65,43.45,43.85,41.81,78886,339186155.0,4.72,0.44,0.19,30.28
2024-03-21,301337,43.02,42.2,43.19,42.0,55966,237619665.0,2.74,-2.88,-1.25,21.48
2024-03-22,301337,42.02,40.88,42.35,39.93,52410,214314620.0,5.73,-3.13,-1.32,20.12
2024-03-25,301337,40.21,37.75,40.86,37.6,49380,193412438.0,7.97,-7.66,-3.13,18.96
2024-03-26,301337,37.7,36.13,38.23,35.72,41847,153506732.0,6.65,-4.29,-1.62,16.06
2024-03-27,301337,35.92,33.53,36.15,33.53,36086,124526527.0,7.25,-7.2,-2.6,13.85
2024-03-28,301337,33.52,35.26,35.78,33.36,39094,136705254.0,7.22,5.16,1.73,15.01
2024-03-29,301337,35.09,35.4,36.01,35.0,25874,91738529.0,2.86,0.4,0.14,9.93
2024-04-01,301337,35.8,36.6,36.69,35.8,26386,95719282.0,2.51,3.39,1.2,10.13
2024-04-02,301337,36.57,35.71,36.57,35.5,24764,88954414.0,2.92,-2.43,-0.89,9.51
2024-04-03,301337,36.7,34.86,37.13,34.86,28043,100546853.0,6.36,-2.38,-0.85,10.77
2024-04-08,301337,34.39,37.85,38.95,33.85,65202,241104483.0,14.63,8.58,2.99,25.03
2024-04-09,301337,37.06,37.86,38.96,36.69,53738,203602945.0,6.0,0.03,0.01,20.63
2024-04-10,301337,36.9,39.09,39.5,36.9,64370,248562527.0,6.87,3.25,1.23,24.71
2024-04-11,301337,38.53,38.1,39.99,37.91,58921,229151383.0,5.32,-2.53,-0.99,22.62
2024-04-12,301337,37.35,35.21,37.8,35.1,55901,201680420.0,7.09,-7.59,-2.89,21.46
2024-04-15,301337,35.11,32.8,35.6,28.81,43428,143595102.0,19.28,-6.84,-2.41,16.67
2024-04-16,301337,33.0,29.54,33.13,29.29,39969,120745983.0,11.71,-9.94,-3.26,15.34
2024-04-17,301337,29.84,32.1,32.22,29.84,32602,103170132.0,8.06,8.67,2.56,12.51
2024-04-18,301337,32.09,31.41,32.26,31.31,26965,85565229.0,2.96,-2.15,-0.69,10.35
2024-04-19,301337,31.45,30.6,31.57,30.4,22491,69416755.0,3.72,-2.58,-0.81,8.63
2024-04-22,301337,30.6,30.26,31.08,29.5,18740,56886759.0,5.16,-1.11,-0.34,7.19
2024-04-23,301337,30.71,30.8,31.05,30.17,16104,49377295.0,2.91,1.78,0.54,6.18
2024-04-24,301337,31.81,32.0,32.29,31.04,28401,89745694.0,4.06,3.9,1.2,10.9
2024-04-25,301337,31.48,31.26,32.0,31.21,23727,74993604.0,2.47,-2.31,-0.74,9.11
2024-04-26,301337,31.35,31.85,32.16,31.06,28247,89528850.0,3.52,1.89,0.59,10.84
2024-04-29,301337,31.7,32.27,32.37,31.38,36428,116797309.0,3.11,1.32,0.42,13.98
2024-04-30,301337,32.28,31.86,33.27,31.45,33102,106966606.0,5.64,-1.27,-0.41,12.71
2024-05-06,301337,32.5,31.96,32.5,31.68,24595,78775223.0,2.57,0.31,0.1,9.44
2024-05-07,301337,32.06,33.08,36.0,31.93,45102,149755186.0,12.73,3.5,1.12,17.31
2024-05-08,301337,32.51,31.72,32.87,31.38,30929,98897773.0,4.5,-4.11,-1.36,11.87
2024-05-09,301337,31.62,31.69,32.04,31.4,22139,70250964.0,2.02,-0.09,-0.03,8.5
2024-05-10,301337,31.63,30.45,31.84,30.42,26254,81013126.0,4.48,-3.91,-1.24,10.08
2024-05-13,301337,30.6,29.07,30.6,29.0,21897,64521928.0,5.25,-4.53,-1.38,8.41
2024-05-14,301337,29.31,29.37,29.98,29.16,13715,40341805.0,2.82,1.03,0.3,5.26
2024-05-15,301337,29.38,30.14,30.78,28.88,25865,77352723.0,6.47,2.62,0.77,9.93
2024-05-16,301337,30.14,29.52,30.21,29.5,17505,52184980.0,2.36,-2.06,-0.62,6.72
2024-05-17,301337,29.52,29.59,29.93,29.29,12807,37839255.0,2.17,0.24,0.07,4.92
2024-05-20,301337,29.73,30.02,30.2,29.43,15070,45054822.0,2.6,1.45,0.43,5.79
2024-05-21,301337,30.07,30.57,30.6,29.8,20581,62414797.0,2.66,1.83,0.55,7.9
2024-05-22,301337,30.47,31.78,31.85,30.0,37781,117007294.0,6.05,3.96,1.21,14.5
2024-05-23,301337,31.6,30.55,31.99,30.52,30487,95476199.0,4.63,-3.87,-1.23,11.7
2024-05-24,301337,30.07,28.86,30.5,28.68,31382,92053562.0,5.96,-5.53,-1.69,12.05
2024-05-27,301337,28.61,28.43,28.8,27.61,23286,65306494.0,4.12,-1.49,-0.43,8.94
2024-05-28,301337,28.43,27.77,28.43,27.72,13324,37279348.0,2.5,-2.32,-0.66,5.11
2024-05-29,301337,27.66,28.08,28.61,27.66,13319,37474695.0,3.42,1.12,0.31,5.11
2024-05-30,301337,27.98,27.55,27.99,25.59,16659,46032392.0,8.55,-1.89,-0.53,4.29
2024-05-31,301337,27.55,28.59,28.75,27.55,27212,77087012.0,4.36,3.77,1.04,7.01
2024-06-03,301337,28.58,28.11,28.93,27.71,20704,58601927.0,4.27,-1.68,-0.48,5.33
2024-06-04,301337,28.0,27.23,28.0,26.81,17846,48479713.0,4.23,-3.13,-0.88,4.6
2024-06-05,301337,27.2,26.5,27.2,26.47,14598,39121398.0,2.68,-2.68,-0.73,3.76
2024-06-06,301337,26.5,24.46,26.98,24.2,31487,79054483.0,10.49,-7.7,-2.04,8.11
2024-06-07,301337,24.54,24.88,25.14,24.5,16938,42119485.0,2.62,1.72,0.42,4.36
2024-06-11,301337,24.87,25.53,25.67,24.01,18442,46305467.0,6.67,2.61,0.65,4.75
2024-06-12,301337,25.76,27.12,28.5,25.67,46258,125147146.0,11.08,6.23,1.59,11.91
2024-06-13,301337,27.62,32.54,32.54,27.62,141420,450877655.0,18.14,19.99,5.42,36.43
2024-06-14,301337,30.61,31.27,31.79,29.6,130245,399486860.0,6.73,-3.9,-1.27,33.55
2024-06-17,301337,30.9,33.02,34.49,30.3,127610,409681584.0,13.4,5.6,1.75,32.87
2024-06-18,301337,34.2,36.03,36.68,33.22,172600,601056488.0,10.48,9.12,3.01,44.46
2024-06-19,301337,35.0,34.65,36.17,34.29,124991,437919736.0,5.22,-3.83,-1.38,32.19
2024-06-20,301337,33.48,31.73,33.48,31.6,95966,310519717.0,5.43,-8.43,-2.92,24.72
2024-06-21,301337,31.7,32.48,32.89,31.03,76452,246779168.0,5.86,2.36,0.75,19.69
2024-06-24,301337,30.2,29.78,31.95,29.61,74147,227360659.0,7.2,-8.31,-2.7,19.1
2024-06-25,301337,29.78,28.21,30.25,28.01,61921,178054389.0,7.52,-5.27,-1.57,15.95
2024-06-26,301337,28.15,28.9,28.99,27.23,52606,149150462.0,6.24,2.45,0.69,13.55
2024-06-27,301337,29.02,28.1,29.2,28.1,44532,127892523.0,3.81,-2.77,-0.8,11.47
2024-06-28,301337,28.0,27.58,28.62,27.56,45099,126623234.0,3.77,-1.85,-0.52,11.62
2024-07-01,301337,27.7,27.16,27.97,26.57,34298,92797706.0,5.08,-1.52,-0.42,8.83
2024-07-02,301337,27.31,27.63,28.68,27.17,46893,131084614.0,5.56,1.73,0.47,12.08
2024-07-03,301337,27.29,26.62,27.64,26.5,35572,95371254.0,4.13,-3.66,-1.01,9.16
2024-07-04,301337,26.56,25.45,26.68,25.3,29687,76874448.0,5.18,-4.4,-1.17,7.65
2024-07-05,301337,25.2,25.7,25.98,25.01,23265,59564929.0,3.81,0.98,0.25,5.99
2024-07-08,301337,25.6,24.77,25.7,24.6,21676,54214484.0,4.28,-3.62,-0.93,5.58
2024-07-09,301337,24.77,25.67,25.67,24.38,33445,84095530.0,5.21,3.63,0.9,8.61
2024-07-10,301337,25.64,25.51,26.1,25.25,29698,76490606.0,3.31,-0.62,-0.16,7.65
2024-07-11,301337,25.95,26.81,26.88,25.6,49736,131091785.4,5.02,5.1,1.3,12.81
2024-07-12,301337,26.52,26.2,26.98,26.12,33028,87429138.28,3.21,-2.28,-0.61,8.51
2024-07-15,301337,26.0,25.6,26.14,25.43,21362,54808283.0,2.71,-2.29,-0.6,5.5
2024-07-16,301337,25.77,26.38,26.62,25.55,36304,94778148.0,4.18,3.05,0.78,9.35
2024-07-17,301337,26.38,25.26,26.38,25.21,29480,75765146.0,4.44,-4.25,-1.12,7.59
2024-07-18,301337,24.98,24.88,25.17,24.22,25677,63137644.0,3.76,-1.5,-0.38,6.61
2024-07-19,301337,24.87,26.09,26.46,24.6,39312,101046823.0,7.48,4.86,1.21,10.13
2024-07-22,301337,28.41,26.83,29.5,26.8,66691,184699083.0,10.35,2.84,0.74,17.18
2024-07-23,301337,26.88,27.29,28.28,26.08,72340,196602330.0,8.2,1.71,0.46,18.63
2024-07-24,301337,26.66,25.75,27.05,25.68,46700,122333727.0,5.02,-5.64,-1.54,12.03
2024-07-25,301337,25.04,25.44,25.95,25.02,24759,63066613.0,3.61,-1.2,-0.31,6.38
2024-07-26,301337,25.44,25.61,25.85,25.06,25556,65145360.95,3.11,0.67,0.17,6.58
2024-07-29,301337,25.53,25.9,26.0,25.3,22926,59017271.0,2.73,1.13,0.29,5.91
2024-07-30,301337,25.8,26.08,26.21,25.61,20529,53274600.52,2.32,0.69,0.18,5.29
2024-07-31,301337,26.22,26.95,27.0,25.95,38537,102780840.0,4.03,3.34,0.87,9.93
2024-08-01,301337,26.9,26.92,27.42,26.81,33909,91769035.0,2.26,-0.11,-0.03,8.73
2024-08-02,301337,26.5,26.68,27.48,26.45,31426,84577236.0,3.83,-0.89,-0.24,8.09
2024-08-05,301337,26.43,26.08,27.28,26.01,37262,99511052.0,4.76,-2.25,-0.6,9.6
2024-08-06,301337,26.65,26.53,26.68,26.03,23419,61534668.0,2.49,1.73,0.45,6.03
2024-08-07,301337,26.99,26.58,27.33,26.51,30761,82694868.0,3.09,0.19,0.05,7.92
2024-08-08,301337,26.32,25.53,26.53,25.5,26726,68798519.0,3.88,-3.95,-1.05,6.88
2024-08-09,301337,25.78,25.2,25.79,25.17,14605,37205254.0,2.43,-1.29,-0.33,3.76
2024-08-12,301337,25.2,25.14,25.55,24.61,16704,41915310.0,3.73,-0.24,-0.06,4.3
2024-08-13,301337,25.28,25.63,25.63,24.92,16515,41743454.0,2.82,1.95,0.49,4.25
2024-08-14,301337,25.55,25.79,26.16,25.55,15079,39019147.0,2.38,0.62,0.16,3.88
2024-08-15,301337,25.61,25.7,26.16,25.28,22055,56889162.0,3.41,-0.35,-0.09,5.68
2024-08-16,301337,26.0,26.48,26.68,25.67,35151,92366290.0,3.93,3.04,0.78,9.05
2024-08-19,301337,26.3,26.08,27.37,25.88,41987,112048214.0,5.63,-1.51,-0.4,10.81
2024-08-20,301337,26.21,26.8,27.0,26.01,43775,116065493.0,3.8,2.76,0.72,11.28
2024-08-21,301337,26.37,26.26,27.15,26.01,34299,91187935.0,4.25,-2.01,-0.54,8.83
2024-08-22,301337,26.0,28.8,31.51,25.75,154801,463045500.0,21.93,9.67,2.54,39.87
2024-08-23,301337,33.61,29.77,34.56,29.68,185027,599988487.0,16.94,3.37,0.97,47.66
2024-08-26,301337,26.0,26.5,27.65,25.18,146009,384888424.0,8.3,-10.98,-3.27,37.61
2024-08-27,301337,25.4,24.28,26.28,24.22,91143,229050136.0,7.77,-8.38,-2.22,23.48
2024-08-28,301337,23.74,23.8,24.16,23.03,53239,125911714.0,4.65,-1.98,-0.48,13.71
2024-08-29,301337,23.91,24.29,24.36,23.53,46169,111097404.0,3.49,2.06,0.49,11.89
2024-08-30,301337,24.13,24.98,25.47,24.01,73192,183308977.0,6.01,2.84,0.69,18.85
2024-09-02,301337,25.31,24.62,25.88,24.54,57618,144459835.0,5.36,-1.44,-0.36,14.84
2024-09-03,301337,24.6,25.41,25.6,24.21,63741,158993969.0,5.65,3.21,0.79,16.42
2024-09-04,301337,24.87,24.71,25.41,24.64,42924,106729884.0,3.03,-2.75,-0.7,11.06
2024-09-05,301337,24.8,24.49,24.92,24.25,32719,80459774.0,2.71,-0.89,-0.22,8.43
2024-09-06,301337,24.48,24.62,24.95,23.92,49020,119513927.0,4.21,0.53,0.13,12.63
2024-09-09,301337,24.12,24.79,25.26,23.89,51517,127298994.0,5.56,0.69,0.17,13.27
2024-09-10,301337,24.61,25.43,25.5,24.19,69222,173432223.0,5.28,2.58,0.64,17.83
2024-09-11,301337,25.12,25.54,26.45,25.09,88061,226651957.0,5.35,0.43,0.11,22.68
2024-09-12,301337,25.1,26.1,26.3,25.1,78476,203137756.0,4.7,2.19,0.56,20.21
2024-09-13,301337,25.9,25.34,25.96,25.16,51868,132758677.0,3.07,-2.91,-0.76,13.36
2024-09-18,301337,25.6,26.42,27.05,25.26,81071,211660376.0,7.06,4.26,1.08,20.88
2024-09-19,301337,26.42,27.31,27.57,25.78,96818,259951772.0,6.78,3.37,0.89,24.94
2024-09-20,301337,27.0,26.44,28.96,26.41,105526,290717094.0,9.34,-3.19,-0.87,27.18
2024-09-23,301337,26.08,26.0,26.95,25.5,69556,181823285.0,5.48,-1.66,-0.44,17.92
2024-09-24,301337,25.66,26.35,26.36,24.28,88432,226377870.0,8.0,1.35,0.35,22.78
2024-09-25,301337,26.15,27.77,27.99,26.01,116395,316225017.0,7.51,5.39,1.42,29.98
2024-09-26,301337,27.13,27.78,27.99,27.11,93111,256660269.0,3.17,0.04,0.01,23.98
2024-09-27,301337,28.4,29.72,30.27,27.79,117037,340554849.0,8.93,6.98,1.94,30.15
2024-09-30,301337,30.82,35.2,35.59,30.0,137604,452902140.0,18.81,18.44,5.48,35.44
2024-10-08,301337,40.95,42.24,42.24,37.03,160093,642015783.0,14.8,20.0,7.04,41.24
2024-10-09,301337,42.0,40.0,46.36,39.5,169305,729922884.0,16.24,-5.3,-2.24,43.61
2024-10-10,301337,40.09,36.67,41.39,35.0,88145,335247365.0,15.98,-8.33,-3.33,22.7
2024-10-11,301337,36.4,35.4,37.94,33.5,72414,260978409.0,12.11,-3.46,-1.27,18.65
2024-10-14,301337,35.0,37.76,38.87,34.2,77609,282480535.0,13.19,6.67,2.36,19.99
2024-10-15,301337,36.95,35.8,38.68,35.76,77143,287669201.0,7.73,-5.19,-1.96,19.87
2024-10-16,301337,34.92,35.77,36.48,34.89,41653,149250988.0,4.44,-0.08,-0.03,10.73
2024-10-17,301337,36.2,35.68,37.25,35.68,66712,244077446.0,4.39,-0.25,-0.09,17.18
2024-10-18,301337,35.02,37.0,38.0,35.01,72257,263805075.0,8.38,3.7,1.32,18.61
2024-10-21,301337,37.5,37.7,38.28,36.51,75334,282104765.0,4.78,1.89,0.7,19.4
2024-10-22,301337,37.89,36.64,38.06,35.65,60436,223569087.0,6.39,-2.81,-1.06,15.57
2024-10-23,301337,36.7,35.67,36.99,35.47,46453,168484718.0,4.15,-2.65,-0.97,11.97
2024-10-24,301337,35.44,35.0,35.59,34.86,33378,117072526.0,2.05,-1.88,-0.67,8.6
2024-10-25,301337,34.98,35.66,35.99,34.91,30569,108612252.0,3.09,1.89,0.66,7.87
2024-10-28,301337,35.31,35.86,36.0,35.31,32947,117504548.0,1.93,0.56,0.2,8.49
2024-10-29,301337,35.88,33.35,35.94,33.33,63130,217304207.0,7.28,-7.0,-2.51,16.26
2024-10-30,301337,33.35,33.93,34.3,32.88,41770,140235372.0,4.26,1.74,0.58,10.76
2024-10-31,301337,33.93,33.63,34.14,33.31,37804,127482098.0,2.45,-0.88,-0.3,9.74
2024-11-01,301337,33.39,30.89,33.52,30.77,51365,163047095.0,8.18,-8.15,-2.74,13.23
2024-11-04,301337,30.6,31.91,31.94,30.33,25818,81104933.0,5.21,3.3,1.02,6.65
2024-11-05,301337,32.13,33.05,33.16,31.81,35861,117354782.0,4.23,3.57,1.14,9.24
2024-11-06,301337,33.0,32.89,34.09,32.66,39104,131080054.0,4.33,-0.48,-0.16,10.07
2024-11-07,301337,32.7,33.75,33.77,32.38,32530,107747083.0,4.23,2.61,0.86,8.38
2024-11-08,301337,34.01,34.1,34.62,33.75,41375,141751786.0,2.58,1.04,0.35,10.66
2024-11-11,301337,33.81,35.25,35.25,33.78,45059,156660662.0,4.31,3.37,1.15,11.61
2024-11-12,301337,36.0,36.4,37.46,35.61,86906,315600409.0,5.25,3.26,1.15,22.38
2024-11-13,301337,36.04,37.25,37.34,35.51,68289,250704227.0,5.03,2.34,0.85,17.59
2024-11-14,301337,37.03,35.01,37.24,34.98,46476,167242325.0,6.07,-6.01,-2.24,11.97
2024-11-15,301337,35.0,34.04,35.67,33.77,34287,119349837.0,5.43,-2.77,-0.97,8.83
2024-11-18,301337,33.87,31.87,34.47,31.0,33513,107959598.0,10.19,-6.37,-2.17,8.63
2024-11-19,301337,31.81,33.16,33.16,31.61,23865,76969202.0,4.86,4.05,1.29,6.15
2024-11-20,301337,32.8,34.4,34.75,32.78,30814,104433175.0,5.94,3.74,1.24,7.94
2024-11-21,301337,35.19,35.68,37.5,35.02,67253,242936680.0,7.21,3.72,1.28,17.32
2024-11-22,301337,35.15,32.85,35.79,32.7,54087,186480453.0,8.66,-7.93,-2.83,13.93
2024-11-25,301337,33.03,33.6,33.93,32.5,27951,92605249.0,4.35,2.28,0.75,7.2
2024-11-26,301337,33.38,32.4,33.85,32.31,22044,72643400.0,4.58,-3.57,-1.2,5.68
2024-11-27,301337,32.37,32.88,32.89,31.42,27307,87992716.0,4.54,1.48,0.48,7.03
2024-11-28,301337,32.89,32.47,33.37,32.3,27301,89373204.0,3.25,-1.25,-0.41,7.03
2024-11-29,301337,32.31,32.82,33.27,32.02,26864,87835305.0,3.85,1.08,0.35,6.92
2024-12-02,301337,32.83,33.45,33.46,32.62,21200,70306707.0,2.56,1.92,0.63,5.46
2024-12-03,301337,33.4,34.22,34.33,33.05,39950,135353808.0,3.83,2.3,0.77,10.29
2024-12-04,301337,33.61,33.9,34.8,33.61,32353,110454305.0,3.48,-0.94,-0.32,8.33
2024-12-05,301337,33.88,34.58,34.68,33.52,28763,98947728.0,3.42,2.01,0.68,7.41
2024-12-06,301337,34.75,34.26,34.8,33.83,28320,96965188.0,2.81,-0.93,-0.32,7.29
2024-12-09,301337,34.2,34.19,34.66,33.01,20643,70367109.0,4.82,-0.2,-0.07,5.32
2024-12-10,301337,35.23,33.9,35.29,33.86,29775,102794551.0,4.18,-0.85,-0.29,7.67
2024-12-11,301337,33.65,34.21,34.27,33.33,22331,75569334.0,2.77,0.91,0.31,5.75
2024-12-12,301337,34.2,35.19,35.28,34.03,43081,149938716.0,3.65,2.86,0.98,11.1
2024-12-13,301337,34.88,35.21,35.76,34.61,55782,197088208.0,3.27,0.06,0.02,14.37
2024-12-16,301337,36.03,36.3,38.0,35.67,120847,446766927.0,6.62,3.1,1.09,31.13
2024-12-17,301337,35.48,32.68,35.49,32.58,66129,222224130.0,8.02,-9.97,-3.62,17.03
2024-12-18,301337,32.23,32.6,33.43,31.4,38842,125706129.0,6.21,-0.24,-0.08,10.0
2024-12-19,301337,32.16,32.53,32.8,31.81,28912,93588937.0,3.04,-0.21,-0.07,7.45
2024-12-20,301337,32.52,33.06,33.76,32.35,26992,89295477.0,4.33,1.63,0.53,6.95
2024-12-23,301337,32.78,31.0,33.0,31.0,31537,100169717.0,6.05,-6.23,-2.06,8.12
2024-12-24,301337,31.33,31.36,31.5,30.25,18702,57769841.0,4.03,1.16,0.36,4.82
2024-12-25,301337,31.4,30.14,31.48,29.8,19623,59438970.0,5.36,-3.89,-1.22,5.05
2024-12-26,301337,30.17,30.45,30.76,30.09,13510,41227835.0,2.22,1.03,0.31,3.48
2024-12-27,301337,30.45,31.0,31.21,30.22,18898,58227743.0,3.25,1.81,0.55,4.87
2024-12-30,301337,30.7,30.3,30.94,30.01,14258,43477200.0,3.0,-2.26,-0.7,3.67
2024-12-31,301337,30.29,29.1,30.72,29.04,17766,52802862.0,5.54,-3.96,-1.2,4.58
2025-01-02,301337,29.12,28.34,29.76,28.02,17596,50758259.0,5.98,-2.61,-0.76,4.53
2025-01-03,301337,28.5,26.53,28.66,26.5,19383,53015171.0,7.62,-6.39,-1.81,4.99
2025-01-06,301337,26.65,26.72,27.1,25.52,14602,38736294.0,5.96,0.72,0.19,3.76
2025-01-07,301337,26.72,28.0,28.0,26.7,16961,46178182.0,4.87,4.79,1.28,4.37
2025-01-08,301337,29.05,28.4,29.93,27.28,35032,99841508.0,9.46,1.43,0.4,9.02
2025-01-09,301337,27.84,27.99,28.62,27.84,23118,65240182.0,2.75,-1.44,-0.41,5.95
2025-01-10,301337,27.88,26.78,28.38,26.78,18477,51098841.0,5.72,-4.32,-1.21,4.76
2025-01-13,301337,26.47,27.25,27.28,26.01,13473,36065052.0,4.74,1.76,0.47,3.47
2025-01-14,301337,27.45,28.49,28.49,27.1,22268,62600426.0,5.1,4.55,1.24,5.74
2025-01-15,301337,28.65,28.04,28.79,27.9,13978,39566145.0,3.12,-1.58,-0.45,3.6
2025-01-16,301337,28.05,28.07,28.65,27.75,15270,43047147.0,3.21,0.11,0.03,3.93
2025-01-17,301337,28.0,27.97,28.14,27.59,10744,29944786.0,1.96,-0.36,-0.1,2.77
2025-01-20,301337,28.12,28.14,28.39,27.73,10304,28971716.0,2.36,0.61,0.17,2.65
2025-01-21,301337,28.38,27.98,28.64,27.64,14156,39596315.0,3.55,-0.57,-0.16,3.65
2025-01-22,301337,27.64,27.81,27.97,27.46,11939,33053703.0,1.82,-0.61,-0.17,3.08
2025-01-23,301337,27.86,27.42,28.48,27.42,17768,49927853.0,3.81,-1.4,-0.39,4.58
2025-01-24,301337,27.42,28.32,28.36,27.3,20390,56999242.0,3.87,3.28,0.9,5.25
2025-01-27,301337,28.85,27.83,29.0,27.77,16222,45748862.0,4.34,-1.73,-0.49,4.18
2025-02-05,301337,28.19,29.09,29.5,28.19,22562,65027721.0,4.71,4.53,1.26,5.81
2025-02-06,301337,29.14,29.59,29.6,28.72,19067,55872570.0,3.03,1.72,0.5,4.91
2025-02-07,301337,29.64,30.02,30.98,29.41,34985,105278966.0,5.31,1.45,0.43,9.01
2025-02-10,301337,30.26,31.33,31.33,30.11,40554,125329567.0,4.06,4.36,1.31,10.45
2025-02-11,301337,31.16,30.86,31.4,30.82,28744,89462222.0,1.85,-1.5,-0.47,7.4
2025-02-12,301337,30.86,30.82,31.18,30.55,22535,69474799.0,2.04,-0.13,-0.04,5.8
2025-02-13,301337,30.79,30.34,30.79,30.17,18294,55762642.0,2.01,-1.56,-0.48,4.71
2025-02-14,301337,30.47,31.21,31.58,30.4,33710,105057184.0,3.89,2.87,0.87,8.68
2025-02-17,301337,31.62,31.39,31.98,31.07,27859,87726735.0,2.92,0.58,0.18,7.18
2025-02-18,301337,31.6,30.1,31.65,29.99,23618,72708424.0,5.29,-4.11,-1.29,6.08
2025-02-19,301337,30.55,30.7,30.76,30.02,17244,52656452.0,2.46,1.99,0.6,4.44
2025-02-20,301337,30.81,31.4,31.67,30.81,32755,102733042.0,2.8,2.28,0.7,8.44
2025-02-21,301337,31.89,31.8,31.97,30.88,36298,114588789.0,3.47,1.27,0.4,9.35
2025-02-24,301337,31.7,31.97,32.5,31.0,38277,120839421.0,4.72,0.53,0.17,9.86
2025-02-25,301337,31.27,31.75,32.18,31.07,28460,90447356.0,3.47,-0.69,-0.22,7.33
2025-02-26,301337,31.9,31.69,31.98,31.2,25500,80597911.0,2.46,-0.19,-0.06,6.57
2025-02-27,301337,31.69,31.98,32.23,31.08,36134,114429486.0,3.63,0.92,0.29,9.31
2025-02-28,301337,31.7,32.72,34.99,31.7,114134,381348743.0,10.29,2.31,0.74,29.4
2025-03-03,301337,32.02,34.38,34.56,32.02,104298,347236321.0,7.76,5.07,1.66,26.86
2025-03-04,301337,33.01,33.5,34.3,33.01,73067,245632173.0,3.75,-2.56,-0.88,18.82
2025-03-05,301337,33.48,34.66,35.0,33.45,83981,288597973.0,4.63,3.46,1.16,21.63
2025-03-06,301337,34.46,33.99,36.57,33.83,95717,334065604.0,7.91,-1.93,-0.67,24.65
2025-03-07,301337,33.0,32.38,33.27,32.04,68385,223187829.0,3.62,-4.74,-1.61,17.61
2025-03-10,301337,34.16,32.72,34.66,32.72,53717,179595715.0,5.99,1.05,0.34,13.84
2025-03-11,301337,31.95,33.06,33.49,31.95,42428,138709503.0,4.71,1.04,0.34,10.93
2025-03-12,301337,33.06,32.52,33.3,32.51,40279,132158982.0,2.39,-1.63,-0.54,10.37
2025-03-13,301337,32.15,33.1,34.27,31.67,53453,175966706.0,8.0,1.78,0.58,13.77
2025-03-14,301337,32.99,33.07,33.62,31.67,54137,175960174.0,5.89,-0.09,-0.03,13.94
2025-03-17,301337,32.81,33.75,33.9,32.57,50655,169038802.0,4.02,2.06,0.68,13.05
2025-03-18,301337,33.93,34.47,34.5,33.6,74680,254752998.0,2.67,2.13,0.72,19.24
2025-03-19,301337,34.13,33.26,34.2,33.1,38844,130930573.0,3.19,-3.51,-1.21,10.01
2025-03-20,301337,33.08,32.56,33.76,32.53,26608,88448667.0,3.7,-2.1,-0.7,6.85
2025-03-21,301337,32.03,31.37,32.43,31.33,30308,96431992.0,3.38,-3.65,-1.19,7.81
2025-03-24,301337,31.76,30.16,31.76,29.29,30080,90816827.0,7.87,-3.86,-1.21,7.75
2025-03-25,301337,30.16,29.16,30.16,29.15,19095,56397221.0,3.35,-3.32,-1.0,4.92
2025-03-26,301337,29.41,29.44,29.65,29.06,12385,36534305.0,2.02,0.96,0.28,3.19
2025-03-27,301337,29.55,29.67,30.36,28.81,19293,56868063.0,5.26,0.78,0.23,4.97
2025-03-28,301337,29.49,28.92,29.86,28.82,14018,41044647.0,3.51,-2.53,-0.75,3.61
2025-03-31,301337,28.95,28.5,28.95,28.03,13096,37261974.0,3.18,-1.45,-0.42,3.37
2025-04-01,301337,28.72,29.18,29.28,28.67,12088,35116070.0,2.14,2.39,0.68,3.11
2025-04-02,301337,29.25,29.05,29.48,28.95,9224,26943615.0,1.82,-0.45,-0.13,2.38
2025-04-03,301337,28.73,28.99,29.2,28.32,11705,33746499.0,3.03,-0.21,-0.06,3.01
2025-04-07,301337,27.3,23.19,27.56,23.19,31164,77156380.0,15.07,-20.01,-5.8,8.03
2025-04-08,301337,23.31,24.07,24.93,23.31,23710,57106732.0,6.99,3.79,0.88,6.11
2025-04-09,301337,23.6,25.28,25.55,22.26,29312,70791299.0,13.67,5.03,1.21,7.55
2025-04-10,301337,26.0,25.8,26.59,25.8,20518,53757235.0,3.13,2.06,0.52,5.28
2025-04-11,301337,26.0,25.93,26.19,25.6,13038,33904356.0,2.29,0.5,0.13,3.36
2025-04-14,301337,26.37,26.38,26.9,26.3,12533,33281343.0,2.31,1.74,0.45,3.23
2025-04-15,301337,26.42,26.34,26.65,26.0,8647,22694309.0,2.46,-0.15,-0.04,2.23
2025-04-16,301337,26.38,25.8,26.4,25.25,13823,35734057.0,4.37,-2.05,-0.54,3.56
2025-04-17,301337,25.8,25.8,26.22,25.56,9301,24210182.0,2.56,0.0,0.0,2.4
2025-04-18,301337,25.94,26.71,27.47,25.94,32808,87413975.0,5.93,3.53,0.91,8.45
2025-04-21,301337,26.25,26.43,26.51,25.85,21418,56229069.0,2.47,-1.05,-0.28,5.52
2025-04-22,301337,26.88,26.3,26.88,26.16,14128,37234002.0,2.72,-0.49,-0.13,3.64
2025-04-23,301337,26.5,26.45,26.76,26.35,13352,35404283.0,1.56,0.57,0.15,3.44
2025-04-24,301337,26.45,25.75,26.45,25.53,12093,31352618.0,3.48,-2.65,-0.7,3.11
2025-04-25,301337,26.0,25.89,26.2,25.55,9887,25586151.0,2.52,0.54,0.14,2.55
2025-04-28,301337,26.05,25.61,26.18,25.58,9323,23997251.0,2.32,-1.08,-0.28,2.4
2025-04-29,301337,25.5,25.96,26.09,25.39,9879,25626156.0,2.73,1.37,0.35,2.54
2025-04-30,301337,26.03,26.6,26.87,26.03,11377,30190568.0,3.24,2.47,0.64,2.93
2025-05-06,301337,26.98,30.15,31.15,26.67,66738,196973856.0,16.84,13.35,3.55,17.19
2025-05-07,301337,29.61,29.2,29.97,28.78,49979,146554939.0,3.95,-3.15,-0.95,12.87
2025-05-08,301337,28.92,29.24,29.45,28.72,23944,69918246.0,2.5,0.14,0.04,6.17
2025-05-09,301337,29.2,30.45,31.1,29.03,68661,208489077.0,7.08,4.14,1.21,17.69
2025-05-12,301337,30.0,30.2,30.45,29.74,43840,131738732.0,2.33,-0.82,-0.25,11.29
2025-05-13,301337,30.37,29.43,30.59,29.38,29587,87914067.0,4.01,-2.55,-0.77,7.62
2025-05-14,301337,29.7,29.3,29.7,29.05,19406,56981564.0,2.21,-0.44,-0.13,5.0
2025-05-15,301337,29.45,28.42,29.45,28.33,29042,83346471.0,3.82,-3.0,-0.88,7.48
2025-05-16,301337,28.4,29.09,30.0,28.12,30371,88570533.0,6.62,2.36,0.67,7.82
2025-05-19,301337,29.1,29.66,29.81,28.52,26007,76170649.0,4.43,1.96,0.57,6.7
2025-05-20,301337,30.2,29.77,30.2,29.41,37024,110320213.0,2.66,0.37,0.11,9.54
2025-05-21,301337,29.6,29.01,29.75,28.87,21861,63798698.0,2.96,-2.55,-0.76,5.63
2025-05-22,301337,28.8,28.67,29.27,28.45,14559,41978609.0,2.83,-1.17,-0.34,3.75
2025-05-23,301337,28.6,28.05,28.92,28.02,16527,47021116.0,3.14,-2.16,-0.62,4.26
2025-05-26,301337,28.11,28.54,28.6,28.11,11090,31551987.0,1.75,1.75,0.49,2.86
2025-05-27,301337,28.31,28.36,28.51,28.05,11202,31623904.68,1.61,-0.63,-0.18,2.89
